
================================================================================
repair_solution_compact  [2026-04-05 19:11:01]
WAREHOUSE  length=10.0  width=10.0  height=6.0  volume=600.00
  items=500  nf=250  fr=250  total_item_vol=500.00  theoretical_util=83.3%
ZONES  count=2
  Zone 0 "zone_0" [allocation]
    x=[0.00, 10.00]  y=[0.00, 10.00]  z=[0.00, 3.00]
    size=(10.00 x 10.00 x 3.00)  floor_area=100.00  volume=300.00
    assigned: 147 NF (147.00 vol) + 147 FR (147.00 vol)  load=98.0%
  Zone 1 "zone_1" [allocation]
    x=[0.00, 10.00]  y=[0.00, 10.00]  z=[3.00, 6.00]
    size=(10.00 x 10.00 x 3.00)  floor_area=100.00  volume=300.00
    assigned: 103 NF (103.00 vol) + 103 FR (103.00 vol)  load=68.7%
--- PASS A: 250 NF items ---
  PASS-A(NF) | item=   0 NF zone=0 dims=(1.00x1.00x1.00) min_z=0.000 → xyz=(0.500,0.500,0.000)
  PASS-A(NF) | item=   1 NF zone=0 dims=(1.00x1.00x1.00) min_z=0.000 → xyz=(1.500,0.500,0.000)
  PASS-A(NF) | item=   2 NF zone=0 dims=(1.00x1.00x1.00) min_z=0.000 → xyz=(2.500,0.500,0.000)
  PASS-A(NF) | item=   3 NF zone=0 dims=(1.00x1.00x1.00) min_z=0.000 → xyz=(3.500,0.500,0.000)
  PASS-A(NF) | item=   4 NF zone=0 dims=(1.00x1.00x1.00) min_z=0.000 → xyz=(4.500,0.500,0.000)
  PASS-A(NF) | item=   5 NF zone=0 dims=(1.00x1.00x1.00) min_z=0.000 → xyz=(5.500,0.500,0.000)
  PASS-A(NF) | item=   6 NF zone=0 dims=(1.00x1.00x1.00) min_z=0.000 → xyz=(6.500,0.500,0.000)
  PASS-A(NF) | item=   7 NF zone=0 dims=(1.00x1.00x1.00) min_z=0.000 → xyz=(7.500,0.500,0.000)
  PASS-A(NF) | item=   8 NF zone=0 dims=(1.00x1.00x1.00) min_z=0.000 → xyz=(8.500,0.500,0.000)
  PASS-A(NF) | item=   9 NF zone=0 dims=(1.00x1.00x1.00) min_z=0.000 → xyz=(9.500,0.500,0.000)
  PASS-A(NF) | item=  10 NF zone=0 dims=(1.00x1.00x1.00) min_z=0.000 → xyz=(0.500,1.500,0.000)
  PASS-A(NF) | item=  11 NF zone=0 dims=(1.00x1.00x1.00) min_z=0.000 → xyz=(1.500,1.500,0.000)
  PASS-A(NF) | item=  12 NF zone=0 dims=(1.00x1.00x1.00) min_z=0.000 → xyz=(2.500,1.500,0.000)
  PASS-A(NF) | item=  13 NF zone=0 dims=(1.00x1.00x1.00) min_z=0.000 → xyz=(3.500,1.500,0.000)
  PASS-A(NF) | item=  14 NF zone=0 dims=(1.00x1.00x1.00) min_z=0.000 → xyz=(4.500,1.500,0.000)
  PASS-A(NF) | item=  15 NF zone=0 dims=(1.00x1.00x1.00) min_z=0.000 → xyz=(5.500,1.500,0.000)
  PASS-A(NF) | item=  16 NF zone=0 dims=(1.00x1.00x1.00) min_z=0.000 → xyz=(6.500,1.500,0.000)
  PASS-A(NF) | item=  17 NF zone=0 dims=(1.00x1.00x1.00) min_z=0.000 → xyz=(7.500,1.500,0.000)
  PASS-A(NF) | item=  18 NF zone=0 dims=(1.00x1.00x1.00) min_z=0.000 → xyz=(8.500,1.500,0.000)
  PASS-A(NF) | item=  19 NF zone=0 dims=(1.00x1.00x1.00) min_z=0.000 → xyz=(9.500,1.500,0.000)
  PASS-A(NF) | item=  20 NF zone=0 dims=(1.00x1.00x1.00) min_z=0.000 → xyz=(0.500,2.500,0.000)
  PASS-A(NF) | item=  21 NF zone=0 dims=(1.00x1.00x1.00) min_z=0.000 → xyz=(1.500,2.500,0.000)
  PASS-A(NF) | item=  22 NF zone=0 dims=(1.00x1.00x1.00) min_z=0.000 → xyz=(2.500,2.500,0.000)
  PASS-A(NF) | item=  23 NF zone=0 dims=(1.00x1.00x1.00) min_z=0.000 → xyz=(3.500,2.500,0.000)
  PASS-A(NF) | item=  24 NF zone=0 dims=(1.00x1.00x1.00) min_z=0.000 → xyz=(4.500,2.500,0.000)
  PASS-A(NF) | item=  25 NF zone=0 dims=(1.00x1.00x1.00) min_z=0.000 → xyz=(5.500,2.500,0.000)
  PASS-A(NF) | item=  26 NF zone=0 dims=(1.00x1.00x1.00) min_z=0.000 → xyz=(6.500,2.500,0.000)
  PASS-A(NF) | item=  27 NF zone=0 dims=(1.00x1.00x1.00) min_z=0.000 → xyz=(7.500,2.500,0.000)
  PASS-A(NF) | item=  28 NF zone=0 dims=(1.00x1.00x1.00) min_z=0.000 → xyz=(8.500,2.500,0.000)
  PASS-A(NF) | item=  29 NF zone=0 dims=(1.00x1.00x1.00) min_z=0.000 → xyz=(9.500,2.500,0.000)
  PASS-A(NF) | item=  30 NF zone=0 dims=(1.00x1.00x1.00) min_z=0.000 → xyz=(0.500,3.500,0.000)
  PASS-A(NF) | item=  31 NF zone=0 dims=(1.00x1.00x1.00) min_z=0.000 → xyz=(1.500,3.500,0.000)
  PASS-A(NF) | item=  32 NF zone=0 dims=(1.00x1.00x1.00) min_z=0.000 → xyz=(2.500,3.500,0.000)
  PASS-A(NF) | item=  33 NF zone=0 dims=(1.00x1.00x1.00) min_z=0.000 → xyz=(3.500,3.500,0.000)
  PASS-A(NF) | item=  34 NF zone=0 dims=(1.00x1.00x1.00) min_z=0.000 → xyz=(4.500,3.500,0.000)
  PASS-A(NF) | item=  35 NF zone=0 dims=(1.00x1.00x1.00) min_z=0.000 → xyz=(5.500,3.500,0.000)
  PASS-A(NF) | item=  36 NF zone=0 dims=(1.00x1.00x1.00) min_z=0.000 → xyz=(6.500,3.500,0.000)
  PASS-A(NF) | item=  37 NF zone=0 dims=(1.00x1.00x1.00) min_z=0.000 → xyz=(7.500,3.500,0.000)
  PASS-A(NF) | item=  38 NF zone=0 dims=(1.00x1.00x1.00) min_z=0.000 → xyz=(8.500,3.500,0.000)
  PASS-A(NF) | item=  39 NF zone=0 dims=(1.00x1.00x1.00) min_z=0.000 → xyz=(9.500,3.500,0.000)
  PASS-A(NF) | item=  40 NF zone=0 dims=(1.00x1.00x1.00) min_z=0.000 → xyz=(0.500,4.500,0.000)
  PASS-A(NF) | item=  41 NF zone=0 dims=(1.00x1.00x1.00) min_z=0.000 → xyz=(1.500,4.500,0.000)
  PASS-A(NF) | item=  42 NF zone=0 dims=(1.00x1.00x1.00) min_z=0.000 → xyz=(2.500,4.500,0.000)
  PASS-A(NF) | item=  43 NF zone=0 dims=(1.00x1.00x1.00) min_z=0.000 → xyz=(3.500,4.500,0.000)
  PASS-A(NF) | item=  44 NF zone=0 dims=(1.00x1.00x1.00) min_z=0.000 → xyz=(4.500,4.500,0.000)
  PASS-A(NF) | item=  45 NF zone=0 dims=(1.00x1.00x1.00) min_z=0.000 → xyz=(5.500,4.500,0.000)
  PASS-A(NF) | item=  46 NF zone=0 dims=(1.00x1.00x1.00) min_z=0.000 → xyz=(6.500,4.500,0.000)
  PASS-A(NF) | item=  47 NF zone=0 dims=(1.00x1.00x1.00) min_z=0.000 → xyz=(7.500,4.500,0.000)
  PASS-A(NF) | item=  48 NF zone=0 dims=(1.00x1.00x1.00) min_z=0.000 → xyz=(8.500,4.500,0.000)
  PASS-A(NF) | item=  49 NF zone=0 dims=(1.00x1.00x1.00) min_z=0.000 → xyz=(9.500,4.500,0.000)
  PASS-A(NF) | item=  50 NF zone=0 dims=(1.00x1.00x1.00) min_z=0.000 → xyz=(0.500,5.500,0.000)
  PASS-A(NF) | item=  51 NF zone=0 dims=(1.00x1.00x1.00) min_z=0.000 → xyz=(1.500,5.500,0.000)
  PASS-A(NF) | item=  52 NF zone=0 dims=(1.00x1.00x1.00) min_z=0.000 → xyz=(2.500,5.500,0.000)
  PASS-A(NF) | item=  53 NF zone=0 dims=(1.00x1.00x1.00) min_z=0.000 → xyz=(3.500,5.500,0.000)
  PASS-A(NF) | item=  54 NF zone=0 dims=(1.00x1.00x1.00) min_z=0.000 → xyz=(4.500,5.500,0.000)
  PASS-A(NF) | item=  55 NF zone=0 dims=(1.00x1.00x1.00) min_z=0.000 → xyz=(5.500,5.500,0.000)
  PASS-A(NF) | item=  56 NF zone=0 dims=(1.00x1.00x1.00) min_z=0.000 → xyz=(6.500,5.500,0.000)
  PASS-A(NF) | item=  57 NF zone=0 dims=(1.00x1.00x1.00) min_z=0.000 → xyz=(7.500,5.500,0.000)
  PASS-A(NF) | item=  58 NF zone=0 dims=(1.00x1.00x1.00) min_z=0.000 → xyz=(8.500,5.500,0.000)
  PASS-A(NF) | item=  59 NF zone=0 dims=(1.00x1.00x1.00) min_z=0.000 → xyz=(9.500,5.500,0.000)
  PASS-A(NF) | item=  60 NF zone=0 dims=(1.00x1.00x1.00) min_z=0.000 → xyz=(0.500,6.500,0.000)
  PASS-A(NF) | item=  61 NF zone=0 dims=(1.00x1.00x1.00) min_z=0.000 → xyz=(1.500,6.500,0.000)
  PASS-A(NF) | item=  62 NF zone=0 dims=(1.00x1.00x1.00) min_z=0.000 → xyz=(2.500,6.500,0.000)
  PASS-A(NF) | item=  63 NF zone=0 dims=(1.00x1.00x1.00) min_z=0.000 → xyz=(3.500,6.500,0.000)
  PASS-A(NF) | item=  64 NF zone=0 dims=(1.00x1.00x1.00) min_z=0.000 → xyz=(4.500,6.500,0.000)
  PASS-A(NF) | item=  65 NF zone=0 dims=(1.00x1.00x1.00) min_z=0.000 → xyz=(5.500,6.500,0.000)
  PASS-A(NF) | item=  66 NF zone=0 dims=(1.00x1.00x1.00) min_z=0.000 → xyz=(6.500,6.500,0.000)
  PASS-A(NF) | item=  67 NF zone=0 dims=(1.00x1.00x1.00) min_z=0.000 → xyz=(7.500,6.500,0.000)
  PASS-A(NF) | item=  68 NF zone=0 dims=(1.00x1.00x1.00) min_z=0.000 → xyz=(8.500,6.500,0.000)
  PASS-A(NF) | item=  69 NF zone=0 dims=(1.00x1.00x1.00) min_z=0.000 → xyz=(9.500,6.500,0.000)
  PASS-A(NF) | item=  70 NF zone=0 dims=(1.00x1.00x1.00) min_z=0.000 → xyz=(0.500,7.500,0.000)
  PASS-A(NF) | item=  71 NF zone=0 dims=(1.00x1.00x1.00) min_z=0.000 → xyz=(1.500,7.500,0.000)
  PASS-A(NF) | item=  72 NF zone=0 dims=(1.00x1.00x1.00) min_z=0.000 → xyz=(2.500,7.500,0.000)
  PASS-A(NF) | item=  73 NF zone=0 dims=(1.00x1.00x1.00) min_z=0.000 → xyz=(3.500,7.500,0.000)
  PASS-A(NF) | item=  74 NF zone=0 dims=(1.00x1.00x1.00) min_z=0.000 → xyz=(4.500,7.500,0.000)
  PASS-A(NF) | item=  75 NF zone=0 dims=(1.00x1.00x1.00) min_z=0.000 → xyz=(5.500,7.500,0.000)
  PASS-A(NF) | item=  76 NF zone=0 dims=(1.00x1.00x1.00) min_z=0.000 → xyz=(6.500,7.500,0.000)
  PASS-A(NF) | item=  77 NF zone=0 dims=(1.00x1.00x1.00) min_z=0.000 → xyz=(7.500,7.500,0.000)
  PASS-A(NF) | item=  78 NF zone=0 dims=(1.00x1.00x1.00) min_z=0.000 → xyz=(8.500,7.500,0.000)
  PASS-A(NF) | item=  79 NF zone=0 dims=(1.00x1.00x1.00) min_z=0.000 → xyz=(9.500,7.500,0.000)
  PASS-A(NF) | item=  80 NF zone=0 dims=(1.00x1.00x1.00) min_z=0.000 → xyz=(0.500,8.500,0.000)
  PASS-A(NF) | item=  81 NF zone=0 dims=(1.00x1.00x1.00) min_z=0.000 → xyz=(1.500,8.500,0.000)
  PASS-A(NF) | item=  82 NF zone=0 dims=(1.00x1.00x1.00) min_z=0.000 → xyz=(2.500,8.500,0.000)
  PASS-A(NF) | item=  83 NF zone=0 dims=(1.00x1.00x1.00) min_z=0.000 → xyz=(3.500,8.500,0.000)
  PASS-A(NF) | item=  84 NF zone=0 dims=(1.00x1.00x1.00) min_z=0.000 → xyz=(4.500,8.500,0.000)
  PASS-A(NF) | item=  85 NF zone=0 dims=(1.00x1.00x1.00) min_z=0.000 → xyz=(5.500,8.500,0.000)
  PASS-A(NF) | item=  86 NF zone=0 dims=(1.00x1.00x1.00) min_z=0.000 → xyz=(6.500,8.500,0.000)
  PASS-A(NF) | item=  87 NF zone=0 dims=(1.00x1.00x1.00) min_z=0.000 → xyz=(7.500,8.500,0.000)
  PASS-A(NF) | item=  88 NF zone=0 dims=(1.00x1.00x1.00) min_z=0.000 → xyz=(8.500,8.500,0.000)
  PASS-A(NF) | item=  89 NF zone=0 dims=(1.00x1.00x1.00) min_z=0.000 → xyz=(9.500,8.500,0.000)
  PASS-A(NF) | item=  90 NF zone=0 dims=(1.00x1.00x1.00) min_z=0.000 → xyz=(0.500,9.500,0.000)
  PASS-A(NF) | item=  91 NF zone=0 dims=(1.00x1.00x1.00) min_z=0.000 → xyz=(1.500,9.500,0.000)
  PASS-A(NF) | item=  92 NF zone=0 dims=(1.00x1.00x1.00) min_z=0.000 → xyz=(2.500,9.500,0.000)
  PASS-A(NF) | item=  93 NF zone=0 dims=(1.00x1.00x1.00) min_z=0.000 → xyz=(3.500,9.500,0.000)
  PASS-A(NF) | item=  94 NF zone=0 dims=(1.00x1.00x1.00) min_z=0.000 → xyz=(4.500,9.500,0.000)
  PASS-A(NF) | item=  95 NF zone=0 dims=(1.00x1.00x1.00) min_z=0.000 → xyz=(5.500,9.500,0.000)
  PASS-A(NF) | item=  96 NF zone=0 dims=(1.00x1.00x1.00) min_z=0.000 → xyz=(6.500,9.500,0.000)
  PASS-A(NF) | item=  97 NF zone=0 dims=(1.00x1.00x1.00) min_z=0.000 → xyz=(7.500,9.500,0.000)
  PASS-A(NF) | item=  98 NF zone=0 dims=(1.00x1.00x1.00) min_z=0.000 → xyz=(8.500,9.500,0.000)
  PASS-A(NF) | item=  99 NF zone=0 dims=(1.00x1.00x1.00) min_z=0.000 → xyz=(9.500,9.500,0.000)
  PASS-A(NF) | item= 100 NF zone=0 dims=(1.00x1.00x1.00) min_z=0.000 → xyz=(0.500,0.500,1.000)
  PASS-A(NF) | item= 101 NF zone=0 dims=(1.00x1.00x1.00) min_z=0.000 → xyz=(1.500,0.500,1.000)
  PASS-A(NF) | item= 102 NF zone=0 dims=(1.00x1.00x1.00) min_z=0.000 → xyz=(2.500,0.500,1.000)
  PASS-A(NF) | item= 103 NF zone=0 dims=(1.00x1.00x1.00) min_z=0.000 → xyz=(3.500,0.500,1.000)
  PASS-A(NF) | item= 104 NF zone=0 dims=(1.00x1.00x1.00) min_z=0.000 → xyz=(4.500,0.500,1.000)
  PASS-A(NF) | item= 105 NF zone=0 dims=(1.00x1.00x1.00) min_z=0.000 → xyz=(5.500,0.500,1.000)
  PASS-A(NF) | item= 106 NF zone=0 dims=(1.00x1.00x1.00) min_z=0.000 → xyz=(6.500,0.500,1.000)
  PASS-A(NF) | item= 107 NF zone=0 dims=(1.00x1.00x1.00) min_z=0.000 → xyz=(7.500,0.500,1.000)
  PASS-A(NF) | item= 108 NF zone=0 dims=(1.00x1.00x1.00) min_z=0.000 → xyz=(8.500,0.500,1.000)
  PASS-A(NF) | item= 109 NF zone=0 dims=(1.00x1.00x1.00) min_z=0.000 → xyz=(9.500,0.500,1.000)
  PASS-A(NF) | item= 110 NF zone=0 dims=(1.00x1.00x1.00) min_z=0.000 → xyz=(0.500,1.500,1.000)
  PASS-A(NF) | item= 111 NF zone=0 dims=(1.00x1.00x1.00) min_z=0.000 → xyz=(1.500,1.500,1.000)
  PASS-A(NF) | item= 112 NF zone=0 dims=(1.00x1.00x1.00) min_z=0.000 → xyz=(2.500,1.500,1.000)
  PASS-A(NF) | item= 113 NF zone=0 dims=(1.00x1.00x1.00) min_z=0.000 → xyz=(3.500,1.500,1.000)
  PASS-A(NF) | item= 114 NF zone=0 dims=(1.00x1.00x1.00) min_z=0.000 → xyz=(4.500,1.500,1.000)
  PASS-A(NF) | item= 115 NF zone=0 dims=(1.00x1.00x1.00) min_z=0.000 → xyz=(5.500,1.500,1.000)
  PASS-A(NF) | item= 116 NF zone=0 dims=(1.00x1.00x1.00) min_z=0.000 → xyz=(6.500,1.500,1.000)
  PASS-A(NF) | item= 117 NF zone=0 dims=(1.00x1.00x1.00) min_z=0.000 → xyz=(7.500,1.500,1.000)
  PASS-A(NF) | item= 118 NF zone=0 dims=(1.00x1.00x1.00) min_z=0.000 → xyz=(8.500,1.500,1.000)
  PASS-A(NF) | item= 119 NF zone=0 dims=(1.00x1.00x1.00) min_z=0.000 → xyz=(9.500,1.500,1.000)
  PASS-A(NF) | item= 120 NF zone=0 dims=(1.00x1.00x1.00) min_z=0.000 → xyz=(0.500,2.500,1.000)
  PASS-A(NF) | item= 121 NF zone=0 dims=(1.00x1.00x1.00) min_z=0.000 → xyz=(1.500,2.500,1.000)
  PASS-A(NF) | item= 122 NF zone=0 dims=(1.00x1.00x1.00) min_z=0.000 → xyz=(2.500,2.500,1.000)
  PASS-A(NF) | item= 123 NF zone=0 dims=(1.00x1.00x1.00) min_z=0.000 → xyz=(3.500,2.500,1.000)
  PASS-A(NF) | item= 124 NF zone=0 dims=(1.00x1.00x1.00) min_z=0.000 → xyz=(4.500,2.500,1.000)
  PASS-A(NF) | item= 125 NF zone=0 dims=(1.00x1.00x1.00) min_z=0.000 → xyz=(5.500,2.500,1.000)
  PASS-A(NF) | item= 126 NF zone=0 dims=(1.00x1.00x1.00) min_z=0.000 → xyz=(6.500,2.500,1.000)
  PASS-A(NF) | item= 127 NF zone=0 dims=(1.00x1.00x1.00) min_z=0.000 → xyz=(7.500,2.500,1.000)
  PASS-A(NF) | item= 128 NF zone=0 dims=(1.00x1.00x1.00) min_z=0.000 → xyz=(8.500,2.500,1.000)
  PASS-A(NF) | item= 129 NF zone=0 dims=(1.00x1.00x1.00) min_z=0.000 → xyz=(9.500,2.500,1.000)
  PASS-A(NF) | item= 130 NF zone=0 dims=(1.00x1.00x1.00) min_z=0.000 → xyz=(0.500,3.500,1.000)
  PASS-A(NF) | item= 131 NF zone=0 dims=(1.00x1.00x1.00) min_z=0.000 → xyz=(1.500,3.500,1.000)
  PASS-A(NF) | item= 132 NF zone=0 dims=(1.00x1.00x1.00) min_z=0.000 → xyz=(2.500,3.500,1.000)
  PASS-A(NF) | item= 133 NF zone=0 dims=(1.00x1.00x1.00) min_z=0.000 → xyz=(3.500,3.500,1.000)
  PASS-A(NF) | item= 134 NF zone=0 dims=(1.00x1.00x1.00) min_z=0.000 → xyz=(4.500,3.500,1.000)
  PASS-A(NF) | item= 135 NF zone=0 dims=(1.00x1.00x1.00) min_z=0.000 → xyz=(5.500,3.500,1.000)
  PASS-A(NF) | item= 136 NF zone=0 dims=(1.00x1.00x1.00) min_z=0.000 → xyz=(6.500,3.500,1.000)
  PASS-A(NF) | item= 137 NF zone=0 dims=(1.00x1.00x1.00) min_z=0.000 → xyz=(7.500,3.500,1.000)
  PASS-A(NF) | item= 138 NF zone=0 dims=(1.00x1.00x1.00) min_z=0.000 → xyz=(8.500,3.500,1.000)
  PASS-A(NF) | item= 139 NF zone=0 dims=(1.00x1.00x1.00) min_z=0.000 → xyz=(9.500,3.500,1.000)
  PASS-A(NF) | item= 140 NF zone=0 dims=(1.00x1.00x1.00) min_z=0.000 → xyz=(0.500,4.500,1.000)
  PASS-A(NF) | item= 141 NF zone=0 dims=(1.00x1.00x1.00) min_z=0.000 → xyz=(1.500,4.500,1.000)
  PASS-A(NF) | item= 142 NF zone=0 dims=(1.00x1.00x1.00) min_z=0.000 → xyz=(2.500,4.500,1.000)
  PASS-A(NF) | item= 143 NF zone=0 dims=(1.00x1.00x1.00) min_z=0.000 → xyz=(3.500,4.500,1.000)
  PASS-A(NF) | item= 144 NF zone=0 dims=(1.00x1.00x1.00) min_z=0.000 → xyz=(4.500,4.500,1.000)
  PASS-A(NF) | item= 145 NF zone=0 dims=(1.00x1.00x1.00) min_z=0.000 → xyz=(5.500,4.500,1.000)
  PASS-A(NF) | item= 146 NF zone=0 dims=(1.00x1.00x1.00) min_z=0.000 → xyz=(6.500,4.500,1.000)
  PASS-A(NF) | item= 147 NF zone=1 dims=(1.00x1.00x1.00) min_z=0.000 → xyz=(0.500,0.500,3.000)
  PASS-A(NF) | item= 148 NF zone=1 dims=(1.00x1.00x1.00) min_z=0.000 → xyz=(1.500,0.500,3.000)
  PASS-A(NF) | item= 149 NF zone=1 dims=(1.00x1.00x1.00) min_z=0.000 → xyz=(2.500,0.500,3.000)
  PASS-A(NF) | item= 150 NF zone=1 dims=(1.00x1.00x1.00) min_z=0.000 → xyz=(3.500,0.500,3.000)
  PASS-A(NF) | item= 151 NF zone=1 dims=(1.00x1.00x1.00) min_z=0.000 → xyz=(4.500,0.500,3.000)
  PASS-A(NF) | item= 152 NF zone=1 dims=(1.00x1.00x1.00) min_z=0.000 → xyz=(5.500,0.500,3.000)
  PASS-A(NF) | item= 153 NF zone=1 dims=(1.00x1.00x1.00) min_z=0.000 → xyz=(6.500,0.500,3.000)
  PASS-A(NF) | item= 154 NF zone=1 dims=(1.00x1.00x1.00) min_z=0.000 → xyz=(7.500,0.500,3.000)
  PASS-A(NF) | item= 155 NF zone=1 dims=(1.00x1.00x1.00) min_z=0.000 → xyz=(8.500,0.500,3.000)
  PASS-A(NF) | item= 156 NF zone=1 dims=(1.00x1.00x1.00) min_z=0.000 → xyz=(9.500,0.500,3.000)
  PASS-A(NF) | item= 157 NF zone=1 dims=(1.00x1.00x1.00) min_z=0.000 → xyz=(0.500,1.500,3.000)
  PASS-A(NF) | item= 158 NF zone=1 dims=(1.00x1.00x1.00) min_z=0.000 → xyz=(1.500,1.500,3.000)
  PASS-A(NF) | item= 159 NF zone=1 dims=(1.00x1.00x1.00) min_z=0.000 → xyz=(2.500,1.500,3.000)
  PASS-A(NF) | item= 160 NF zone=1 dims=(1.00x1.00x1.00) min_z=0.000 → xyz=(3.500,1.500,3.000)
  PASS-A(NF) | item= 161 NF zone=1 dims=(1.00x1.00x1.00) min_z=0.000 → xyz=(4.500,1.500,3.000)
  PASS-A(NF) | item= 162 NF zone=1 dims=(1.00x1.00x1.00) min_z=0.000 → xyz=(5.500,1.500,3.000)
  PASS-A(NF) | item= 163 NF zone=1 dims=(1.00x1.00x1.00) min_z=0.000 → xyz=(6.500,1.500,3.000)
  PASS-A(NF) | item= 164 NF zone=1 dims=(1.00x1.00x1.00) min_z=0.000 → xyz=(7.500,1.500,3.000)
  PASS-A(NF) | item= 165 NF zone=1 dims=(1.00x1.00x1.00) min_z=0.000 → xyz=(8.500,1.500,3.000)
  PASS-A(NF) | item= 166 NF zone=1 dims=(1.00x1.00x1.00) min_z=0.000 → xyz=(9.500,1.500,3.000)
  PASS-A(NF) | item= 167 NF zone=1 dims=(1.00x1.00x1.00) min_z=0.000 → xyz=(0.500,2.500,3.000)
  PASS-A(NF) | item= 168 NF zone=1 dims=(1.00x1.00x1.00) min_z=0.000 → xyz=(1.500,2.500,3.000)
  PASS-A(NF) | item= 169 NF zone=1 dims=(1.00x1.00x1.00) min_z=0.000 → xyz=(2.500,2.500,3.000)
  PASS-A(NF) | item= 170 NF zone=1 dims=(1.00x1.00x1.00) min_z=0.000 → xyz=(3.500,2.500,3.000)
  PASS-A(NF) | item= 171 NF zone=1 dims=(1.00x1.00x1.00) min_z=0.000 → xyz=(4.500,2.500,3.000)
  PASS-A(NF) | item= 172 NF zone=1 dims=(1.00x1.00x1.00) min_z=0.000 → xyz=(5.500,2.500,3.000)
  PASS-A(NF) | item= 173 NF zone=1 dims=(1.00x1.00x1.00) min_z=0.000 → xyz=(6.500,2.500,3.000)
  PASS-A(NF) | item= 174 NF zone=1 dims=(1.00x1.00x1.00) min_z=0.000 → xyz=(7.500,2.500,3.000)
  PASS-A(NF) | item= 175 NF zone=1 dims=(1.00x1.00x1.00) min_z=0.000 → xyz=(8.500,2.500,3.000)
  PASS-A(NF) | item= 176 NF zone=1 dims=(1.00x1.00x1.00) min_z=0.000 → xyz=(9.500,2.500,3.000)
  PASS-A(NF) | item= 177 NF zone=1 dims=(1.00x1.00x1.00) min_z=0.000 → xyz=(0.500,3.500,3.000)
  PASS-A(NF) | item= 178 NF zone=1 dims=(1.00x1.00x1.00) min_z=0.000 → xyz=(1.500,3.500,3.000)
  PASS-A(NF) | item= 179 NF zone=1 dims=(1.00x1.00x1.00) min_z=0.000 → xyz=(2.500,3.500,3.000)
  PASS-A(NF) | item= 180 NF zone=1 dims=(1.00x1.00x1.00) min_z=0.000 → xyz=(3.500,3.500,3.000)
  PASS-A(NF) | item= 181 NF zone=1 dims=(1.00x1.00x1.00) min_z=0.000 → xyz=(4.500,3.500,3.000)
  PASS-A(NF) | item= 182 NF zone=1 dims=(1.00x1.00x1.00) min_z=0.000 → xyz=(5.500,3.500,3.000)
  PASS-A(NF) | item= 183 NF zone=1 dims=(1.00x1.00x1.00) min_z=0.000 → xyz=(6.500,3.500,3.000)
  PASS-A(NF) | item= 184 NF zone=1 dims=(1.00x1.00x1.00) min_z=0.000 → xyz=(7.500,3.500,3.000)
  PASS-A(NF) | item= 185 NF zone=1 dims=(1.00x1.00x1.00) min_z=0.000 → xyz=(8.500,3.500,3.000)
  PASS-A(NF) | item= 186 NF zone=1 dims=(1.00x1.00x1.00) min_z=0.000 → xyz=(9.500,3.500,3.000)
  PASS-A(NF) | item= 187 NF zone=1 dims=(1.00x1.00x1.00) min_z=0.000 → xyz=(0.500,4.500,3.000)
  PASS-A(NF) | item= 188 NF zone=1 dims=(1.00x1.00x1.00) min_z=0.000 → xyz=(1.500,4.500,3.000)
  PASS-A(NF) | item= 189 NF zone=1 dims=(1.00x1.00x1.00) min_z=0.000 → xyz=(2.500,4.500,3.000)
  PASS-A(NF) | item= 190 NF zone=1 dims=(1.00x1.00x1.00) min_z=0.000 → xyz=(3.500,4.500,3.000)
  PASS-A(NF) | item= 191 NF zone=1 dims=(1.00x1.00x1.00) min_z=0.000 → xyz=(4.500,4.500,3.000)
  PASS-A(NF) | item= 192 NF zone=1 dims=(1.00x1.00x1.00) min_z=0.000 → xyz=(5.500,4.500,3.000)
  PASS-A(NF) | item= 193 NF zone=1 dims=(1.00x1.00x1.00) min_z=0.000 → xyz=(6.500,4.500,3.000)
  PASS-A(NF) | item= 194 NF zone=1 dims=(1.00x1.00x1.00) min_z=0.000 → xyz=(7.500,4.500,3.000)
  PASS-A(NF) | item= 195 NF zone=1 dims=(1.00x1.00x1.00) min_z=0.000 → xyz=(8.500,4.500,3.000)
  PASS-A(NF) | item= 196 NF zone=1 dims=(1.00x1.00x1.00) min_z=0.000 → xyz=(9.500,4.500,3.000)
  PASS-A(NF) | item= 197 NF zone=1 dims=(1.00x1.00x1.00) min_z=0.000 → xyz=(0.500,5.500,3.000)
  PASS-A(NF) | item= 198 NF zone=1 dims=(1.00x1.00x1.00) min_z=0.000 → xyz=(1.500,5.500,3.000)
  PASS-A(NF) | item= 199 NF zone=1 dims=(1.00x1.00x1.00) min_z=0.000 → xyz=(2.500,5.500,3.000)
  PASS-A(NF) | item= 200 NF zone=1 dims=(1.00x1.00x1.00) min_z=0.000 → xyz=(3.500,5.500,3.000)
  PASS-A(NF) | item= 201 NF zone=1 dims=(1.00x1.00x1.00) min_z=0.000 → xyz=(4.500,5.500,3.000)
  PASS-A(NF) | item= 202 NF zone=1 dims=(1.00x1.00x1.00) min_z=0.000 → xyz=(5.500,5.500,3.000)
  PASS-A(NF) | item= 203 NF zone=1 dims=(1.00x1.00x1.00) min_z=0.000 → xyz=(6.500,5.500,3.000)
  PASS-A(NF) | item= 204 NF zone=1 dims=(1.00x1.00x1.00) min_z=0.000 → xyz=(7.500,5.500,3.000)
  PASS-A(NF) | item= 205 NF zone=1 dims=(1.00x1.00x1.00) min_z=0.000 → xyz=(8.500,5.500,3.000)
  PASS-A(NF) | item= 206 NF zone=1 dims=(1.00x1.00x1.00) min_z=0.000 → xyz=(9.500,5.500,3.000)
  PASS-A(NF) | item= 207 NF zone=1 dims=(1.00x1.00x1.00) min_z=0.000 → xyz=(0.500,6.500,3.000)
  PASS-A(NF) | item= 208 NF zone=1 dims=(1.00x1.00x1.00) min_z=0.000 → xyz=(1.500,6.500,3.000)
  PASS-A(NF) | item= 209 NF zone=1 dims=(1.00x1.00x1.00) min_z=0.000 → xyz=(2.500,6.500,3.000)
  PASS-A(NF) | item= 210 NF zone=1 dims=(1.00x1.00x1.00) min_z=0.000 → xyz=(3.500,6.500,3.000)
  PASS-A(NF) | item= 211 NF zone=1 dims=(1.00x1.00x1.00) min_z=0.000 → xyz=(4.500,6.500,3.000)
  PASS-A(NF) | item= 212 NF zone=1 dims=(1.00x1.00x1.00) min_z=0.000 → xyz=(5.500,6.500,3.000)
  PASS-A(NF) | item= 213 NF zone=1 dims=(1.00x1.00x1.00) min_z=0.000 → xyz=(6.500,6.500,3.000)
  PASS-A(NF) | item= 214 NF zone=1 dims=(1.00x1.00x1.00) min_z=0.000 → xyz=(7.500,6.500,3.000)
  PASS-A(NF) | item= 215 NF zone=1 dims=(1.00x1.00x1.00) min_z=0.000 → xyz=(8.500,6.500,3.000)
  PASS-A(NF) | item= 216 NF zone=1 dims=(1.00x1.00x1.00) min_z=0.000 → xyz=(9.500,6.500,3.000)
  PASS-A(NF) | item= 217 NF zone=1 dims=(1.00x1.00x1.00) min_z=0.000 → xyz=(0.500,7.500,3.000)
  PASS-A(NF) | item= 218 NF zone=1 dims=(1.00x1.00x1.00) min_z=0.000 → xyz=(1.500,7.500,3.000)
  PASS-A(NF) | item= 219 NF zone=1 dims=(1.00x1.00x1.00) min_z=0.000 → xyz=(2.500,7.500,3.000)
  PASS-A(NF) | item= 220 NF zone=1 dims=(1.00x1.00x1.00) min_z=0.000 → xyz=(3.500,7.500,3.000)
  PASS-A(NF) | item= 221 NF zone=1 dims=(1.00x1.00x1.00) min_z=0.000 → xyz=(4.500,7.500,3.000)
  PASS-A(NF) | item= 222 NF zone=1 dims=(1.00x1.00x1.00) min_z=0.000 → xyz=(5.500,7.500,3.000)
  PASS-A(NF) | item= 223 NF zone=1 dims=(1.00x1.00x1.00) min_z=0.000 → xyz=(6.500,7.500,3.000)
  PASS-A(NF) | item= 224 NF zone=1 dims=(1.00x1.00x1.00) min_z=0.000 → xyz=(7.500,7.500,3.000)
  PASS-A(NF) | item= 225 NF zone=1 dims=(1.00x1.00x1.00) min_z=0.000 → xyz=(8.500,7.500,3.000)
  PASS-A(NF) | item= 226 NF zone=1 dims=(1.00x1.00x1.00) min_z=0.000 → xyz=(9.500,7.500,3.000)
  PASS-A(NF) | item= 227 NF zone=1 dims=(1.00x1.00x1.00) min_z=0.000 → xyz=(0.500,8.500,3.000)
  PASS-A(NF) | item= 228 NF zone=1 dims=(1.00x1.00x1.00) min_z=0.000 → xyz=(1.500,8.500,3.000)
  PASS-A(NF) | item= 229 NF zone=1 dims=(1.00x1.00x1.00) min_z=0.000 → xyz=(2.500,8.500,3.000)
  PASS-A(NF) | item= 230 NF zone=1 dims=(1.00x1.00x1.00) min_z=0.000 → xyz=(3.500,8.500,3.000)
  PASS-A(NF) | item= 231 NF zone=1 dims=(1.00x1.00x1.00) min_z=0.000 → xyz=(4.500,8.500,3.000)
  PASS-A(NF) | item= 232 NF zone=1 dims=(1.00x1.00x1.00) min_z=0.000 → xyz=(5.500,8.500,3.000)
  PASS-A(NF) | item= 233 NF zone=1 dims=(1.00x1.00x1.00) min_z=0.000 → xyz=(6.500,8.500,3.000)
  PASS-A(NF) | item= 234 NF zone=1 dims=(1.00x1.00x1.00) min_z=0.000 → xyz=(7.500,8.500,3.000)
  PASS-A(NF) | item= 235 NF zone=1 dims=(1.00x1.00x1.00) min_z=0.000 → xyz=(8.500,8.500,3.000)
  PASS-A(NF) | item= 236 NF zone=1 dims=(1.00x1.00x1.00) min_z=0.000 → xyz=(9.500,8.500,3.000)
  PASS-A(NF) | item= 237 NF zone=1 dims=(1.00x1.00x1.00) min_z=0.000 → xyz=(0.500,9.500,3.000)
  PASS-A(NF) | item= 238 NF zone=1 dims=(1.00x1.00x1.00) min_z=0.000 → xyz=(1.500,9.500,3.000)
  PASS-A(NF) | item= 239 NF zone=1 dims=(1.00x1.00x1.00) min_z=0.000 → xyz=(2.500,9.500,3.000)
  PASS-A(NF) | item= 240 NF zone=1 dims=(1.00x1.00x1.00) min_z=0.000 → xyz=(3.500,9.500,3.000)
  PASS-A(NF) | item= 241 NF zone=1 dims=(1.00x1.00x1.00) min_z=0.000 → xyz=(4.500,9.500,3.000)
  PASS-A(NF) | item= 242 NF zone=1 dims=(1.00x1.00x1.00) min_z=0.000 → xyz=(5.500,9.500,3.000)
  PASS-A(NF) | item= 243 NF zone=1 dims=(1.00x1.00x1.00) min_z=0.000 → xyz=(6.500,9.500,3.000)
  PASS-A(NF) | item= 244 NF zone=1 dims=(1.00x1.00x1.00) min_z=0.000 → xyz=(7.500,9.500,3.000)
  PASS-A(NF) | item= 245 NF zone=1 dims=(1.00x1.00x1.00) min_z=0.000 → xyz=(8.500,9.500,3.000)
  PASS-A(NF) | item= 246 NF zone=1 dims=(1.00x1.00x1.00) min_z=0.000 → xyz=(9.500,9.500,3.000)
  PASS-A(NF) | item= 247 NF zone=1 dims=(1.00x1.00x1.00) min_z=0.000 → xyz=(0.500,0.500,4.000)
  PASS-A(NF) | item= 248 NF zone=1 dims=(1.00x1.00x1.00) min_z=0.000 → xyz=(1.500,0.500,4.000)
  PASS-A(NF) | item= 249 NF zone=1 dims=(1.00x1.00x1.00) min_z=0.000 → xyz=(2.500,0.500,4.000)
--- PASS B: NF top-Z per zone: {0: np.float64(2.0), 1: np.float64(5.0)} ---
--- PASS C: 250 Fragile items ---
  PASS-C(FR) | item= 250 FR zone=0 dims=(1.00x1.00x1.00) min_z=0.000 → xyz=(7.500,4.500,1.000)
  PASS-C(FR) | item= 251 FR zone=0 dims=(1.00x1.00x1.00) min_z=0.000 → xyz=(8.500,4.500,1.000)
  PASS-C(FR) | item= 252 FR zone=0 dims=(1.00x1.00x1.00) min_z=0.000 → xyz=(9.500,4.500,1.000)
  PASS-C(FR) | item= 253 FR zone=0 dims=(1.00x1.00x1.00) min_z=0.000 → xyz=(0.500,5.500,1.000)
  PASS-C(FR) | item= 254 FR zone=0 dims=(1.00x1.00x1.00) min_z=0.000 → xyz=(1.500,5.500,1.000)
  PASS-C(FR) | item= 255 FR zone=0 dims=(1.00x1.00x1.00) min_z=0.000 → xyz=(2.500,5.500,1.000)
  PASS-C(FR) | item= 256 FR zone=0 dims=(1.00x1.00x1.00) min_z=0.000 → xyz=(3.500,5.500,1.000)
  PASS-C(FR) | item= 257 FR zone=0 dims=(1.00x1.00x1.00) min_z=0.000 → xyz=(4.500,5.500,1.000)
  PASS-C(FR) | item= 258 FR zone=0 dims=(1.00x1.00x1.00) min_z=0.000 → xyz=(5.500,5.500,1.000)
  PASS-C(FR) | item= 259 FR zone=0 dims=(1.00x1.00x1.00) min_z=0.000 → xyz=(6.500,5.500,1.000)
  PASS-C(FR) | item= 260 FR zone=0 dims=(1.00x1.00x1.00) min_z=0.000 → xyz=(7.500,5.500,1.000)
  PASS-C(FR) | item= 261 FR zone=0 dims=(1.00x1.00x1.00) min_z=0.000 → xyz=(8.500,5.500,1.000)
  PASS-C(FR) | item= 262 FR zone=0 dims=(1.00x1.00x1.00) min_z=0.000 → xyz=(9.500,5.500,1.000)
  PASS-C(FR) | item= 263 FR zone=0 dims=(1.00x1.00x1.00) min_z=0.000 → xyz=(0.500,6.500,1.000)
  PASS-C(FR) | item= 264 FR zone=0 dims=(1.00x1.00x1.00) min_z=0.000 → xyz=(1.500,6.500,1.000)
  PASS-C(FR) | item= 265 FR zone=0 dims=(1.00x1.00x1.00) min_z=0.000 → xyz=(2.500,6.500,1.000)
  PASS-C(FR) | item= 266 FR zone=0 dims=(1.00x1.00x1.00) min_z=0.000 → xyz=(3.500,6.500,1.000)
  PASS-C(FR) | item= 267 FR zone=0 dims=(1.00x1.00x1.00) min_z=0.000 → xyz=(4.500,6.500,1.000)
  PASS-C(FR) | item= 268 FR zone=0 dims=(1.00x1.00x1.00) min_z=0.000 → xyz=(5.500,6.500,1.000)
  PASS-C(FR) | item= 269 FR zone=0 dims=(1.00x1.00x1.00) min_z=0.000 → xyz=(6.500,6.500,1.000)
  PASS-C(FR) | item= 270 FR zone=0 dims=(1.00x1.00x1.00) min_z=0.000 → xyz=(7.500,6.500,1.000)
  PASS-C(FR) | item= 271 FR zone=0 dims=(1.00x1.00x1.00) min_z=0.000 → xyz=(8.500,6.500,1.000)
  PASS-C(FR) | item= 272 FR zone=0 dims=(1.00x1.00x1.00) min_z=0.000 → xyz=(9.500,6.500,1.000)
  PASS-C(FR) | item= 273 FR zone=0 dims=(1.00x1.00x1.00) min_z=0.000 → xyz=(0.500,7.500,1.000)
  PASS-C(FR) | item= 274 FR zone=0 dims=(1.00x1.00x1.00) min_z=0.000 → xyz=(1.500,7.500,1.000)
  PASS-C(FR) | item= 275 FR zone=0 dims=(1.00x1.00x1.00) min_z=0.000 → xyz=(2.500,7.500,1.000)
  PASS-C(FR) | item= 276 FR zone=0 dims=(1.00x1.00x1.00) min_z=0.000 → xyz=(3.500,7.500,1.000)
  PASS-C(FR) | item= 277 FR zone=0 dims=(1.00x1.00x1.00) min_z=0.000 → xyz=(4.500,7.500,1.000)
  PASS-C(FR) | item= 278 FR zone=0 dims=(1.00x1.00x1.00) min_z=0.000 → xyz=(5.500,7.500,1.000)
  PASS-C(FR) | item= 279 FR zone=0 dims=(1.00x1.00x1.00) min_z=0.000 → xyz=(6.500,7.500,1.000)
  PASS-C(FR) | item= 280 FR zone=0 dims=(1.00x1.00x1.00) min_z=0.000 → xyz=(7.500,7.500,1.000)
  PASS-C(FR) | item= 281 FR zone=0 dims=(1.00x1.00x1.00) min_z=0.000 → xyz=(8.500,7.500,1.000)
  PASS-C(FR) | item= 282 FR zone=0 dims=(1.00x1.00x1.00) min_z=0.000 → xyz=(9.500,7.500,1.000)
  PASS-C(FR) | item= 283 FR zone=0 dims=(1.00x1.00x1.00) min_z=0.000 → xyz=(0.500,8.500,1.000)
  PASS-C(FR) | item= 284 FR zone=0 dims=(1.00x1.00x1.00) min_z=0.000 → xyz=(1.500,8.500,1.000)
  PASS-C(FR) | item= 285 FR zone=0 dims=(1.00x1.00x1.00) min_z=0.000 → xyz=(2.500,8.500,1.000)
  PASS-C(FR) | item= 286 FR zone=0 dims=(1.00x1.00x1.00) min_z=0.000 → xyz=(3.500,8.500,1.000)
  PASS-C(FR) | item= 287 FR zone=0 dims=(1.00x1.00x1.00) min_z=0.000 → xyz=(4.500,8.500,1.000)
  PASS-C(FR) | item= 288 FR zone=0 dims=(1.00x1.00x1.00) min_z=0.000 → xyz=(5.500,8.500,1.000)
  PASS-C(FR) | item= 289 FR zone=0 dims=(1.00x1.00x1.00) min_z=0.000 → xyz=(6.500,8.500,1.000)
  PASS-C(FR) | item= 290 FR zone=0 dims=(1.00x1.00x1.00) min_z=0.000 → xyz=(7.500,8.500,1.000)
  PASS-C(FR) | item= 291 FR zone=0 dims=(1.00x1.00x1.00) min_z=0.000 → xyz=(8.500,8.500,1.000)
  PASS-C(FR) | item= 292 FR zone=0 dims=(1.00x1.00x1.00) min_z=0.000 → xyz=(9.500,8.500,1.000)
  PASS-C(FR) | item= 293 FR zone=0 dims=(1.00x1.00x1.00) min_z=0.000 → xyz=(0.500,9.500,1.000)
  PASS-C(FR) | item= 294 FR zone=0 dims=(1.00x1.00x1.00) min_z=0.000 → xyz=(1.500,9.500,1.000)
  PASS-C(FR) | item= 295 FR zone=0 dims=(1.00x1.00x1.00) min_z=0.000 → xyz=(2.500,9.500,1.000)
  PASS-C(FR) | item= 296 FR zone=0 dims=(1.00x1.00x1.00) min_z=0.000 → xyz=(3.500,9.500,1.000)
  PASS-C(FR) | item= 297 FR zone=0 dims=(1.00x1.00x1.00) min_z=0.000 → xyz=(4.500,9.500,1.000)
  PASS-C(FR) | item= 298 FR zone=0 dims=(1.00x1.00x1.00) min_z=0.000 → xyz=(5.500,9.500,1.000)
  PASS-C(FR) | item= 299 FR zone=0 dims=(1.00x1.00x1.00) min_z=0.000 → xyz=(6.500,9.500,1.000)
  PASS-C(FR) | item= 300 FR zone=0 dims=(1.00x1.00x1.00) min_z=0.000 → xyz=(7.500,9.500,1.000)
  PASS-C(FR) | item= 301 FR zone=0 dims=(1.00x1.00x1.00) min_z=0.000 → xyz=(8.500,9.500,1.000)
  PASS-C(FR) | item= 302 FR zone=0 dims=(1.00x1.00x1.00) min_z=0.000 → xyz=(9.500,9.500,1.000)
  PASS-C(FR) | item= 303 FR zone=0 dims=(1.00x1.00x1.00) min_z=0.000 → xyz=(0.500,0.500,2.000)
  PASS-C(FR) | item= 304 FR zone=0 dims=(1.00x1.00x1.00) min_z=0.000 → xyz=(1.500,0.500,2.000)
  PASS-C(FR) | item= 305 FR zone=0 dims=(1.00x1.00x1.00) min_z=0.000 → xyz=(2.500,0.500,2.000)
  PASS-C(FR) | item= 306 FR zone=0 dims=(1.00x1.00x1.00) min_z=0.000 → xyz=(3.500,0.500,2.000)
  PASS-C(FR) | item= 307 FR zone=0 dims=(1.00x1.00x1.00) min_z=0.000 → xyz=(4.500,0.500,2.000)
  PASS-C(FR) | item= 308 FR zone=0 dims=(1.00x1.00x1.00) min_z=0.000 → xyz=(5.500,0.500,2.000)
  PASS-C(FR) | item= 309 FR zone=0 dims=(1.00x1.00x1.00) min_z=0.000 → xyz=(6.500,0.500,2.000)
  PASS-C(FR) | item= 310 FR zone=0 dims=(1.00x1.00x1.00) min_z=0.000 → xyz=(7.500,0.500,2.000)
  PASS-C(FR) | item= 311 FR zone=0 dims=(1.00x1.00x1.00) min_z=0.000 → xyz=(8.500,0.500,2.000)
  PASS-C(FR) | item= 312 FR zone=0 dims=(1.00x1.00x1.00) min_z=0.000 → xyz=(9.500,0.500,2.000)
  PASS-C(FR) | item= 313 FR zone=0 dims=(1.00x1.00x1.00) min_z=0.000 → xyz=(0.500,1.500,2.000)
  PASS-C(FR) | item= 314 FR zone=0 dims=(1.00x1.00x1.00) min_z=0.000 → xyz=(1.500,1.500,2.000)
  PASS-C(FR) | item= 315 FR zone=0 dims=(1.00x1.00x1.00) min_z=0.000 → xyz=(2.500,1.500,2.000)
  PASS-C(FR) | item= 316 FR zone=0 dims=(1.00x1.00x1.00) min_z=0.000 → xyz=(3.500,1.500,2.000)
  PASS-C(FR) | item= 317 FR zone=0 dims=(1.00x1.00x1.00) min_z=0.000 → xyz=(4.500,1.500,2.000)
  PASS-C(FR) | item= 318 FR zone=0 dims=(1.00x1.00x1.00) min_z=0.000 → xyz=(5.500,1.500,2.000)
  PASS-C(FR) | item= 319 FR zone=0 dims=(1.00x1.00x1.00) min_z=0.000 → xyz=(6.500,1.500,2.000)
  PASS-C(FR) | item= 320 FR zone=0 dims=(1.00x1.00x1.00) min_z=0.000 → xyz=(7.500,1.500,2.000)
  PASS-C(FR) | item= 321 FR zone=0 dims=(1.00x1.00x1.00) min_z=0.000 → xyz=(8.500,1.500,2.000)
  PASS-C(FR) | item= 322 FR zone=0 dims=(1.00x1.00x1.00) min_z=0.000 → xyz=(9.500,1.500,2.000)
  PASS-C(FR) | item= 323 FR zone=0 dims=(1.00x1.00x1.00) min_z=0.000 → xyz=(0.500,2.500,2.000)
  PASS-C(FR) | item= 324 FR zone=0 dims=(1.00x1.00x1.00) min_z=0.000 → xyz=(1.500,2.500,2.000)
  PASS-C(FR) | item= 325 FR zone=0 dims=(1.00x1.00x1.00) min_z=0.000 → xyz=(2.500,2.500,2.000)
  PASS-C(FR) | item= 326 FR zone=0 dims=(1.00x1.00x1.00) min_z=0.000 → xyz=(3.500,2.500,2.000)
  PASS-C(FR) | item= 327 FR zone=0 dims=(1.00x1.00x1.00) min_z=0.000 → xyz=(4.500,2.500,2.000)
  PASS-C(FR) | item= 328 FR zone=0 dims=(1.00x1.00x1.00) min_z=0.000 → xyz=(5.500,2.500,2.000)
  PASS-C(FR) | item= 329 FR zone=0 dims=(1.00x1.00x1.00) min_z=0.000 → xyz=(6.500,2.500,2.000)
  PASS-C(FR) | item= 330 FR zone=0 dims=(1.00x1.00x1.00) min_z=0.000 → xyz=(7.500,2.500,2.000)
  PASS-C(FR) | item= 331 FR zone=0 dims=(1.00x1.00x1.00) min_z=0.000 → xyz=(8.500,2.500,2.000)
  PASS-C(FR) | item= 332 FR zone=0 dims=(1.00x1.00x1.00) min_z=0.000 → xyz=(9.500,2.500,2.000)
  PASS-C(FR) | item= 333 FR zone=0 dims=(1.00x1.00x1.00) min_z=0.000 → xyz=(0.500,3.500,2.000)
  PASS-C(FR) | item= 334 FR zone=0 dims=(1.00x1.00x1.00) min_z=0.000 → xyz=(1.500,3.500,2.000)
  PASS-C(FR) | item= 335 FR zone=0 dims=(1.00x1.00x1.00) min_z=0.000 → xyz=(2.500,3.500,2.000)
  PASS-C(FR) | item= 336 FR zone=0 dims=(1.00x1.00x1.00) min_z=0.000 → xyz=(3.500,3.500,2.000)
  PASS-C(FR) | item= 337 FR zone=0 dims=(1.00x1.00x1.00) min_z=0.000 → xyz=(4.500,3.500,2.000)
  PASS-C(FR) | item= 338 FR zone=0 dims=(1.00x1.00x1.00) min_z=0.000 → xyz=(5.500,3.500,2.000)
  PASS-C(FR) | item= 339 FR zone=0 dims=(1.00x1.00x1.00) min_z=0.000 → xyz=(6.500,3.500,2.000)
  PASS-C(FR) | item= 340 FR zone=0 dims=(1.00x1.00x1.00) min_z=0.000 → xyz=(7.500,3.500,2.000)
  PASS-C(FR) | item= 341 FR zone=0 dims=(1.00x1.00x1.00) min_z=0.000 → xyz=(8.500,3.500,2.000)
  PASS-C(FR) | item= 342 FR zone=0 dims=(1.00x1.00x1.00) min_z=0.000 → xyz=(9.500,3.500,2.000)
  PASS-C(FR) | item= 343 FR zone=0 dims=(1.00x1.00x1.00) min_z=0.000 → xyz=(0.500,4.500,2.000)
  PASS-C(FR) | item= 344 FR zone=0 dims=(1.00x1.00x1.00) min_z=0.000 → xyz=(1.500,4.500,2.000)
  PASS-C(FR) | item= 345 FR zone=0 dims=(1.00x1.00x1.00) min_z=0.000 → xyz=(2.500,4.500,2.000)
  PASS-C(FR) | item= 346 FR zone=0 dims=(1.00x1.00x1.00) min_z=0.000 → xyz=(3.500,4.500,2.000)
  PASS-C(FR) | item= 347 FR zone=0 dims=(1.00x1.00x1.00) min_z=0.000 → xyz=(4.500,4.500,2.000)
  PASS-C(FR) | item= 348 FR zone=0 dims=(1.00x1.00x1.00) min_z=0.000 → xyz=(5.500,4.500,2.000)
  PASS-C(FR) | item= 349 FR zone=0 dims=(1.00x1.00x1.00) min_z=0.000 → xyz=(6.500,4.500,2.000)
  PASS-C(FR) | item= 350 FR zone=0 dims=(1.00x1.00x1.00) min_z=0.000 → xyz=(7.500,4.500,2.000)
  PASS-C(FR) | item= 351 FR zone=0 dims=(1.00x1.00x1.00) min_z=0.000 → xyz=(8.500,4.500,2.000)
  PASS-C(FR) | item= 352 FR zone=0 dims=(1.00x1.00x1.00) min_z=0.000 → xyz=(9.500,4.500,2.000)
  PASS-C(FR) | item= 353 FR zone=0 dims=(1.00x1.00x1.00) min_z=0.000 → xyz=(0.500,5.500,2.000)
  PASS-C(FR) | item= 354 FR zone=0 dims=(1.00x1.00x1.00) min_z=0.000 → xyz=(1.500,5.500,2.000)
  PASS-C(FR) | item= 355 FR zone=0 dims=(1.00x1.00x1.00) min_z=0.000 → xyz=(2.500,5.500,2.000)
  PASS-C(FR) | item= 356 FR zone=0 dims=(1.00x1.00x1.00) min_z=0.000 → xyz=(3.500,5.500,2.000)
  PASS-C(FR) | item= 357 FR zone=0 dims=(1.00x1.00x1.00) min_z=0.000 → xyz=(4.500,5.500,2.000)
  PASS-C(FR) | item= 358 FR zone=0 dims=(1.00x1.00x1.00) min_z=0.000 → xyz=(5.500,5.500,2.000)
  PASS-C(FR) | item= 359 FR zone=0 dims=(1.00x1.00x1.00) min_z=0.000 → xyz=(6.500,5.500,2.000)
  PASS-C(FR) | item= 360 FR zone=0 dims=(1.00x1.00x1.00) min_z=0.000 → xyz=(7.500,5.500,2.000)
  PASS-C(FR) | item= 361 FR zone=0 dims=(1.00x1.00x1.00) min_z=0.000 → xyz=(8.500,5.500,2.000)
  PASS-C(FR) | item= 362 FR zone=0 dims=(1.00x1.00x1.00) min_z=0.000 → xyz=(9.500,5.500,2.000)
  PASS-C(FR) | item= 363 FR zone=0 dims=(1.00x1.00x1.00) min_z=0.000 → xyz=(0.500,6.500,2.000)
  PASS-C(FR) | item= 364 FR zone=0 dims=(1.00x1.00x1.00) min_z=0.000 → xyz=(1.500,6.500,2.000)
  PASS-C(FR) | item= 365 FR zone=0 dims=(1.00x1.00x1.00) min_z=0.000 → xyz=(2.500,6.500,2.000)
  PASS-C(FR) | item= 366 FR zone=0 dims=(1.00x1.00x1.00) min_z=0.000 → xyz=(3.500,6.500,2.000)
  PASS-C(FR) | item= 367 FR zone=0 dims=(1.00x1.00x1.00) min_z=0.000 → xyz=(4.500,6.500,2.000)
  PASS-C(FR) | item= 368 FR zone=0 dims=(1.00x1.00x1.00) min_z=0.000 → xyz=(5.500,6.500,2.000)
  PASS-C(FR) | item= 369 FR zone=0 dims=(1.00x1.00x1.00) min_z=0.000 → xyz=(6.500,6.500,2.000)
  PASS-C(FR) | item= 370 FR zone=0 dims=(1.00x1.00x1.00) min_z=0.000 → xyz=(7.500,6.500,2.000)
  PASS-C(FR) | item= 371 FR zone=0 dims=(1.00x1.00x1.00) min_z=0.000 → xyz=(8.500,6.500,2.000)
  PASS-C(FR) | item= 372 FR zone=0 dims=(1.00x1.00x1.00) min_z=0.000 → xyz=(9.500,6.500,2.000)
  PASS-C(FR) | item= 373 FR zone=0 dims=(1.00x1.00x1.00) min_z=0.000 → xyz=(0.500,7.500,2.000)
  PASS-C(FR) | item= 374 FR zone=0 dims=(1.00x1.00x1.00) min_z=0.000 → xyz=(1.500,7.500,2.000)
  PASS-C(FR) | item= 375 FR zone=0 dims=(1.00x1.00x1.00) min_z=0.000 → xyz=(2.500,7.500,2.000)
  PASS-C(FR) | item= 376 FR zone=0 dims=(1.00x1.00x1.00) min_z=0.000 → xyz=(3.500,7.500,2.000)
  PASS-C(FR) | item= 377 FR zone=0 dims=(1.00x1.00x1.00) min_z=0.000 → xyz=(4.500,7.500,2.000)
  PASS-C(FR) | item= 378 FR zone=0 dims=(1.00x1.00x1.00) min_z=0.000 → xyz=(5.500,7.500,2.000)
  PASS-C(FR) | item= 379 FR zone=0 dims=(1.00x1.00x1.00) min_z=0.000 → xyz=(6.500,7.500,2.000)
  PASS-C(FR) | item= 380 FR zone=0 dims=(1.00x1.00x1.00) min_z=0.000 → xyz=(7.500,7.500,2.000)
  PASS-C(FR) | item= 381 FR zone=0 dims=(1.00x1.00x1.00) min_z=0.000 → xyz=(8.500,7.500,2.000)
  PASS-C(FR) | item= 382 FR zone=0 dims=(1.00x1.00x1.00) min_z=0.000 → xyz=(9.500,7.500,2.000)
  PASS-C(FR) | item= 383 FR zone=0 dims=(1.00x1.00x1.00) min_z=0.000 → xyz=(0.500,8.500,2.000)
  PASS-C(FR) | item= 384 FR zone=0 dims=(1.00x1.00x1.00) min_z=0.000 → xyz=(1.500,8.500,2.000)
  PASS-C(FR) | item= 385 FR zone=0 dims=(1.00x1.00x1.00) min_z=0.000 → xyz=(2.500,8.500,2.000)
  PASS-C(FR) | item= 386 FR zone=0 dims=(1.00x1.00x1.00) min_z=0.000 → xyz=(3.500,8.500,2.000)
  PASS-C(FR) | item= 387 FR zone=0 dims=(1.00x1.00x1.00) min_z=0.000 → xyz=(4.500,8.500,2.000)
  PASS-C(FR) | item= 388 FR zone=0 dims=(1.00x1.00x1.00) min_z=0.000 → xyz=(5.500,8.500,2.000)
  PASS-C(FR) | item= 389 FR zone=0 dims=(1.00x1.00x1.00) min_z=0.000 → xyz=(6.500,8.500,2.000)
  PASS-C(FR) | item= 390 FR zone=0 dims=(1.00x1.00x1.00) min_z=0.000 → xyz=(7.500,8.500,2.000)
  PASS-C(FR) | item= 391 FR zone=0 dims=(1.00x1.00x1.00) min_z=0.000 → xyz=(8.500,8.500,2.000)
  PASS-C(FR) | item= 392 FR zone=0 dims=(1.00x1.00x1.00) min_z=0.000 → xyz=(9.500,8.500,2.000)
  PASS-C(FR) | item= 393 FR zone=0 dims=(1.00x1.00x1.00) min_z=0.000 → xyz=(0.500,9.500,2.000)
  PASS-C(FR) | item= 394 FR zone=0 dims=(1.00x1.00x1.00) min_z=0.000 → xyz=(1.500,9.500,2.000)
  PASS-C(FR) | item= 395 FR zone=0 dims=(1.00x1.00x1.00) min_z=0.000 → xyz=(2.500,9.500,2.000)
  PASS-C(FR) | item= 396 FR zone=0 dims=(1.00x1.00x1.00) min_z=0.000 → xyz=(3.500,9.500,2.000)
  PASS-C(FR) | item= 397 FR zone=1 dims=(1.00x1.00x1.00) min_z=3.000 → xyz=(3.500,0.500,4.000)
  PASS-C(FR) | item= 398 FR zone=1 dims=(1.00x1.00x1.00) min_z=3.000 → xyz=(4.500,0.500,4.000)
  PASS-C(FR) | item= 399 FR zone=1 dims=(1.00x1.00x1.00) min_z=3.000 → xyz=(5.500,0.500,4.000)
  PASS-C(FR) | item= 400 FR zone=1 dims=(1.00x1.00x1.00) min_z=3.000 → xyz=(6.500,0.500,4.000)
  PASS-C(FR) | item= 401 FR zone=1 dims=(1.00x1.00x1.00) min_z=3.000 → xyz=(7.500,0.500,4.000)
  PASS-C(FR) | item= 402 FR zone=1 dims=(1.00x1.00x1.00) min_z=3.000 → xyz=(8.500,0.500,4.000)
  PASS-C(FR) | item= 403 FR zone=1 dims=(1.00x1.00x1.00) min_z=3.000 → xyz=(9.500,0.500,4.000)
  PASS-C(FR) | item= 404 FR zone=1 dims=(1.00x1.00x1.00) min_z=3.000 → xyz=(0.500,1.500,4.000)
  PASS-C(FR) | item= 405 FR zone=1 dims=(1.00x1.00x1.00) min_z=3.000 → xyz=(1.500,1.500,4.000)
  PASS-C(FR) | item= 406 FR zone=1 dims=(1.00x1.00x1.00) min_z=3.000 → xyz=(2.500,1.500,4.000)
  PASS-C(FR) | item= 407 FR zone=1 dims=(1.00x1.00x1.00) min_z=3.000 → xyz=(3.500,1.500,4.000)
  PASS-C(FR) | item= 408 FR zone=1 dims=(1.00x1.00x1.00) min_z=3.000 → xyz=(4.500,1.500,4.000)
  PASS-C(FR) | item= 409 FR zone=1 dims=(1.00x1.00x1.00) min_z=3.000 → xyz=(5.500,1.500,4.000)
  PASS-C(FR) | item= 410 FR zone=1 dims=(1.00x1.00x1.00) min_z=3.000 → xyz=(6.500,1.500,4.000)
  PASS-C(FR) | item= 411 FR zone=1 dims=(1.00x1.00x1.00) min_z=3.000 → xyz=(7.500,1.500,4.000)
  PASS-C(FR) | item= 412 FR zone=1 dims=(1.00x1.00x1.00) min_z=3.000 → xyz=(8.500,1.500,4.000)
  PASS-C(FR) | item= 413 FR zone=1 dims=(1.00x1.00x1.00) min_z=3.000 → xyz=(9.500,1.500,4.000)
  PASS-C(FR) | item= 414 FR zone=1 dims=(1.00x1.00x1.00) min_z=3.000 → xyz=(0.500,2.500,4.000)
  PASS-C(FR) | item= 415 FR zone=1 dims=(1.00x1.00x1.00) min_z=3.000 → xyz=(1.500,2.500,4.000)
  PASS-C(FR) | item= 416 FR zone=1 dims=(1.00x1.00x1.00) min_z=3.000 → xyz=(2.500,2.500,4.000)
  PASS-C(FR) | item= 417 FR zone=1 dims=(1.00x1.00x1.00) min_z=3.000 → xyz=(3.500,2.500,4.000)
  PASS-C(FR) | item= 418 FR zone=1 dims=(1.00x1.00x1.00) min_z=3.000 → xyz=(4.500,2.500,4.000)
  PASS-C(FR) | item= 419 FR zone=1 dims=(1.00x1.00x1.00) min_z=3.000 → xyz=(5.500,2.500,4.000)
  PASS-C(FR) | item= 420 FR zone=1 dims=(1.00x1.00x1.00) min_z=3.000 → xyz=(6.500,2.500,4.000)
  PASS-C(FR) | item= 421 FR zone=1 dims=(1.00x1.00x1.00) min_z=3.000 → xyz=(7.500,2.500,4.000)
  PASS-C(FR) | item= 422 FR zone=1 dims=(1.00x1.00x1.00) min_z=3.000 → xyz=(8.500,2.500,4.000)
  PASS-C(FR) | item= 423 FR zone=1 dims=(1.00x1.00x1.00) min_z=3.000 → xyz=(9.500,2.500,4.000)
  PASS-C(FR) | item= 424 FR zone=1 dims=(1.00x1.00x1.00) min_z=3.000 → xyz=(0.500,3.500,4.000)
  PASS-C(FR) | item= 425 FR zone=1 dims=(1.00x1.00x1.00) min_z=3.000 → xyz=(1.500,3.500,4.000)
  PASS-C(FR) | item= 426 FR zone=1 dims=(1.00x1.00x1.00) min_z=3.000 → xyz=(2.500,3.500,4.000)
  PASS-C(FR) | item= 427 FR zone=1 dims=(1.00x1.00x1.00) min_z=3.000 → xyz=(3.500,3.500,4.000)
  PASS-C(FR) | item= 428 FR zone=1 dims=(1.00x1.00x1.00) min_z=3.000 → xyz=(4.500,3.500,4.000)
  PASS-C(FR) | item= 429 FR zone=1 dims=(1.00x1.00x1.00) min_z=3.000 → xyz=(5.500,3.500,4.000)
  PASS-C(FR) | item= 430 FR zone=1 dims=(1.00x1.00x1.00) min_z=3.000 → xyz=(6.500,3.500,4.000)
  PASS-C(FR) | item= 431 FR zone=1 dims=(1.00x1.00x1.00) min_z=3.000 → xyz=(7.500,3.500,4.000)
  PASS-C(FR) | item= 432 FR zone=1 dims=(1.00x1.00x1.00) min_z=3.000 → xyz=(8.500,3.500,4.000)
  PASS-C(FR) | item= 433 FR zone=1 dims=(1.00x1.00x1.00) min_z=3.000 → xyz=(9.500,3.500,4.000)
  PASS-C(FR) | item= 434 FR zone=1 dims=(1.00x1.00x1.00) min_z=3.000 → xyz=(0.500,4.500,4.000)
  PASS-C(FR) | item= 435 FR zone=1 dims=(1.00x1.00x1.00) min_z=3.000 → xyz=(1.500,4.500,4.000)
  PASS-C(FR) | item= 436 FR zone=1 dims=(1.00x1.00x1.00) min_z=3.000 → xyz=(2.500,4.500,4.000)
  PASS-C(FR) | item= 437 FR zone=1 dims=(1.00x1.00x1.00) min_z=3.000 → xyz=(3.500,4.500,4.000)
  PASS-C(FR) | item= 438 FR zone=1 dims=(1.00x1.00x1.00) min_z=3.000 → xyz=(4.500,4.500,4.000)
  PASS-C(FR) | item= 439 FR zone=1 dims=(1.00x1.00x1.00) min_z=3.000 → xyz=(5.500,4.500,4.000)
  PASS-C(FR) | item= 440 FR zone=1 dims=(1.00x1.00x1.00) min_z=3.000 → xyz=(6.500,4.500,4.000)
  PASS-C(FR) | item= 441 FR zone=1 dims=(1.00x1.00x1.00) min_z=3.000 → xyz=(7.500,4.500,4.000)
  PASS-C(FR) | item= 442 FR zone=1 dims=(1.00x1.00x1.00) min_z=3.000 → xyz=(8.500,4.500,4.000)
  PASS-C(FR) | item= 443 FR zone=1 dims=(1.00x1.00x1.00) min_z=3.000 → xyz=(9.500,4.500,4.000)
  PASS-C(FR) | item= 444 FR zone=1 dims=(1.00x1.00x1.00) min_z=3.000 → xyz=(0.500,5.500,4.000)
  PASS-C(FR) | item= 445 FR zone=1 dims=(1.00x1.00x1.00) min_z=3.000 → xyz=(1.500,5.500,4.000)
  PASS-C(FR) | item= 446 FR zone=1 dims=(1.00x1.00x1.00) min_z=3.000 → xyz=(2.500,5.500,4.000)
  PASS-C(FR) | item= 447 FR zone=1 dims=(1.00x1.00x1.00) min_z=3.000 → xyz=(3.500,5.500,4.000)
  PASS-C(FR) | item= 448 FR zone=1 dims=(1.00x1.00x1.00) min_z=3.000 → xyz=(4.500,5.500,4.000)
  PASS-C(FR) | item= 449 FR zone=1 dims=(1.00x1.00x1.00) min_z=3.000 → xyz=(5.500,5.500,4.000)
  PASS-C(FR) | item= 450 FR zone=1 dims=(1.00x1.00x1.00) min_z=3.000 → xyz=(6.500,5.500,4.000)
  PASS-C(FR) | item= 451 FR zone=1 dims=(1.00x1.00x1.00) min_z=3.000 → xyz=(7.500,5.500,4.000)
  PASS-C(FR) | item= 452 FR zone=1 dims=(1.00x1.00x1.00) min_z=3.000 → xyz=(8.500,5.500,4.000)
  PASS-C(FR) | item= 453 FR zone=1 dims=(1.00x1.00x1.00) min_z=3.000 → xyz=(9.500,5.500,4.000)
  PASS-C(FR) | item= 454 FR zone=1 dims=(1.00x1.00x1.00) min_z=3.000 → xyz=(0.500,6.500,4.000)
  PASS-C(FR) | item= 455 FR zone=1 dims=(1.00x1.00x1.00) min_z=3.000 → xyz=(1.500,6.500,4.000)
  PASS-C(FR) | item= 456 FR zone=1 dims=(1.00x1.00x1.00) min_z=3.000 → xyz=(2.500,6.500,4.000)
  PASS-C(FR) | item= 457 FR zone=1 dims=(1.00x1.00x1.00) min_z=3.000 → xyz=(3.500,6.500,4.000)
  PASS-C(FR) | item= 458 FR zone=1 dims=(1.00x1.00x1.00) min_z=3.000 → xyz=(4.500,6.500,4.000)
  PASS-C(FR) | item= 459 FR zone=1 dims=(1.00x1.00x1.00) min_z=3.000 → xyz=(5.500,6.500,4.000)
  PASS-C(FR) | item= 460 FR zone=1 dims=(1.00x1.00x1.00) min_z=3.000 → xyz=(6.500,6.500,4.000)
  PASS-C(FR) | item= 461 FR zone=1 dims=(1.00x1.00x1.00) min_z=3.000 → xyz=(7.500,6.500,4.000)
  PASS-C(FR) | item= 462 FR zone=1 dims=(1.00x1.00x1.00) min_z=3.000 → xyz=(8.500,6.500,4.000)
  PASS-C(FR) | item= 463 FR zone=1 dims=(1.00x1.00x1.00) min_z=3.000 → xyz=(9.500,6.500,4.000)
  PASS-C(FR) | item= 464 FR zone=1 dims=(1.00x1.00x1.00) min_z=3.000 → xyz=(0.500,7.500,4.000)
  PASS-C(FR) | item= 465 FR zone=1 dims=(1.00x1.00x1.00) min_z=3.000 → xyz=(1.500,7.500,4.000)
  PASS-C(FR) | item= 466 FR zone=1 dims=(1.00x1.00x1.00) min_z=3.000 → xyz=(2.500,7.500,4.000)
  PASS-C(FR) | item= 467 FR zone=1 dims=(1.00x1.00x1.00) min_z=3.000 → xyz=(3.500,7.500,4.000)
  PASS-C(FR) | item= 468 FR zone=1 dims=(1.00x1.00x1.00) min_z=3.000 → xyz=(4.500,7.500,4.000)
  PASS-C(FR) | item= 469 FR zone=1 dims=(1.00x1.00x1.00) min_z=3.000 → xyz=(5.500,7.500,4.000)
  PASS-C(FR) | item= 470 FR zone=1 dims=(1.00x1.00x1.00) min_z=3.000 → xyz=(6.500,7.500,4.000)
  PASS-C(FR) | item= 471 FR zone=1 dims=(1.00x1.00x1.00) min_z=3.000 → xyz=(7.500,7.500,4.000)
  PASS-C(FR) | item= 472 FR zone=1 dims=(1.00x1.00x1.00) min_z=3.000 → xyz=(8.500,7.500,4.000)
  PASS-C(FR) | item= 473 FR zone=1 dims=(1.00x1.00x1.00) min_z=3.000 → xyz=(9.500,7.500,4.000)
  PASS-C(FR) | item= 474 FR zone=1 dims=(1.00x1.00x1.00) min_z=3.000 → xyz=(0.500,8.500,4.000)
  PASS-C(FR) | item= 475 FR zone=1 dims=(1.00x1.00x1.00) min_z=3.000 → xyz=(1.500,8.500,4.000)
  PASS-C(FR) | item= 476 FR zone=1 dims=(1.00x1.00x1.00) min_z=3.000 → xyz=(2.500,8.500,4.000)
  PASS-C(FR) | item= 477 FR zone=1 dims=(1.00x1.00x1.00) min_z=3.000 → xyz=(3.500,8.500,4.000)
  PASS-C(FR) | item= 478 FR zone=1 dims=(1.00x1.00x1.00) min_z=3.000 → xyz=(4.500,8.500,4.000)
  PASS-C(FR) | item= 479 FR zone=1 dims=(1.00x1.00x1.00) min_z=3.000 → xyz=(5.500,8.500,4.000)
  PASS-C(FR) | item= 480 FR zone=1 dims=(1.00x1.00x1.00) min_z=3.000 → xyz=(6.500,8.500,4.000)
  PASS-C(FR) | item= 481 FR zone=1 dims=(1.00x1.00x1.00) min_z=3.000 → xyz=(7.500,8.500,4.000)
  PASS-C(FR) | item= 482 FR zone=1 dims=(1.00x1.00x1.00) min_z=3.000 → xyz=(8.500,8.500,4.000)
  PASS-C(FR) | item= 483 FR zone=1 dims=(1.00x1.00x1.00) min_z=3.000 → xyz=(9.500,8.500,4.000)
  PASS-C(FR) | item= 484 FR zone=1 dims=(1.00x1.00x1.00) min_z=3.000 → xyz=(0.500,9.500,4.000)
  PASS-C(FR) | item= 485 FR zone=1 dims=(1.00x1.00x1.00) min_z=3.000 → xyz=(1.500,9.500,4.000)
  PASS-C(FR) | item= 486 FR zone=1 dims=(1.00x1.00x1.00) min_z=3.000 → xyz=(2.500,9.500,4.000)
  PASS-C(FR) | item= 487 FR zone=1 dims=(1.00x1.00x1.00) min_z=3.000 → xyz=(3.500,9.500,4.000)
  PASS-C(FR) | item= 488 FR zone=1 dims=(1.00x1.00x1.00) min_z=3.000 → xyz=(4.500,9.500,4.000)
  PASS-C(FR) | item= 489 FR zone=1 dims=(1.00x1.00x1.00) min_z=3.000 → xyz=(5.500,9.500,4.000)
  PASS-C(FR) | item= 490 FR zone=1 dims=(1.00x1.00x1.00) min_z=3.000 → xyz=(6.500,9.500,4.000)
  PASS-C(FR) | item= 491 FR zone=1 dims=(1.00x1.00x1.00) min_z=3.000 → xyz=(7.500,9.500,4.000)
  PASS-C(FR) | item= 492 FR zone=1 dims=(1.00x1.00x1.00) min_z=3.000 → xyz=(8.500,9.500,4.000)
  PASS-C(FR) | item= 493 FR zone=1 dims=(1.00x1.00x1.00) min_z=3.000 → xyz=(9.500,9.500,4.000)
  PASS-C(FR) | item= 494 FR zone=1 dims=(1.00x1.00x1.00) min_z=3.000 → xyz=(0.500,0.500,5.000)
  PASS-C(FR) | item= 495 FR zone=1 dims=(1.00x1.00x1.00) min_z=3.000 → xyz=(1.500,0.500,5.000)
  PASS-C(FR) | item= 496 FR zone=1 dims=(1.00x1.00x1.00) min_z=3.000 → xyz=(2.500,0.500,5.000)
  PASS-C(FR) | item= 497 FR zone=1 dims=(1.00x1.00x1.00) min_z=3.000 → xyz=(3.500,0.500,5.000)
  PASS-C(FR) | item= 498 FR zone=1 dims=(1.00x1.00x1.00) min_z=3.000 → xyz=(4.500,0.500,5.000)
  PASS-C(FR) | item= 499 FR zone=1 dims=(1.00x1.00x1.00) min_z=3.000 → xyz=(5.500,0.500,5.000)
--- ZONE SUMMARY ---
  Zone 0: total=294 nf_top=2.0 z_min=0.0 z_max=2.0
  Zone 1: total=206 nf_top=5.0 z_min=3.0 z_max=5.0
--- END ---

================================================================================
repair_solution_compact  [2026-04-05 19:11:10]
WAREHOUSE  length=10.0  width=10.0  height=6.0  volume=600.00
  items=100  nf=50  fr=50  total_item_vol=100.00  theoretical_util=16.7%
ZONES  count=2
  Zone 0 "zone_0" [allocation]
    x=[0.00, 10.00]  y=[0.00, 10.00]  z=[0.00, 3.00]
    size=(10.00 x 10.00 x 3.00)  floor_area=100.00  volume=300.00
    assigned: 50 NF (50.00 vol) + 50 FR (50.00 vol)  load=33.3%
  Zone 1 "zone_1" [allocation]
    x=[0.00, 10.00]  y=[0.00, 10.00]  z=[3.00, 6.00]
    size=(10.00 x 10.00 x 3.00)  floor_area=100.00  volume=300.00
    assigned: 0 NF (0.00 vol) + 0 FR (0.00 vol)  load=0.0%
--- PASS A: 50 NF items ---
  PASS-A(NF) | item=   0 NF zone=0 dims=(1.00x1.00x1.00) min_z=0.000 → xyz=(0.500,0.500,0.000)
  PASS-A(NF) | item=   1 NF zone=0 dims=(1.00x1.00x1.00) min_z=0.000 → xyz=(1.500,0.500,0.000)
  PASS-A(NF) | item=   2 NF zone=0 dims=(1.00x1.00x1.00) min_z=0.000 → xyz=(2.500,0.500,0.000)
  PASS-A(NF) | item=   3 NF zone=0 dims=(1.00x1.00x1.00) min_z=0.000 → xyz=(3.500,0.500,0.000)
  PASS-A(NF) | item=   4 NF zone=0 dims=(1.00x1.00x1.00) min_z=0.000 → xyz=(4.500,0.500,0.000)
  PASS-A(NF) | item=   5 NF zone=0 dims=(1.00x1.00x1.00) min_z=0.000 → xyz=(5.500,0.500,0.000)
  PASS-A(NF) | item=   6 NF zone=0 dims=(1.00x1.00x1.00) min_z=0.000 → xyz=(6.500,0.500,0.000)
  PASS-A(NF) | item=   7 NF zone=0 dims=(1.00x1.00x1.00) min_z=0.000 → xyz=(7.500,0.500,0.000)
  PASS-A(NF) | item=   8 NF zone=0 dims=(1.00x1.00x1.00) min_z=0.000 → xyz=(8.500,0.500,0.000)
  PASS-A(NF) | item=   9 NF zone=0 dims=(1.00x1.00x1.00) min_z=0.000 → xyz=(9.500,0.500,0.000)
  PASS-A(NF) | item=  10 NF zone=0 dims=(1.00x1.00x1.00) min_z=0.000 → xyz=(0.500,1.500,0.000)
  PASS-A(NF) | item=  11 NF zone=0 dims=(1.00x1.00x1.00) min_z=0.000 → xyz=(1.500,1.500,0.000)
  PASS-A(NF) | item=  12 NF zone=0 dims=(1.00x1.00x1.00) min_z=0.000 → xyz=(2.500,1.500,0.000)
  PASS-A(NF) | item=  13 NF zone=0 dims=(1.00x1.00x1.00) min_z=0.000 → xyz=(3.500,1.500,0.000)
  PASS-A(NF) | item=  14 NF zone=0 dims=(1.00x1.00x1.00) min_z=0.000 → xyz=(4.500,1.500,0.000)
  PASS-A(NF) | item=  15 NF zone=0 dims=(1.00x1.00x1.00) min_z=0.000 → xyz=(5.500,1.500,0.000)
  PASS-A(NF) | item=  16 NF zone=0 dims=(1.00x1.00x1.00) min_z=0.000 → xyz=(6.500,1.500,0.000)
  PASS-A(NF) | item=  17 NF zone=0 dims=(1.00x1.00x1.00) min_z=0.000 → xyz=(7.500,1.500,0.000)
  PASS-A(NF) | item=  18 NF zone=0 dims=(1.00x1.00x1.00) min_z=0.000 → xyz=(8.500,1.500,0.000)
  PASS-A(NF) | item=  19 NF zone=0 dims=(1.00x1.00x1.00) min_z=0.000 → xyz=(9.500,1.500,0.000)
  PASS-A(NF) | item=  20 NF zone=0 dims=(1.00x1.00x1.00) min_z=0.000 → xyz=(0.500,2.500,0.000)
  PASS-A(NF) | item=  21 NF zone=0 dims=(1.00x1.00x1.00) min_z=0.000 → xyz=(1.500,2.500,0.000)
  PASS-A(NF) | item=  22 NF zone=0 dims=(1.00x1.00x1.00) min_z=0.000 → xyz=(2.500,2.500,0.000)
  PASS-A(NF) | item=  23 NF zone=0 dims=(1.00x1.00x1.00) min_z=0.000 → xyz=(3.500,2.500,0.000)
  PASS-A(NF) | item=  24 NF zone=0 dims=(1.00x1.00x1.00) min_z=0.000 → xyz=(4.500,2.500,0.000)
  PASS-A(NF) | item=  25 NF zone=0 dims=(1.00x1.00x1.00) min_z=0.000 → xyz=(5.500,2.500,0.000)
  PASS-A(NF) | item=  26 NF zone=0 dims=(1.00x1.00x1.00) min_z=0.000 → xyz=(6.500,2.500,0.000)
  PASS-A(NF) | item=  27 NF zone=0 dims=(1.00x1.00x1.00) min_z=0.000 → xyz=(7.500,2.500,0.000)
  PASS-A(NF) | item=  28 NF zone=0 dims=(1.00x1.00x1.00) min_z=0.000 → xyz=(8.500,2.500,0.000)
  PASS-A(NF) | item=  29 NF zone=0 dims=(1.00x1.00x1.00) min_z=0.000 → xyz=(9.500,2.500,0.000)
  PASS-A(NF) | item=  30 NF zone=0 dims=(1.00x1.00x1.00) min_z=0.000 → xyz=(0.500,3.500,0.000)
  PASS-A(NF) | item=  31 NF zone=0 dims=(1.00x1.00x1.00) min_z=0.000 → xyz=(1.500,3.500,0.000)
  PASS-A(NF) | item=  32 NF zone=0 dims=(1.00x1.00x1.00) min_z=0.000 → xyz=(2.500,3.500,0.000)
  PASS-A(NF) | item=  33 NF zone=0 dims=(1.00x1.00x1.00) min_z=0.000 → xyz=(3.500,3.500,0.000)
  PASS-A(NF) | item=  34 NF zone=0 dims=(1.00x1.00x1.00) min_z=0.000 → xyz=(4.500,3.500,0.000)
  PASS-A(NF) | item=  35 NF zone=0 dims=(1.00x1.00x1.00) min_z=0.000 → xyz=(5.500,3.500,0.000)
  PASS-A(NF) | item=  36 NF zone=0 dims=(1.00x1.00x1.00) min_z=0.000 → xyz=(6.500,3.500,0.000)
  PASS-A(NF) | item=  37 NF zone=0 dims=(1.00x1.00x1.00) min_z=0.000 → xyz=(7.500,3.500,0.000)
  PASS-A(NF) | item=  38 NF zone=0 dims=(1.00x1.00x1.00) min_z=0.000 → xyz=(8.500,3.500,0.000)
  PASS-A(NF) | item=  39 NF zone=0 dims=(1.00x1.00x1.00) min_z=0.000 → xyz=(9.500,3.500,0.000)
  PASS-A(NF) | item=  40 NF zone=0 dims=(1.00x1.00x1.00) min_z=0.000 → xyz=(0.500,4.500,0.000)
  PASS-A(NF) | item=  41 NF zone=0 dims=(1.00x1.00x1.00) min_z=0.000 → xyz=(1.500,4.500,0.000)
  PASS-A(NF) | item=  42 NF zone=0 dims=(1.00x1.00x1.00) min_z=0.000 → xyz=(2.500,4.500,0.000)
  PASS-A(NF) | item=  43 NF zone=0 dims=(1.00x1.00x1.00) min_z=0.000 → xyz=(3.500,4.500,0.000)
  PASS-A(NF) | item=  44 NF zone=0 dims=(1.00x1.00x1.00) min_z=0.000 → xyz=(4.500,4.500,0.000)
  PASS-A(NF) | item=  45 NF zone=0 dims=(1.00x1.00x1.00) min_z=0.000 → xyz=(5.500,4.500,0.000)
  PASS-A(NF) | item=  46 NF zone=0 dims=(1.00x1.00x1.00) min_z=0.000 → xyz=(6.500,4.500,0.000)
  PASS-A(NF) | item=  47 NF zone=0 dims=(1.00x1.00x1.00) min_z=0.000 → xyz=(7.500,4.500,0.000)
  PASS-A(NF) | item=  48 NF zone=0 dims=(1.00x1.00x1.00) min_z=0.000 → xyz=(8.500,4.500,0.000)
  PASS-A(NF) | item=  49 NF zone=0 dims=(1.00x1.00x1.00) min_z=0.000 → xyz=(9.500,4.500,0.000)
--- PASS B: NF top-Z per zone: {0: np.float64(1.0), 1: 3.0} ---
--- PASS C: 50 Fragile items ---
  PASS-C(FR) | item=  50 FR zone=0 dims=(1.00x1.00x1.00) min_z=0.000 → xyz=(0.500,5.500,0.000)
  PASS-C(FR) | item=  51 FR zone=0 dims=(1.00x1.00x1.00) min_z=0.000 → xyz=(1.500,5.500,0.000)
  PASS-C(FR) | item=  52 FR zone=0 dims=(1.00x1.00x1.00) min_z=0.000 → xyz=(2.500,5.500,0.000)
  PASS-C(FR) | item=  53 FR zone=0 dims=(1.00x1.00x1.00) min_z=0.000 → xyz=(3.500,5.500,0.000)
  PASS-C(FR) | item=  54 FR zone=0 dims=(1.00x1.00x1.00) min_z=0.000 → xyz=(4.500,5.500,0.000)
  PASS-C(FR) | item=  55 FR zone=0 dims=(1.00x1.00x1.00) min_z=0.000 → xyz=(5.500,5.500,0.000)
  PASS-C(FR) | item=  56 FR zone=0 dims=(1.00x1.00x1.00) min_z=0.000 → xyz=(6.500,5.500,0.000)
  PASS-C(FR) | item=  57 FR zone=0 dims=(1.00x1.00x1.00) min_z=0.000 → xyz=(7.500,5.500,0.000)
  PASS-C(FR) | item=  58 FR zone=0 dims=(1.00x1.00x1.00) min_z=0.000 → xyz=(8.500,5.500,0.000)
  PASS-C(FR) | item=  59 FR zone=0 dims=(1.00x1.00x1.00) min_z=0.000 → xyz=(9.500,5.500,0.000)
  PASS-C(FR) | item=  60 FR zone=0 dims=(1.00x1.00x1.00) min_z=0.000 → xyz=(0.500,6.500,0.000)
  PASS-C(FR) | item=  61 FR zone=0 dims=(1.00x1.00x1.00) min_z=0.000 → xyz=(1.500,6.500,0.000)
  PASS-C(FR) | item=  62 FR zone=0 dims=(1.00x1.00x1.00) min_z=0.000 → xyz=(2.500,6.500,0.000)
  PASS-C(FR) | item=  63 FR zone=0 dims=(1.00x1.00x1.00) min_z=0.000 → xyz=(3.500,6.500,0.000)
  PASS-C(FR) | item=  64 FR zone=0 dims=(1.00x1.00x1.00) min_z=0.000 → xyz=(4.500,6.500,0.000)
  PASS-C(FR) | item=  65 FR zone=0 dims=(1.00x1.00x1.00) min_z=0.000 → xyz=(5.500,6.500,0.000)
  PASS-C(FR) | item=  66 FR zone=0 dims=(1.00x1.00x1.00) min_z=0.000 → xyz=(6.500,6.500,0.000)
  PASS-C(FR) | item=  67 FR zone=0 dims=(1.00x1.00x1.00) min_z=0.000 → xyz=(7.500,6.500,0.000)
  PASS-C(FR) | item=  68 FR zone=0 dims=(1.00x1.00x1.00) min_z=0.000 → xyz=(8.500,6.500,0.000)
  PASS-C(FR) | item=  69 FR zone=0 dims=(1.00x1.00x1.00) min_z=0.000 → xyz=(9.500,6.500,0.000)
  PASS-C(FR) | item=  70 FR zone=0 dims=(1.00x1.00x1.00) min_z=0.000 → xyz=(0.500,7.500,0.000)
  PASS-C(FR) | item=  71 FR zone=0 dims=(1.00x1.00x1.00) min_z=0.000 → xyz=(1.500,7.500,0.000)
  PASS-C(FR) | item=  72 FR zone=0 dims=(1.00x1.00x1.00) min_z=0.000 → xyz=(2.500,7.500,0.000)
  PASS-C(FR) | item=  73 FR zone=0 dims=(1.00x1.00x1.00) min_z=0.000 → xyz=(3.500,7.500,0.000)
  PASS-C(FR) | item=  74 FR zone=0 dims=(1.00x1.00x1.00) min_z=0.000 → xyz=(4.500,7.500,0.000)
  PASS-C(FR) | item=  75 FR zone=0 dims=(1.00x1.00x1.00) min_z=0.000 → xyz=(5.500,7.500,0.000)
  PASS-C(FR) | item=  76 FR zone=0 dims=(1.00x1.00x1.00) min_z=0.000 → xyz=(6.500,7.500,0.000)
  PASS-C(FR) | item=  77 FR zone=0 dims=(1.00x1.00x1.00) min_z=0.000 → xyz=(7.500,7.500,0.000)
  PASS-C(FR) | item=  78 FR zone=0 dims=(1.00x1.00x1.00) min_z=0.000 → xyz=(8.500,7.500,0.000)
  PASS-C(FR) | item=  79 FR zone=0 dims=(1.00x1.00x1.00) min_z=0.000 → xyz=(9.500,7.500,0.000)
  PASS-C(FR) | item=  80 FR zone=0 dims=(1.00x1.00x1.00) min_z=0.000 → xyz=(0.500,8.500,0.000)
  PASS-C(FR) | item=  81 FR zone=0 dims=(1.00x1.00x1.00) min_z=0.000 → xyz=(1.500,8.500,0.000)
  PASS-C(FR) | item=  82 FR zone=0 dims=(1.00x1.00x1.00) min_z=0.000 → xyz=(2.500,8.500,0.000)
  PASS-C(FR) | item=  83 FR zone=0 dims=(1.00x1.00x1.00) min_z=0.000 → xyz=(3.500,8.500,0.000)
  PASS-C(FR) | item=  84 FR zone=0 dims=(1.00x1.00x1.00) min_z=0.000 → xyz=(4.500,8.500,0.000)
  PASS-C(FR) | item=  85 FR zone=0 dims=(1.00x1.00x1.00) min_z=0.000 → xyz=(5.500,8.500,0.000)
  PASS-C(FR) | item=  86 FR zone=0 dims=(1.00x1.00x1.00) min_z=0.000 → xyz=(6.500,8.500,0.000)
  PASS-C(FR) | item=  87 FR zone=0 dims=(1.00x1.00x1.00) min_z=0.000 → xyz=(7.500,8.500,0.000)
  PASS-C(FR) | item=  88 FR zone=0 dims=(1.00x1.00x1.00) min_z=0.000 → xyz=(8.500,8.500,0.000)
  PASS-C(FR) | item=  89 FR zone=0 dims=(1.00x1.00x1.00) min_z=0.000 → xyz=(9.500,8.500,0.000)
  PASS-C(FR) | item=  90 FR zone=0 dims=(1.00x1.00x1.00) min_z=0.000 → xyz=(0.500,9.500,0.000)
  PASS-C(FR) | item=  91 FR zone=0 dims=(1.00x1.00x1.00) min_z=0.000 → xyz=(1.500,9.500,0.000)
  PASS-C(FR) | item=  92 FR zone=0 dims=(1.00x1.00x1.00) min_z=0.000 → xyz=(2.500,9.500,0.000)
  PASS-C(FR) | item=  93 FR zone=0 dims=(1.00x1.00x1.00) min_z=0.000 → xyz=(3.500,9.500,0.000)
  PASS-C(FR) | item=  94 FR zone=0 dims=(1.00x1.00x1.00) min_z=0.000 → xyz=(4.500,9.500,0.000)
  PASS-C(FR) | item=  95 FR zone=0 dims=(1.00x1.00x1.00) min_z=0.000 → xyz=(5.500,9.500,0.000)
  PASS-C(FR) | item=  96 FR zone=0 dims=(1.00x1.00x1.00) min_z=0.000 → xyz=(6.500,9.500,0.000)
  PASS-C(FR) | item=  97 FR zone=0 dims=(1.00x1.00x1.00) min_z=0.000 → xyz=(7.500,9.500,0.000)
  PASS-C(FR) | item=  98 FR zone=0 dims=(1.00x1.00x1.00) min_z=0.000 → xyz=(8.500,9.500,0.000)
  PASS-C(FR) | item=  99 FR zone=0 dims=(1.00x1.00x1.00) min_z=0.000 → xyz=(9.500,9.500,0.000)
--- ZONE SUMMARY ---
  Zone 0: total=100 nf_top=1.0 z_min=0.0 z_max=0.0
  Zone 1: total=0 nf_top=3.0 z_min=0 z_max=0
--- END ---

================================================================================
repair_solution_compact  [2026-04-05 19:11:33]
WAREHOUSE  length=10.0  width=10.0  height=6.0  volume=600.00
  items=500  nf=250  fr=250  total_item_vol=500.00  theoretical_util=83.3%
ZONES  count=2
  Zone 0 "zone_0" [allocation]
    x=[0.00, 10.00]  y=[0.00, 10.00]  z=[0.00, 3.00]
    size=(10.00 x 10.00 x 3.00)  floor_area=100.00  volume=300.00
    assigned: 147 NF (147.00 vol) + 147 FR (147.00 vol)  load=98.0%
  Zone 1 "zone_1" [allocation]
    x=[0.00, 10.00]  y=[0.00, 10.00]  z=[3.00, 6.00]
    size=(10.00 x 10.00 x 3.00)  floor_area=100.00  volume=300.00
    assigned: 103 NF (103.00 vol) + 103 FR (103.00 vol)  load=68.7%
--- PASS A: 250 NF items ---
  PASS-A(NF) | item=   0 NF zone=0 dims=(1.00x1.00x1.00) min_z=0.000 → xyz=(0.500,0.500,0.000)
  PASS-A(NF) | item=   1 NF zone=0 dims=(1.00x1.00x1.00) min_z=0.000 → xyz=(1.500,0.500,0.000)
  PASS-A(NF) | item=   2 NF zone=0 dims=(1.00x1.00x1.00) min_z=0.000 → xyz=(2.500,0.500,0.000)
  PASS-A(NF) | item=   3 NF zone=0 dims=(1.00x1.00x1.00) min_z=0.000 → xyz=(3.500,0.500,0.000)
  PASS-A(NF) | item=   4 NF zone=0 dims=(1.00x1.00x1.00) min_z=0.000 → xyz=(4.500,0.500,0.000)
  PASS-A(NF) | item=   5 NF zone=0 dims=(1.00x1.00x1.00) min_z=0.000 → xyz=(5.500,0.500,0.000)
  PASS-A(NF) | item=   6 NF zone=0 dims=(1.00x1.00x1.00) min_z=0.000 → xyz=(6.500,0.500,0.000)
  PASS-A(NF) | item=   7 NF zone=0 dims=(1.00x1.00x1.00) min_z=0.000 → xyz=(7.500,0.500,0.000)
  PASS-A(NF) | item=   8 NF zone=0 dims=(1.00x1.00x1.00) min_z=0.000 → xyz=(8.500,0.500,0.000)
  PASS-A(NF) | item=   9 NF zone=0 dims=(1.00x1.00x1.00) min_z=0.000 → xyz=(9.500,0.500,0.000)
  PASS-A(NF) | item=  10 NF zone=0 dims=(1.00x1.00x1.00) min_z=0.000 → xyz=(0.500,1.500,0.000)
  PASS-A(NF) | item=  11 NF zone=0 dims=(1.00x1.00x1.00) min_z=0.000 → xyz=(1.500,1.500,0.000)
  PASS-A(NF) | item=  12 NF zone=0 dims=(1.00x1.00x1.00) min_z=0.000 → xyz=(2.500,1.500,0.000)
  PASS-A(NF) | item=  13 NF zone=0 dims=(1.00x1.00x1.00) min_z=0.000 → xyz=(3.500,1.500,0.000)
  PASS-A(NF) | item=  14 NF zone=0 dims=(1.00x1.00x1.00) min_z=0.000 → xyz=(4.500,1.500,0.000)
  PASS-A(NF) | item=  15 NF zone=0 dims=(1.00x1.00x1.00) min_z=0.000 → xyz=(5.500,1.500,0.000)
  PASS-A(NF) | item=  16 NF zone=0 dims=(1.00x1.00x1.00) min_z=0.000 → xyz=(6.500,1.500,0.000)
  PASS-A(NF) | item=  17 NF zone=0 dims=(1.00x1.00x1.00) min_z=0.000 → xyz=(7.500,1.500,0.000)
  PASS-A(NF) | item=  18 NF zone=0 dims=(1.00x1.00x1.00) min_z=0.000 → xyz=(8.500,1.500,0.000)
  PASS-A(NF) | item=  19 NF zone=0 dims=(1.00x1.00x1.00) min_z=0.000 → xyz=(9.500,1.500,0.000)
  PASS-A(NF) | item=  20 NF zone=0 dims=(1.00x1.00x1.00) min_z=0.000 → xyz=(0.500,2.500,0.000)
  PASS-A(NF) | item=  21 NF zone=0 dims=(1.00x1.00x1.00) min_z=0.000 → xyz=(1.500,2.500,0.000)
  PASS-A(NF) | item=  22 NF zone=0 dims=(1.00x1.00x1.00) min_z=0.000 → xyz=(2.500,2.500,0.000)
  PASS-A(NF) | item=  23 NF zone=0 dims=(1.00x1.00x1.00) min_z=0.000 → xyz=(3.500,2.500,0.000)
  PASS-A(NF) | item=  24 NF zone=0 dims=(1.00x1.00x1.00) min_z=0.000 → xyz=(4.500,2.500,0.000)
  PASS-A(NF) | item=  25 NF zone=0 dims=(1.00x1.00x1.00) min_z=0.000 → xyz=(5.500,2.500,0.000)
  PASS-A(NF) | item=  26 NF zone=0 dims=(1.00x1.00x1.00) min_z=0.000 → xyz=(6.500,2.500,0.000)
  PASS-A(NF) | item=  27 NF zone=0 dims=(1.00x1.00x1.00) min_z=0.000 → xyz=(7.500,2.500,0.000)
  PASS-A(NF) | item=  28 NF zone=0 dims=(1.00x1.00x1.00) min_z=0.000 → xyz=(8.500,2.500,0.000)
  PASS-A(NF) | item=  29 NF zone=0 dims=(1.00x1.00x1.00) min_z=0.000 → xyz=(9.500,2.500,0.000)
  PASS-A(NF) | item=  30 NF zone=0 dims=(1.00x1.00x1.00) min_z=0.000 → xyz=(0.500,3.500,0.000)
  PASS-A(NF) | item=  31 NF zone=0 dims=(1.00x1.00x1.00) min_z=0.000 → xyz=(1.500,3.500,0.000)
  PASS-A(NF) | item=  32 NF zone=0 dims=(1.00x1.00x1.00) min_z=0.000 → xyz=(2.500,3.500,0.000)
  PASS-A(NF) | item=  33 NF zone=0 dims=(1.00x1.00x1.00) min_z=0.000 → xyz=(3.500,3.500,0.000)
  PASS-A(NF) | item=  34 NF zone=0 dims=(1.00x1.00x1.00) min_z=0.000 → xyz=(4.500,3.500,0.000)
  PASS-A(NF) | item=  35 NF zone=0 dims=(1.00x1.00x1.00) min_z=0.000 → xyz=(5.500,3.500,0.000)
  PASS-A(NF) | item=  36 NF zone=0 dims=(1.00x1.00x1.00) min_z=0.000 → xyz=(6.500,3.500,0.000)
  PASS-A(NF) | item=  37 NF zone=0 dims=(1.00x1.00x1.00) min_z=0.000 → xyz=(7.500,3.500,0.000)
  PASS-A(NF) | item=  38 NF zone=0 dims=(1.00x1.00x1.00) min_z=0.000 → xyz=(8.500,3.500,0.000)
  PASS-A(NF) | item=  39 NF zone=0 dims=(1.00x1.00x1.00) min_z=0.000 → xyz=(9.500,3.500,0.000)
  PASS-A(NF) | item=  40 NF zone=0 dims=(1.00x1.00x1.00) min_z=0.000 → xyz=(0.500,4.500,0.000)
  PASS-A(NF) | item=  41 NF zone=0 dims=(1.00x1.00x1.00) min_z=0.000 → xyz=(1.500,4.500,0.000)
  PASS-A(NF) | item=  42 NF zone=0 dims=(1.00x1.00x1.00) min_z=0.000 → xyz=(2.500,4.500,0.000)
  PASS-A(NF) | item=  43 NF zone=0 dims=(1.00x1.00x1.00) min_z=0.000 → xyz=(3.500,4.500,0.000)
  PASS-A(NF) | item=  44 NF zone=0 dims=(1.00x1.00x1.00) min_z=0.000 → xyz=(4.500,4.500,0.000)
  PASS-A(NF) | item=  45 NF zone=0 dims=(1.00x1.00x1.00) min_z=0.000 → xyz=(5.500,4.500,0.000)
  PASS-A(NF) | item=  46 NF zone=0 dims=(1.00x1.00x1.00) min_z=0.000 → xyz=(6.500,4.500,0.000)
  PASS-A(NF) | item=  47 NF zone=0 dims=(1.00x1.00x1.00) min_z=0.000 → xyz=(7.500,4.500,0.000)
  PASS-A(NF) | item=  48 NF zone=0 dims=(1.00x1.00x1.00) min_z=0.000 → xyz=(8.500,4.500,0.000)
  PASS-A(NF) | item=  49 NF zone=0 dims=(1.00x1.00x1.00) min_z=0.000 → xyz=(9.500,4.500,0.000)
  PASS-A(NF) | item=  50 NF zone=0 dims=(1.00x1.00x1.00) min_z=0.000 → xyz=(0.500,5.500,0.000)
  PASS-A(NF) | item=  51 NF zone=0 dims=(1.00x1.00x1.00) min_z=0.000 → xyz=(1.500,5.500,0.000)
  PASS-A(NF) | item=  52 NF zone=0 dims=(1.00x1.00x1.00) min_z=0.000 → xyz=(2.500,5.500,0.000)
  PASS-A(NF) | item=  53 NF zone=0 dims=(1.00x1.00x1.00) min_z=0.000 → xyz=(3.500,5.500,0.000)
  PASS-A(NF) | item=  54 NF zone=0 dims=(1.00x1.00x1.00) min_z=0.000 → xyz=(4.500,5.500,0.000)
  PASS-A(NF) | item=  55 NF zone=0 dims=(1.00x1.00x1.00) min_z=0.000 → xyz=(5.500,5.500,0.000)
  PASS-A(NF) | item=  56 NF zone=0 dims=(1.00x1.00x1.00) min_z=0.000 → xyz=(6.500,5.500,0.000)
  PASS-A(NF) | item=  57 NF zone=0 dims=(1.00x1.00x1.00) min_z=0.000 → xyz=(7.500,5.500,0.000)
  PASS-A(NF) | item=  58 NF zone=0 dims=(1.00x1.00x1.00) min_z=0.000 → xyz=(8.500,5.500,0.000)
  PASS-A(NF) | item=  59 NF zone=0 dims=(1.00x1.00x1.00) min_z=0.000 → xyz=(9.500,5.500,0.000)
  PASS-A(NF) | item=  60 NF zone=0 dims=(1.00x1.00x1.00) min_z=0.000 → xyz=(0.500,6.500,0.000)
  PASS-A(NF) | item=  61 NF zone=0 dims=(1.00x1.00x1.00) min_z=0.000 → xyz=(1.500,6.500,0.000)
  PASS-A(NF) | item=  62 NF zone=0 dims=(1.00x1.00x1.00) min_z=0.000 → xyz=(2.500,6.500,0.000)
  PASS-A(NF) | item=  63 NF zone=0 dims=(1.00x1.00x1.00) min_z=0.000 → xyz=(3.500,6.500,0.000)
  PASS-A(NF) | item=  64 NF zone=0 dims=(1.00x1.00x1.00) min_z=0.000 → xyz=(4.500,6.500,0.000)
  PASS-A(NF) | item=  65 NF zone=0 dims=(1.00x1.00x1.00) min_z=0.000 → xyz=(5.500,6.500,0.000)
  PASS-A(NF) | item=  66 NF zone=0 dims=(1.00x1.00x1.00) min_z=0.000 → xyz=(6.500,6.500,0.000)
  PASS-A(NF) | item=  67 NF zone=0 dims=(1.00x1.00x1.00) min_z=0.000 → xyz=(7.500,6.500,0.000)
  PASS-A(NF) | item=  68 NF zone=0 dims=(1.00x1.00x1.00) min_z=0.000 → xyz=(8.500,6.500,0.000)
  PASS-A(NF) | item=  69 NF zone=0 dims=(1.00x1.00x1.00) min_z=0.000 → xyz=(9.500,6.500,0.000)
  PASS-A(NF) | item=  70 NF zone=0 dims=(1.00x1.00x1.00) min_z=0.000 → xyz=(0.500,7.500,0.000)
  PASS-A(NF) | item=  71 NF zone=0 dims=(1.00x1.00x1.00) min_z=0.000 → xyz=(1.500,7.500,0.000)
  PASS-A(NF) | item=  72 NF zone=0 dims=(1.00x1.00x1.00) min_z=0.000 → xyz=(2.500,7.500,0.000)
  PASS-A(NF) | item=  73 NF zone=0 dims=(1.00x1.00x1.00) min_z=0.000 → xyz=(3.500,7.500,0.000)
  PASS-A(NF) | item=  74 NF zone=0 dims=(1.00x1.00x1.00) min_z=0.000 → xyz=(4.500,7.500,0.000)
  PASS-A(NF) | item=  75 NF zone=0 dims=(1.00x1.00x1.00) min_z=0.000 → xyz=(5.500,7.500,0.000)
  PASS-A(NF) | item=  76 NF zone=0 dims=(1.00x1.00x1.00) min_z=0.000 → xyz=(6.500,7.500,0.000)
  PASS-A(NF) | item=  77 NF zone=0 dims=(1.00x1.00x1.00) min_z=0.000 → xyz=(7.500,7.500,0.000)
  PASS-A(NF) | item=  78 NF zone=0 dims=(1.00x1.00x1.00) min_z=0.000 → xyz=(8.500,7.500,0.000)
  PASS-A(NF) | item=  79 NF zone=0 dims=(1.00x1.00x1.00) min_z=0.000 → xyz=(9.500,7.500,0.000)
  PASS-A(NF) | item=  80 NF zone=0 dims=(1.00x1.00x1.00) min_z=0.000 → xyz=(0.500,8.500,0.000)
  PASS-A(NF) | item=  81 NF zone=0 dims=(1.00x1.00x1.00) min_z=0.000 → xyz=(1.500,8.500,0.000)
  PASS-A(NF) | item=  82 NF zone=0 dims=(1.00x1.00x1.00) min_z=0.000 → xyz=(2.500,8.500,0.000)
  PASS-A(NF) | item=  83 NF zone=0 dims=(1.00x1.00x1.00) min_z=0.000 → xyz=(3.500,8.500,0.000)
  PASS-A(NF) | item=  84 NF zone=0 dims=(1.00x1.00x1.00) min_z=0.000 → xyz=(4.500,8.500,0.000)
  PASS-A(NF) | item=  85 NF zone=0 dims=(1.00x1.00x1.00) min_z=0.000 → xyz=(5.500,8.500,0.000)
  PASS-A(NF) | item=  86 NF zone=0 dims=(1.00x1.00x1.00) min_z=0.000 → xyz=(6.500,8.500,0.000)
  PASS-A(NF) | item=  87 NF zone=0 dims=(1.00x1.00x1.00) min_z=0.000 → xyz=(7.500,8.500,0.000)
  PASS-A(NF) | item=  88 NF zone=0 dims=(1.00x1.00x1.00) min_z=0.000 → xyz=(8.500,8.500,0.000)
  PASS-A(NF) | item=  89 NF zone=0 dims=(1.00x1.00x1.00) min_z=0.000 → xyz=(9.500,8.500,0.000)
  PASS-A(NF) | item=  90 NF zone=0 dims=(1.00x1.00x1.00) min_z=0.000 → xyz=(0.500,9.500,0.000)
  PASS-A(NF) | item=  91 NF zone=0 dims=(1.00x1.00x1.00) min_z=0.000 → xyz=(1.500,9.500,0.000)
  PASS-A(NF) | item=  92 NF zone=0 dims=(1.00x1.00x1.00) min_z=0.000 → xyz=(2.500,9.500,0.000)
  PASS-A(NF) | item=  93 NF zone=0 dims=(1.00x1.00x1.00) min_z=0.000 → xyz=(3.500,9.500,0.000)
  PASS-A(NF) | item=  94 NF zone=0 dims=(1.00x1.00x1.00) min_z=0.000 → xyz=(4.500,9.500,0.000)
  PASS-A(NF) | item=  95 NF zone=0 dims=(1.00x1.00x1.00) min_z=0.000 → xyz=(5.500,9.500,0.000)
  PASS-A(NF) | item=  96 NF zone=0 dims=(1.00x1.00x1.00) min_z=0.000 → xyz=(6.500,9.500,0.000)
  PASS-A(NF) | item=  97 NF zone=0 dims=(1.00x1.00x1.00) min_z=0.000 → xyz=(7.500,9.500,0.000)
  PASS-A(NF) | item=  98 NF zone=0 dims=(1.00x1.00x1.00) min_z=0.000 → xyz=(8.500,9.500,0.000)
  PASS-A(NF) | item=  99 NF zone=0 dims=(1.00x1.00x1.00) min_z=0.000 → xyz=(9.500,9.500,0.000)
  PASS-A(NF) | item= 100 NF zone=0 dims=(1.00x1.00x1.00) min_z=0.000 → xyz=(0.500,0.500,1.000)
  PASS-A(NF) | item= 101 NF zone=0 dims=(1.00x1.00x1.00) min_z=0.000 → xyz=(1.500,0.500,1.000)
  PASS-A(NF) | item= 102 NF zone=0 dims=(1.00x1.00x1.00) min_z=0.000 → xyz=(2.500,0.500,1.000)
  PASS-A(NF) | item= 103 NF zone=0 dims=(1.00x1.00x1.00) min_z=0.000 → xyz=(3.500,0.500,1.000)
  PASS-A(NF) | item= 104 NF zone=0 dims=(1.00x1.00x1.00) min_z=0.000 → xyz=(4.500,0.500,1.000)
  PASS-A(NF) | item= 105 NF zone=0 dims=(1.00x1.00x1.00) min_z=0.000 → xyz=(5.500,0.500,1.000)
  PASS-A(NF) | item= 106 NF zone=0 dims=(1.00x1.00x1.00) min_z=0.000 → xyz=(6.500,0.500,1.000)
  PASS-A(NF) | item= 107 NF zone=0 dims=(1.00x1.00x1.00) min_z=0.000 → xyz=(7.500,0.500,1.000)
  PASS-A(NF) | item= 108 NF zone=0 dims=(1.00x1.00x1.00) min_z=0.000 → xyz=(8.500,0.500,1.000)
  PASS-A(NF) | item= 109 NF zone=0 dims=(1.00x1.00x1.00) min_z=0.000 → xyz=(9.500,0.500,1.000)
  PASS-A(NF) | item= 110 NF zone=0 dims=(1.00x1.00x1.00) min_z=0.000 → xyz=(0.500,1.500,1.000)
  PASS-A(NF) | item= 111 NF zone=0 dims=(1.00x1.00x1.00) min_z=0.000 → xyz=(1.500,1.500,1.000)
  PASS-A(NF) | item= 112 NF zone=0 dims=(1.00x1.00x1.00) min_z=0.000 → xyz=(2.500,1.500,1.000)
  PASS-A(NF) | item= 113 NF zone=0 dims=(1.00x1.00x1.00) min_z=0.000 → xyz=(3.500,1.500,1.000)
  PASS-A(NF) | item= 114 NF zone=0 dims=(1.00x1.00x1.00) min_z=0.000 → xyz=(4.500,1.500,1.000)
  PASS-A(NF) | item= 115 NF zone=0 dims=(1.00x1.00x1.00) min_z=0.000 → xyz=(5.500,1.500,1.000)
  PASS-A(NF) | item= 116 NF zone=0 dims=(1.00x1.00x1.00) min_z=0.000 → xyz=(6.500,1.500,1.000)
  PASS-A(NF) | item= 117 NF zone=0 dims=(1.00x1.00x1.00) min_z=0.000 → xyz=(7.500,1.500,1.000)
  PASS-A(NF) | item= 118 NF zone=0 dims=(1.00x1.00x1.00) min_z=0.000 → xyz=(8.500,1.500,1.000)
  PASS-A(NF) | item= 119 NF zone=0 dims=(1.00x1.00x1.00) min_z=0.000 → xyz=(9.500,1.500,1.000)
  PASS-A(NF) | item= 120 NF zone=0 dims=(1.00x1.00x1.00) min_z=0.000 → xyz=(0.500,2.500,1.000)
  PASS-A(NF) | item= 121 NF zone=0 dims=(1.00x1.00x1.00) min_z=0.000 → xyz=(1.500,2.500,1.000)
  PASS-A(NF) | item= 122 NF zone=0 dims=(1.00x1.00x1.00) min_z=0.000 → xyz=(2.500,2.500,1.000)
  PASS-A(NF) | item= 123 NF zone=0 dims=(1.00x1.00x1.00) min_z=0.000 → xyz=(3.500,2.500,1.000)
  PASS-A(NF) | item= 124 NF zone=0 dims=(1.00x1.00x1.00) min_z=0.000 → xyz=(4.500,2.500,1.000)
  PASS-A(NF) | item= 125 NF zone=0 dims=(1.00x1.00x1.00) min_z=0.000 → xyz=(5.500,2.500,1.000)
  PASS-A(NF) | item= 126 NF zone=0 dims=(1.00x1.00x1.00) min_z=0.000 → xyz=(6.500,2.500,1.000)
  PASS-A(NF) | item= 127 NF zone=0 dims=(1.00x1.00x1.00) min_z=0.000 → xyz=(7.500,2.500,1.000)
  PASS-A(NF) | item= 128 NF zone=0 dims=(1.00x1.00x1.00) min_z=0.000 → xyz=(8.500,2.500,1.000)
  PASS-A(NF) | item= 129 NF zone=0 dims=(1.00x1.00x1.00) min_z=0.000 → xyz=(9.500,2.500,1.000)
  PASS-A(NF) | item= 130 NF zone=0 dims=(1.00x1.00x1.00) min_z=0.000 → xyz=(0.500,3.500,1.000)
  PASS-A(NF) | item= 131 NF zone=0 dims=(1.00x1.00x1.00) min_z=0.000 → xyz=(1.500,3.500,1.000)
  PASS-A(NF) | item= 132 NF zone=0 dims=(1.00x1.00x1.00) min_z=0.000 → xyz=(2.500,3.500,1.000)
  PASS-A(NF) | item= 133 NF zone=0 dims=(1.00x1.00x1.00) min_z=0.000 → xyz=(3.500,3.500,1.000)
  PASS-A(NF) | item= 134 NF zone=0 dims=(1.00x1.00x1.00) min_z=0.000 → xyz=(4.500,3.500,1.000)
  PASS-A(NF) | item= 135 NF zone=0 dims=(1.00x1.00x1.00) min_z=0.000 → xyz=(5.500,3.500,1.000)
  PASS-A(NF) | item= 136 NF zone=0 dims=(1.00x1.00x1.00) min_z=0.000 → xyz=(6.500,3.500,1.000)
  PASS-A(NF) | item= 137 NF zone=0 dims=(1.00x1.00x1.00) min_z=0.000 → xyz=(7.500,3.500,1.000)
  PASS-A(NF) | item= 138 NF zone=0 dims=(1.00x1.00x1.00) min_z=0.000 → xyz=(8.500,3.500,1.000)
  PASS-A(NF) | item= 139 NF zone=0 dims=(1.00x1.00x1.00) min_z=0.000 → xyz=(9.500,3.500,1.000)
  PASS-A(NF) | item= 140 NF zone=0 dims=(1.00x1.00x1.00) min_z=0.000 → xyz=(0.500,4.500,1.000)
  PASS-A(NF) | item= 141 NF zone=0 dims=(1.00x1.00x1.00) min_z=0.000 → xyz=(1.500,4.500,1.000)
  PASS-A(NF) | item= 142 NF zone=0 dims=(1.00x1.00x1.00) min_z=0.000 → xyz=(2.500,4.500,1.000)
  PASS-A(NF) | item= 143 NF zone=0 dims=(1.00x1.00x1.00) min_z=0.000 → xyz=(3.500,4.500,1.000)
  PASS-A(NF) | item= 144 NF zone=0 dims=(1.00x1.00x1.00) min_z=0.000 → xyz=(4.500,4.500,1.000)
  PASS-A(NF) | item= 145 NF zone=0 dims=(1.00x1.00x1.00) min_z=0.000 → xyz=(5.500,4.500,1.000)
  PASS-A(NF) | item= 146 NF zone=0 dims=(1.00x1.00x1.00) min_z=0.000 → xyz=(6.500,4.500,1.000)
  PASS-A(NF) | item= 147 NF zone=1 dims=(1.00x1.00x1.00) min_z=0.000 → xyz=(0.500,0.500,3.000)
  PASS-A(NF) | item= 148 NF zone=1 dims=(1.00x1.00x1.00) min_z=0.000 → xyz=(1.500,0.500,3.000)
  PASS-A(NF) | item= 149 NF zone=1 dims=(1.00x1.00x1.00) min_z=0.000 → xyz=(2.500,0.500,3.000)
  PASS-A(NF) | item= 150 NF zone=1 dims=(1.00x1.00x1.00) min_z=0.000 → xyz=(3.500,0.500,3.000)
  PASS-A(NF) | item= 151 NF zone=1 dims=(1.00x1.00x1.00) min_z=0.000 → xyz=(4.500,0.500,3.000)
  PASS-A(NF) | item= 152 NF zone=1 dims=(1.00x1.00x1.00) min_z=0.000 → xyz=(5.500,0.500,3.000)
  PASS-A(NF) | item= 153 NF zone=1 dims=(1.00x1.00x1.00) min_z=0.000 → xyz=(6.500,0.500,3.000)
  PASS-A(NF) | item= 154 NF zone=1 dims=(1.00x1.00x1.00) min_z=0.000 → xyz=(7.500,0.500,3.000)
  PASS-A(NF) | item= 155 NF zone=1 dims=(1.00x1.00x1.00) min_z=0.000 → xyz=(8.500,0.500,3.000)
  PASS-A(NF) | item= 156 NF zone=1 dims=(1.00x1.00x1.00) min_z=0.000 → xyz=(9.500,0.500,3.000)
  PASS-A(NF) | item= 157 NF zone=1 dims=(1.00x1.00x1.00) min_z=0.000 → xyz=(0.500,1.500,3.000)
  PASS-A(NF) | item= 158 NF zone=1 dims=(1.00x1.00x1.00) min_z=0.000 → xyz=(1.500,1.500,3.000)
  PASS-A(NF) | item= 159 NF zone=1 dims=(1.00x1.00x1.00) min_z=0.000 → xyz=(2.500,1.500,3.000)
  PASS-A(NF) | item= 160 NF zone=1 dims=(1.00x1.00x1.00) min_z=0.000 → xyz=(3.500,1.500,3.000)
  PASS-A(NF) | item= 161 NF zone=1 dims=(1.00x1.00x1.00) min_z=0.000 → xyz=(4.500,1.500,3.000)
  PASS-A(NF) | item= 162 NF zone=1 dims=(1.00x1.00x1.00) min_z=0.000 → xyz=(5.500,1.500,3.000)
  PASS-A(NF) | item= 163 NF zone=1 dims=(1.00x1.00x1.00) min_z=0.000 → xyz=(6.500,1.500,3.000)
  PASS-A(NF) | item= 164 NF zone=1 dims=(1.00x1.00x1.00) min_z=0.000 → xyz=(7.500,1.500,3.000)
  PASS-A(NF) | item= 165 NF zone=1 dims=(1.00x1.00x1.00) min_z=0.000 → xyz=(8.500,1.500,3.000)
  PASS-A(NF) | item= 166 NF zone=1 dims=(1.00x1.00x1.00) min_z=0.000 → xyz=(9.500,1.500,3.000)
  PASS-A(NF) | item= 167 NF zone=1 dims=(1.00x1.00x1.00) min_z=0.000 → xyz=(0.500,2.500,3.000)
  PASS-A(NF) | item= 168 NF zone=1 dims=(1.00x1.00x1.00) min_z=0.000 → xyz=(1.500,2.500,3.000)
  PASS-A(NF) | item= 169 NF zone=1 dims=(1.00x1.00x1.00) min_z=0.000 → xyz=(2.500,2.500,3.000)
  PASS-A(NF) | item= 170 NF zone=1 dims=(1.00x1.00x1.00) min_z=0.000 → xyz=(3.500,2.500,3.000)
  PASS-A(NF) | item= 171 NF zone=1 dims=(1.00x1.00x1.00) min_z=0.000 → xyz=(4.500,2.500,3.000)
  PASS-A(NF) | item= 172 NF zone=1 dims=(1.00x1.00x1.00) min_z=0.000 → xyz=(5.500,2.500,3.000)
  PASS-A(NF) | item= 173 NF zone=1 dims=(1.00x1.00x1.00) min_z=0.000 → xyz=(6.500,2.500,3.000)
  PASS-A(NF) | item= 174 NF zone=1 dims=(1.00x1.00x1.00) min_z=0.000 → xyz=(7.500,2.500,3.000)
  PASS-A(NF) | item= 175 NF zone=1 dims=(1.00x1.00x1.00) min_z=0.000 → xyz=(8.500,2.500,3.000)
  PASS-A(NF) | item= 176 NF zone=1 dims=(1.00x1.00x1.00) min_z=0.000 → xyz=(9.500,2.500,3.000)
  PASS-A(NF) | item= 177 NF zone=1 dims=(1.00x1.00x1.00) min_z=0.000 → xyz=(0.500,3.500,3.000)
  PASS-A(NF) | item= 178 NF zone=1 dims=(1.00x1.00x1.00) min_z=0.000 → xyz=(1.500,3.500,3.000)
  PASS-A(NF) | item= 179 NF zone=1 dims=(1.00x1.00x1.00) min_z=0.000 → xyz=(2.500,3.500,3.000)
  PASS-A(NF) | item= 180 NF zone=1 dims=(1.00x1.00x1.00) min_z=0.000 → xyz=(3.500,3.500,3.000)
  PASS-A(NF) | item= 181 NF zone=1 dims=(1.00x1.00x1.00) min_z=0.000 → xyz=(4.500,3.500,3.000)
  PASS-A(NF) | item= 182 NF zone=1 dims=(1.00x1.00x1.00) min_z=0.000 → xyz=(5.500,3.500,3.000)
  PASS-A(NF) | item= 183 NF zone=1 dims=(1.00x1.00x1.00) min_z=0.000 → xyz=(6.500,3.500,3.000)
  PASS-A(NF) | item= 184 NF zone=1 dims=(1.00x1.00x1.00) min_z=0.000 → xyz=(7.500,3.500,3.000)
  PASS-A(NF) | item= 185 NF zone=1 dims=(1.00x1.00x1.00) min_z=0.000 → xyz=(8.500,3.500,3.000)
  PASS-A(NF) | item= 186 NF zone=1 dims=(1.00x1.00x1.00) min_z=0.000 → xyz=(9.500,3.500,3.000)
  PASS-A(NF) | item= 187 NF zone=1 dims=(1.00x1.00x1.00) min_z=0.000 → xyz=(0.500,4.500,3.000)
  PASS-A(NF) | item= 188 NF zone=1 dims=(1.00x1.00x1.00) min_z=0.000 → xyz=(1.500,4.500,3.000)
  PASS-A(NF) | item= 189 NF zone=1 dims=(1.00x1.00x1.00) min_z=0.000 → xyz=(2.500,4.500,3.000)
  PASS-A(NF) | item= 190 NF zone=1 dims=(1.00x1.00x1.00) min_z=0.000 → xyz=(3.500,4.500,3.000)
  PASS-A(NF) | item= 191 NF zone=1 dims=(1.00x1.00x1.00) min_z=0.000 → xyz=(4.500,4.500,3.000)
  PASS-A(NF) | item= 192 NF zone=1 dims=(1.00x1.00x1.00) min_z=0.000 → xyz=(5.500,4.500,3.000)
  PASS-A(NF) | item= 193 NF zone=1 dims=(1.00x1.00x1.00) min_z=0.000 → xyz=(6.500,4.500,3.000)
  PASS-A(NF) | item= 194 NF zone=1 dims=(1.00x1.00x1.00) min_z=0.000 → xyz=(7.500,4.500,3.000)
  PASS-A(NF) | item= 195 NF zone=1 dims=(1.00x1.00x1.00) min_z=0.000 → xyz=(8.500,4.500,3.000)
  PASS-A(NF) | item= 196 NF zone=1 dims=(1.00x1.00x1.00) min_z=0.000 → xyz=(9.500,4.500,3.000)
  PASS-A(NF) | item= 197 NF zone=1 dims=(1.00x1.00x1.00) min_z=0.000 → xyz=(0.500,5.500,3.000)
  PASS-A(NF) | item= 198 NF zone=1 dims=(1.00x1.00x1.00) min_z=0.000 → xyz=(1.500,5.500,3.000)
  PASS-A(NF) | item= 199 NF zone=1 dims=(1.00x1.00x1.00) min_z=0.000 → xyz=(2.500,5.500,3.000)
  PASS-A(NF) | item= 200 NF zone=1 dims=(1.00x1.00x1.00) min_z=0.000 → xyz=(3.500,5.500,3.000)
  PASS-A(NF) | item= 201 NF zone=1 dims=(1.00x1.00x1.00) min_z=0.000 → xyz=(4.500,5.500,3.000)
  PASS-A(NF) | item= 202 NF zone=1 dims=(1.00x1.00x1.00) min_z=0.000 → xyz=(5.500,5.500,3.000)
  PASS-A(NF) | item= 203 NF zone=1 dims=(1.00x1.00x1.00) min_z=0.000 → xyz=(6.500,5.500,3.000)
  PASS-A(NF) | item= 204 NF zone=1 dims=(1.00x1.00x1.00) min_z=0.000 → xyz=(7.500,5.500,3.000)
  PASS-A(NF) | item= 205 NF zone=1 dims=(1.00x1.00x1.00) min_z=0.000 → xyz=(8.500,5.500,3.000)
  PASS-A(NF) | item= 206 NF zone=1 dims=(1.00x1.00x1.00) min_z=0.000 → xyz=(9.500,5.500,3.000)
  PASS-A(NF) | item= 207 NF zone=1 dims=(1.00x1.00x1.00) min_z=0.000 → xyz=(0.500,6.500,3.000)
  PASS-A(NF) | item= 208 NF zone=1 dims=(1.00x1.00x1.00) min_z=0.000 → xyz=(1.500,6.500,3.000)
  PASS-A(NF) | item= 209 NF zone=1 dims=(1.00x1.00x1.00) min_z=0.000 → xyz=(2.500,6.500,3.000)
  PASS-A(NF) | item= 210 NF zone=1 dims=(1.00x1.00x1.00) min_z=0.000 → xyz=(3.500,6.500,3.000)
  PASS-A(NF) | item= 211 NF zone=1 dims=(1.00x1.00x1.00) min_z=0.000 → xyz=(4.500,6.500,3.000)
  PASS-A(NF) | item= 212 NF zone=1 dims=(1.00x1.00x1.00) min_z=0.000 → xyz=(5.500,6.500,3.000)
  PASS-A(NF) | item= 213 NF zone=1 dims=(1.00x1.00x1.00) min_z=0.000 → xyz=(6.500,6.500,3.000)
  PASS-A(NF) | item= 214 NF zone=1 dims=(1.00x1.00x1.00) min_z=0.000 → xyz=(7.500,6.500,3.000)
  PASS-A(NF) | item= 215 NF zone=1 dims=(1.00x1.00x1.00) min_z=0.000 → xyz=(8.500,6.500,3.000)
  PASS-A(NF) | item= 216 NF zone=1 dims=(1.00x1.00x1.00) min_z=0.000 → xyz=(9.500,6.500,3.000)
  PASS-A(NF) | item= 217 NF zone=1 dims=(1.00x1.00x1.00) min_z=0.000 → xyz=(0.500,7.500,3.000)
  PASS-A(NF) | item= 218 NF zone=1 dims=(1.00x1.00x1.00) min_z=0.000 → xyz=(1.500,7.500,3.000)
  PASS-A(NF) | item= 219 NF zone=1 dims=(1.00x1.00x1.00) min_z=0.000 → xyz=(2.500,7.500,3.000)
  PASS-A(NF) | item= 220 NF zone=1 dims=(1.00x1.00x1.00) min_z=0.000 → xyz=(3.500,7.500,3.000)
  PASS-A(NF) | item= 221 NF zone=1 dims=(1.00x1.00x1.00) min_z=0.000 → xyz=(4.500,7.500,3.000)
  PASS-A(NF) | item= 222 NF zone=1 dims=(1.00x1.00x1.00) min_z=0.000 → xyz=(5.500,7.500,3.000)
  PASS-A(NF) | item= 223 NF zone=1 dims=(1.00x1.00x1.00) min_z=0.000 → xyz=(6.500,7.500,3.000)
  PASS-A(NF) | item= 224 NF zone=1 dims=(1.00x1.00x1.00) min_z=0.000 → xyz=(7.500,7.500,3.000)
  PASS-A(NF) | item= 225 NF zone=1 dims=(1.00x1.00x1.00) min_z=0.000 → xyz=(8.500,7.500,3.000)
  PASS-A(NF) | item= 226 NF zone=1 dims=(1.00x1.00x1.00) min_z=0.000 → xyz=(9.500,7.500,3.000)
  PASS-A(NF) | item= 227 NF zone=1 dims=(1.00x1.00x1.00) min_z=0.000 → xyz=(0.500,8.500,3.000)
  PASS-A(NF) | item= 228 NF zone=1 dims=(1.00x1.00x1.00) min_z=0.000 → xyz=(1.500,8.500,3.000)
  PASS-A(NF) | item= 229 NF zone=1 dims=(1.00x1.00x1.00) min_z=0.000 → xyz=(2.500,8.500,3.000)
  PASS-A(NF) | item= 230 NF zone=1 dims=(1.00x1.00x1.00) min_z=0.000 → xyz=(3.500,8.500,3.000)
  PASS-A(NF) | item= 231 NF zone=1 dims=(1.00x1.00x1.00) min_z=0.000 → xyz=(4.500,8.500,3.000)
  PASS-A(NF) | item= 232 NF zone=1 dims=(1.00x1.00x1.00) min_z=0.000 → xyz=(5.500,8.500,3.000)
  PASS-A(NF) | item= 233 NF zone=1 dims=(1.00x1.00x1.00) min_z=0.000 → xyz=(6.500,8.500,3.000)
  PASS-A(NF) | item= 234 NF zone=1 dims=(1.00x1.00x1.00) min_z=0.000 → xyz=(7.500,8.500,3.000)
  PASS-A(NF) | item= 235 NF zone=1 dims=(1.00x1.00x1.00) min_z=0.000 → xyz=(8.500,8.500,3.000)
  PASS-A(NF) | item= 236 NF zone=1 dims=(1.00x1.00x1.00) min_z=0.000 → xyz=(9.500,8.500,3.000)
  PASS-A(NF) | item= 237 NF zone=1 dims=(1.00x1.00x1.00) min_z=0.000 → xyz=(0.500,9.500,3.000)
  PASS-A(NF) | item= 238 NF zone=1 dims=(1.00x1.00x1.00) min_z=0.000 → xyz=(1.500,9.500,3.000)
  PASS-A(NF) | item= 239 NF zone=1 dims=(1.00x1.00x1.00) min_z=0.000 → xyz=(2.500,9.500,3.000)
  PASS-A(NF) | item= 240 NF zone=1 dims=(1.00x1.00x1.00) min_z=0.000 → xyz=(3.500,9.500,3.000)
  PASS-A(NF) | item= 241 NF zone=1 dims=(1.00x1.00x1.00) min_z=0.000 → xyz=(4.500,9.500,3.000)
  PASS-A(NF) | item= 242 NF zone=1 dims=(1.00x1.00x1.00) min_z=0.000 → xyz=(5.500,9.500,3.000)
  PASS-A(NF) | item= 243 NF zone=1 dims=(1.00x1.00x1.00) min_z=0.000 → xyz=(6.500,9.500,3.000)
  PASS-A(NF) | item= 244 NF zone=1 dims=(1.00x1.00x1.00) min_z=0.000 → xyz=(7.500,9.500,3.000)
  PASS-A(NF) | item= 245 NF zone=1 dims=(1.00x1.00x1.00) min_z=0.000 → xyz=(8.500,9.500,3.000)
  PASS-A(NF) | item= 246 NF zone=1 dims=(1.00x1.00x1.00) min_z=0.000 → xyz=(9.500,9.500,3.000)
  PASS-A(NF) | item= 247 NF zone=1 dims=(1.00x1.00x1.00) min_z=0.000 → xyz=(0.500,0.500,4.000)
  PASS-A(NF) | item= 248 NF zone=1 dims=(1.00x1.00x1.00) min_z=0.000 → xyz=(1.500,0.500,4.000)
  PASS-A(NF) | item= 249 NF zone=1 dims=(1.00x1.00x1.00) min_z=0.000 → xyz=(2.500,0.500,4.000)
--- PASS B: NF top-Z per zone: {0: np.float64(2.0), 1: np.float64(5.0)} ---
--- PASS C: 250 Fragile items ---
  PASS-C(FR) | item= 250 FR zone=0 dims=(1.00x1.00x1.00) min_z=0.000 → xyz=(7.500,4.500,1.000)
  PASS-C(FR) | item= 251 FR zone=0 dims=(1.00x1.00x1.00) min_z=0.000 → xyz=(8.500,4.500,1.000)
  PASS-C(FR) | item= 252 FR zone=0 dims=(1.00x1.00x1.00) min_z=0.000 → xyz=(9.500,4.500,1.000)
  PASS-C(FR) | item= 253 FR zone=0 dims=(1.00x1.00x1.00) min_z=0.000 → xyz=(0.500,5.500,1.000)
  PASS-C(FR) | item= 254 FR zone=0 dims=(1.00x1.00x1.00) min_z=0.000 → xyz=(1.500,5.500,1.000)
  PASS-C(FR) | item= 255 FR zone=0 dims=(1.00x1.00x1.00) min_z=0.000 → xyz=(2.500,5.500,1.000)
  PASS-C(FR) | item= 256 FR zone=0 dims=(1.00x1.00x1.00) min_z=0.000 → xyz=(3.500,5.500,1.000)
  PASS-C(FR) | item= 257 FR zone=0 dims=(1.00x1.00x1.00) min_z=0.000 → xyz=(4.500,5.500,1.000)
  PASS-C(FR) | item= 258 FR zone=0 dims=(1.00x1.00x1.00) min_z=0.000 → xyz=(5.500,5.500,1.000)
  PASS-C(FR) | item= 259 FR zone=0 dims=(1.00x1.00x1.00) min_z=0.000 → xyz=(6.500,5.500,1.000)
  PASS-C(FR) | item= 260 FR zone=0 dims=(1.00x1.00x1.00) min_z=0.000 → xyz=(7.500,5.500,1.000)
  PASS-C(FR) | item= 261 FR zone=0 dims=(1.00x1.00x1.00) min_z=0.000 → xyz=(8.500,5.500,1.000)
  PASS-C(FR) | item= 262 FR zone=0 dims=(1.00x1.00x1.00) min_z=0.000 → xyz=(9.500,5.500,1.000)
  PASS-C(FR) | item= 263 FR zone=0 dims=(1.00x1.00x1.00) min_z=0.000 → xyz=(0.500,6.500,1.000)
  PASS-C(FR) | item= 264 FR zone=0 dims=(1.00x1.00x1.00) min_z=0.000 → xyz=(1.500,6.500,1.000)
  PASS-C(FR) | item= 265 FR zone=0 dims=(1.00x1.00x1.00) min_z=0.000 → xyz=(2.500,6.500,1.000)
  PASS-C(FR) | item= 266 FR zone=0 dims=(1.00x1.00x1.00) min_z=0.000 → xyz=(3.500,6.500,1.000)
  PASS-C(FR) | item= 267 FR zone=0 dims=(1.00x1.00x1.00) min_z=0.000 → xyz=(4.500,6.500,1.000)
  PASS-C(FR) | item= 268 FR zone=0 dims=(1.00x1.00x1.00) min_z=0.000 → xyz=(5.500,6.500,1.000)
  PASS-C(FR) | item= 269 FR zone=0 dims=(1.00x1.00x1.00) min_z=0.000 → xyz=(6.500,6.500,1.000)
  PASS-C(FR) | item= 270 FR zone=0 dims=(1.00x1.00x1.00) min_z=0.000 → xyz=(7.500,6.500,1.000)
  PASS-C(FR) | item= 271 FR zone=0 dims=(1.00x1.00x1.00) min_z=0.000 → xyz=(8.500,6.500,1.000)
  PASS-C(FR) | item= 272 FR zone=0 dims=(1.00x1.00x1.00) min_z=0.000 → xyz=(9.500,6.500,1.000)
  PASS-C(FR) | item= 273 FR zone=0 dims=(1.00x1.00x1.00) min_z=0.000 → xyz=(0.500,7.500,1.000)
  PASS-C(FR) | item= 274 FR zone=0 dims=(1.00x1.00x1.00) min_z=0.000 → xyz=(1.500,7.500,1.000)
  PASS-C(FR) | item= 275 FR zone=0 dims=(1.00x1.00x1.00) min_z=0.000 → xyz=(2.500,7.500,1.000)
  PASS-C(FR) | item= 276 FR zone=0 dims=(1.00x1.00x1.00) min_z=0.000 → xyz=(3.500,7.500,1.000)
  PASS-C(FR) | item= 277 FR zone=0 dims=(1.00x1.00x1.00) min_z=0.000 → xyz=(4.500,7.500,1.000)
  PASS-C(FR) | item= 278 FR zone=0 dims=(1.00x1.00x1.00) min_z=0.000 → xyz=(5.500,7.500,1.000)
  PASS-C(FR) | item= 279 FR zone=0 dims=(1.00x1.00x1.00) min_z=0.000 → xyz=(6.500,7.500,1.000)
  PASS-C(FR) | item= 280 FR zone=0 dims=(1.00x1.00x1.00) min_z=0.000 → xyz=(7.500,7.500,1.000)
  PASS-C(FR) | item= 281 FR zone=0 dims=(1.00x1.00x1.00) min_z=0.000 → xyz=(8.500,7.500,1.000)
  PASS-C(FR) | item= 282 FR zone=0 dims=(1.00x1.00x1.00) min_z=0.000 → xyz=(9.500,7.500,1.000)
  PASS-C(FR) | item= 283 FR zone=0 dims=(1.00x1.00x1.00) min_z=0.000 → xyz=(0.500,8.500,1.000)
  PASS-C(FR) | item= 284 FR zone=0 dims=(1.00x1.00x1.00) min_z=0.000 → xyz=(1.500,8.500,1.000)
  PASS-C(FR) | item= 285 FR zone=0 dims=(1.00x1.00x1.00) min_z=0.000 → xyz=(2.500,8.500,1.000)
  PASS-C(FR) | item= 286 FR zone=0 dims=(1.00x1.00x1.00) min_z=0.000 → xyz=(3.500,8.500,1.000)
  PASS-C(FR) | item= 287 FR zone=0 dims=(1.00x1.00x1.00) min_z=0.000 → xyz=(4.500,8.500,1.000)
  PASS-C(FR) | item= 288 FR zone=0 dims=(1.00x1.00x1.00) min_z=0.000 → xyz=(5.500,8.500,1.000)
  PASS-C(FR) | item= 289 FR zone=0 dims=(1.00x1.00x1.00) min_z=0.000 → xyz=(6.500,8.500,1.000)
  PASS-C(FR) | item= 290 FR zone=0 dims=(1.00x1.00x1.00) min_z=0.000 → xyz=(7.500,8.500,1.000)
  PASS-C(FR) | item= 291 FR zone=0 dims=(1.00x1.00x1.00) min_z=0.000 → xyz=(8.500,8.500,1.000)
  PASS-C(FR) | item= 292 FR zone=0 dims=(1.00x1.00x1.00) min_z=0.000 → xyz=(9.500,8.500,1.000)
  PASS-C(FR) | item= 293 FR zone=0 dims=(1.00x1.00x1.00) min_z=0.000 → xyz=(0.500,9.500,1.000)
  PASS-C(FR) | item= 294 FR zone=0 dims=(1.00x1.00x1.00) min_z=0.000 → xyz=(1.500,9.500,1.000)
  PASS-C(FR) | item= 295 FR zone=0 dims=(1.00x1.00x1.00) min_z=0.000 → xyz=(2.500,9.500,1.000)
  PASS-C(FR) | item= 296 FR zone=0 dims=(1.00x1.00x1.00) min_z=0.000 → xyz=(3.500,9.500,1.000)
  PASS-C(FR) | item= 297 FR zone=0 dims=(1.00x1.00x1.00) min_z=0.000 → xyz=(4.500,9.500,1.000)
  PASS-C(FR) | item= 298 FR zone=0 dims=(1.00x1.00x1.00) min_z=0.000 → xyz=(5.500,9.500,1.000)
  PASS-C(FR) | item= 299 FR zone=0 dims=(1.00x1.00x1.00) min_z=0.000 → xyz=(6.500,9.500,1.000)
  PASS-C(FR) | item= 300 FR zone=0 dims=(1.00x1.00x1.00) min_z=0.000 → xyz=(7.500,9.500,1.000)
  PASS-C(FR) | item= 301 FR zone=0 dims=(1.00x1.00x1.00) min_z=0.000 → xyz=(8.500,9.500,1.000)
  PASS-C(FR) | item= 302 FR zone=0 dims=(1.00x1.00x1.00) min_z=0.000 → xyz=(9.500,9.500,1.000)
  PASS-C(FR) | item= 303 FR zone=0 dims=(1.00x1.00x1.00) min_z=0.000 → xyz=(0.500,0.500,2.000)
  PASS-C(FR) | item= 304 FR zone=0 dims=(1.00x1.00x1.00) min_z=0.000 → xyz=(1.500,0.500,2.000)
  PASS-C(FR) | item= 305 FR zone=0 dims=(1.00x1.00x1.00) min_z=0.000 → xyz=(2.500,0.500,2.000)
  PASS-C(FR) | item= 306 FR zone=0 dims=(1.00x1.00x1.00) min_z=0.000 → xyz=(3.500,0.500,2.000)
  PASS-C(FR) | item= 307 FR zone=0 dims=(1.00x1.00x1.00) min_z=0.000 → xyz=(4.500,0.500,2.000)
  PASS-C(FR) | item= 308 FR zone=0 dims=(1.00x1.00x1.00) min_z=0.000 → xyz=(5.500,0.500,2.000)
  PASS-C(FR) | item= 309 FR zone=0 dims=(1.00x1.00x1.00) min_z=0.000 → xyz=(6.500,0.500,2.000)
  PASS-C(FR) | item= 310 FR zone=0 dims=(1.00x1.00x1.00) min_z=0.000 → xyz=(7.500,0.500,2.000)
  PASS-C(FR) | item= 311 FR zone=0 dims=(1.00x1.00x1.00) min_z=0.000 → xyz=(8.500,0.500,2.000)
  PASS-C(FR) | item= 312 FR zone=0 dims=(1.00x1.00x1.00) min_z=0.000 → xyz=(9.500,0.500,2.000)
  PASS-C(FR) | item= 313 FR zone=0 dims=(1.00x1.00x1.00) min_z=0.000 → xyz=(0.500,1.500,2.000)
  PASS-C(FR) | item= 314 FR zone=0 dims=(1.00x1.00x1.00) min_z=0.000 → xyz=(1.500,1.500,2.000)
  PASS-C(FR) | item= 315 FR zone=0 dims=(1.00x1.00x1.00) min_z=0.000 → xyz=(2.500,1.500,2.000)
  PASS-C(FR) | item= 316 FR zone=0 dims=(1.00x1.00x1.00) min_z=0.000 → xyz=(3.500,1.500,2.000)
  PASS-C(FR) | item= 317 FR zone=0 dims=(1.00x1.00x1.00) min_z=0.000 → xyz=(4.500,1.500,2.000)
  PASS-C(FR) | item= 318 FR zone=0 dims=(1.00x1.00x1.00) min_z=0.000 → xyz=(5.500,1.500,2.000)
  PASS-C(FR) | item= 319 FR zone=0 dims=(1.00x1.00x1.00) min_z=0.000 → xyz=(6.500,1.500,2.000)
  PASS-C(FR) | item= 320 FR zone=0 dims=(1.00x1.00x1.00) min_z=0.000 → xyz=(7.500,1.500,2.000)
  PASS-C(FR) | item= 321 FR zone=0 dims=(1.00x1.00x1.00) min_z=0.000 → xyz=(8.500,1.500,2.000)
  PASS-C(FR) | item= 322 FR zone=0 dims=(1.00x1.00x1.00) min_z=0.000 → xyz=(9.500,1.500,2.000)
  PASS-C(FR) | item= 323 FR zone=0 dims=(1.00x1.00x1.00) min_z=0.000 → xyz=(0.500,2.500,2.000)
  PASS-C(FR) | item= 324 FR zone=0 dims=(1.00x1.00x1.00) min_z=0.000 → xyz=(1.500,2.500,2.000)
  PASS-C(FR) | item= 325 FR zone=0 dims=(1.00x1.00x1.00) min_z=0.000 → xyz=(2.500,2.500,2.000)
  PASS-C(FR) | item= 326 FR zone=0 dims=(1.00x1.00x1.00) min_z=0.000 → xyz=(3.500,2.500,2.000)
  PASS-C(FR) | item= 327 FR zone=0 dims=(1.00x1.00x1.00) min_z=0.000 → xyz=(4.500,2.500,2.000)
  PASS-C(FR) | item= 328 FR zone=0 dims=(1.00x1.00x1.00) min_z=0.000 → xyz=(5.500,2.500,2.000)
  PASS-C(FR) | item= 329 FR zone=0 dims=(1.00x1.00x1.00) min_z=0.000 → xyz=(6.500,2.500,2.000)
  PASS-C(FR) | item= 330 FR zone=0 dims=(1.00x1.00x1.00) min_z=0.000 → xyz=(7.500,2.500,2.000)
  PASS-C(FR) | item= 331 FR zone=0 dims=(1.00x1.00x1.00) min_z=0.000 → xyz=(8.500,2.500,2.000)
  PASS-C(FR) | item= 332 FR zone=0 dims=(1.00x1.00x1.00) min_z=0.000 → xyz=(9.500,2.500,2.000)
  PASS-C(FR) | item= 333 FR zone=0 dims=(1.00x1.00x1.00) min_z=0.000 → xyz=(0.500,3.500,2.000)
  PASS-C(FR) | item= 334 FR zone=0 dims=(1.00x1.00x1.00) min_z=0.000 → xyz=(1.500,3.500,2.000)
  PASS-C(FR) | item= 335 FR zone=0 dims=(1.00x1.00x1.00) min_z=0.000 → xyz=(2.500,3.500,2.000)
  PASS-C(FR) | item= 336 FR zone=0 dims=(1.00x1.00x1.00) min_z=0.000 → xyz=(3.500,3.500,2.000)
  PASS-C(FR) | item= 337 FR zone=0 dims=(1.00x1.00x1.00) min_z=0.000 → xyz=(4.500,3.500,2.000)
  PASS-C(FR) | item= 338 FR zone=0 dims=(1.00x1.00x1.00) min_z=0.000 → xyz=(5.500,3.500,2.000)
  PASS-C(FR) | item= 339 FR zone=0 dims=(1.00x1.00x1.00) min_z=0.000 → xyz=(6.500,3.500,2.000)
  PASS-C(FR) | item= 340 FR zone=0 dims=(1.00x1.00x1.00) min_z=0.000 → xyz=(7.500,3.500,2.000)
  PASS-C(FR) | item= 341 FR zone=0 dims=(1.00x1.00x1.00) min_z=0.000 → xyz=(8.500,3.500,2.000)
  PASS-C(FR) | item= 342 FR zone=0 dims=(1.00x1.00x1.00) min_z=0.000 → xyz=(9.500,3.500,2.000)
  PASS-C(FR) | item= 343 FR zone=0 dims=(1.00x1.00x1.00) min_z=0.000 → xyz=(0.500,4.500,2.000)
  PASS-C(FR) | item= 344 FR zone=0 dims=(1.00x1.00x1.00) min_z=0.000 → xyz=(1.500,4.500,2.000)
  PASS-C(FR) | item= 345 FR zone=0 dims=(1.00x1.00x1.00) min_z=0.000 → xyz=(2.500,4.500,2.000)
  PASS-C(FR) | item= 346 FR zone=0 dims=(1.00x1.00x1.00) min_z=0.000 → xyz=(3.500,4.500,2.000)
  PASS-C(FR) | item= 347 FR zone=0 dims=(1.00x1.00x1.00) min_z=0.000 → xyz=(4.500,4.500,2.000)
  PASS-C(FR) | item= 348 FR zone=0 dims=(1.00x1.00x1.00) min_z=0.000 → xyz=(5.500,4.500,2.000)
  PASS-C(FR) | item= 349 FR zone=0 dims=(1.00x1.00x1.00) min_z=0.000 → xyz=(6.500,4.500,2.000)
  PASS-C(FR) | item= 350 FR zone=0 dims=(1.00x1.00x1.00) min_z=0.000 → xyz=(7.500,4.500,2.000)
  PASS-C(FR) | item= 351 FR zone=0 dims=(1.00x1.00x1.00) min_z=0.000 → xyz=(8.500,4.500,2.000)
  PASS-C(FR) | item= 352 FR zone=0 dims=(1.00x1.00x1.00) min_z=0.000 → xyz=(9.500,4.500,2.000)
  PASS-C(FR) | item= 353 FR zone=0 dims=(1.00x1.00x1.00) min_z=0.000 → xyz=(0.500,5.500,2.000)
  PASS-C(FR) | item= 354 FR zone=0 dims=(1.00x1.00x1.00) min_z=0.000 → xyz=(1.500,5.500,2.000)
  PASS-C(FR) | item= 355 FR zone=0 dims=(1.00x1.00x1.00) min_z=0.000 → xyz=(2.500,5.500,2.000)
  PASS-C(FR) | item= 356 FR zone=0 dims=(1.00x1.00x1.00) min_z=0.000 → xyz=(3.500,5.500,2.000)
  PASS-C(FR) | item= 357 FR zone=0 dims=(1.00x1.00x1.00) min_z=0.000 → xyz=(4.500,5.500,2.000)
  PASS-C(FR) | item= 358 FR zone=0 dims=(1.00x1.00x1.00) min_z=0.000 → xyz=(5.500,5.500,2.000)
  PASS-C(FR) | item= 359 FR zone=0 dims=(1.00x1.00x1.00) min_z=0.000 → xyz=(6.500,5.500,2.000)
  PASS-C(FR) | item= 360 FR zone=0 dims=(1.00x1.00x1.00) min_z=0.000 → xyz=(7.500,5.500,2.000)
  PASS-C(FR) | item= 361 FR zone=0 dims=(1.00x1.00x1.00) min_z=0.000 → xyz=(8.500,5.500,2.000)
  PASS-C(FR) | item= 362 FR zone=0 dims=(1.00x1.00x1.00) min_z=0.000 → xyz=(9.500,5.500,2.000)
  PASS-C(FR) | item= 363 FR zone=0 dims=(1.00x1.00x1.00) min_z=0.000 → xyz=(0.500,6.500,2.000)
  PASS-C(FR) | item= 364 FR zone=0 dims=(1.00x1.00x1.00) min_z=0.000 → xyz=(1.500,6.500,2.000)
  PASS-C(FR) | item= 365 FR zone=0 dims=(1.00x1.00x1.00) min_z=0.000 → xyz=(2.500,6.500,2.000)
  PASS-C(FR) | item= 366 FR zone=0 dims=(1.00x1.00x1.00) min_z=0.000 → xyz=(3.500,6.500,2.000)
  PASS-C(FR) | item= 367 FR zone=0 dims=(1.00x1.00x1.00) min_z=0.000 → xyz=(4.500,6.500,2.000)
  PASS-C(FR) | item= 368 FR zone=0 dims=(1.00x1.00x1.00) min_z=0.000 → xyz=(5.500,6.500,2.000)
  PASS-C(FR) | item= 369 FR zone=0 dims=(1.00x1.00x1.00) min_z=0.000 → xyz=(6.500,6.500,2.000)
  PASS-C(FR) | item= 370 FR zone=0 dims=(1.00x1.00x1.00) min_z=0.000 → xyz=(7.500,6.500,2.000)
  PASS-C(FR) | item= 371 FR zone=0 dims=(1.00x1.00x1.00) min_z=0.000 → xyz=(8.500,6.500,2.000)
  PASS-C(FR) | item= 372 FR zone=0 dims=(1.00x1.00x1.00) min_z=0.000 → xyz=(9.500,6.500,2.000)
  PASS-C(FR) | item= 373 FR zone=0 dims=(1.00x1.00x1.00) min_z=0.000 → xyz=(0.500,7.500,2.000)
  PASS-C(FR) | item= 374 FR zone=0 dims=(1.00x1.00x1.00) min_z=0.000 → xyz=(1.500,7.500,2.000)
  PASS-C(FR) | item= 375 FR zone=0 dims=(1.00x1.00x1.00) min_z=0.000 → xyz=(2.500,7.500,2.000)
  PASS-C(FR) | item= 376 FR zone=0 dims=(1.00x1.00x1.00) min_z=0.000 → xyz=(3.500,7.500,2.000)
  PASS-C(FR) | item= 377 FR zone=0 dims=(1.00x1.00x1.00) min_z=0.000 → xyz=(4.500,7.500,2.000)
  PASS-C(FR) | item= 378 FR zone=0 dims=(1.00x1.00x1.00) min_z=0.000 → xyz=(5.500,7.500,2.000)
  PASS-C(FR) | item= 379 FR zone=0 dims=(1.00x1.00x1.00) min_z=0.000 → xyz=(6.500,7.500,2.000)
  PASS-C(FR) | item= 380 FR zone=0 dims=(1.00x1.00x1.00) min_z=0.000 → xyz=(7.500,7.500,2.000)
  PASS-C(FR) | item= 381 FR zone=0 dims=(1.00x1.00x1.00) min_z=0.000 → xyz=(8.500,7.500,2.000)
  PASS-C(FR) | item= 382 FR zone=0 dims=(1.00x1.00x1.00) min_z=0.000 → xyz=(9.500,7.500,2.000)
  PASS-C(FR) | item= 383 FR zone=0 dims=(1.00x1.00x1.00) min_z=0.000 → xyz=(0.500,8.500,2.000)
  PASS-C(FR) | item= 384 FR zone=0 dims=(1.00x1.00x1.00) min_z=0.000 → xyz=(1.500,8.500,2.000)
  PASS-C(FR) | item= 385 FR zone=0 dims=(1.00x1.00x1.00) min_z=0.000 → xyz=(2.500,8.500,2.000)
  PASS-C(FR) | item= 386 FR zone=0 dims=(1.00x1.00x1.00) min_z=0.000 → xyz=(3.500,8.500,2.000)
  PASS-C(FR) | item= 387 FR zone=0 dims=(1.00x1.00x1.00) min_z=0.000 → xyz=(4.500,8.500,2.000)
  PASS-C(FR) | item= 388 FR zone=0 dims=(1.00x1.00x1.00) min_z=0.000 → xyz=(5.500,8.500,2.000)
  PASS-C(FR) | item= 389 FR zone=0 dims=(1.00x1.00x1.00) min_z=0.000 → xyz=(6.500,8.500,2.000)
  PASS-C(FR) | item= 390 FR zone=0 dims=(1.00x1.00x1.00) min_z=0.000 → xyz=(7.500,8.500,2.000)
  PASS-C(FR) | item= 391 FR zone=0 dims=(1.00x1.00x1.00) min_z=0.000 → xyz=(8.500,8.500,2.000)
  PASS-C(FR) | item= 392 FR zone=0 dims=(1.00x1.00x1.00) min_z=0.000 → xyz=(9.500,8.500,2.000)
  PASS-C(FR) | item= 393 FR zone=0 dims=(1.00x1.00x1.00) min_z=0.000 → xyz=(0.500,9.500,2.000)
  PASS-C(FR) | item= 394 FR zone=0 dims=(1.00x1.00x1.00) min_z=0.000 → xyz=(1.500,9.500,2.000)
  PASS-C(FR) | item= 395 FR zone=0 dims=(1.00x1.00x1.00) min_z=0.000 → xyz=(2.500,9.500,2.000)
  PASS-C(FR) | item= 396 FR zone=0 dims=(1.00x1.00x1.00) min_z=0.000 → xyz=(3.500,9.500,2.000)
  PASS-C(FR) | item= 397 FR zone=1 dims=(1.00x1.00x1.00) min_z=3.000 → xyz=(3.500,0.500,4.000)
  PASS-C(FR) | item= 398 FR zone=1 dims=(1.00x1.00x1.00) min_z=3.000 → xyz=(4.500,0.500,4.000)
  PASS-C(FR) | item= 399 FR zone=1 dims=(1.00x1.00x1.00) min_z=3.000 → xyz=(5.500,0.500,4.000)
  PASS-C(FR) | item= 400 FR zone=1 dims=(1.00x1.00x1.00) min_z=3.000 → xyz=(6.500,0.500,4.000)
  PASS-C(FR) | item= 401 FR zone=1 dims=(1.00x1.00x1.00) min_z=3.000 → xyz=(7.500,0.500,4.000)
  PASS-C(FR) | item= 402 FR zone=1 dims=(1.00x1.00x1.00) min_z=3.000 → xyz=(8.500,0.500,4.000)
  PASS-C(FR) | item= 403 FR zone=1 dims=(1.00x1.00x1.00) min_z=3.000 → xyz=(9.500,0.500,4.000)
  PASS-C(FR) | item= 404 FR zone=1 dims=(1.00x1.00x1.00) min_z=3.000 → xyz=(0.500,1.500,4.000)
  PASS-C(FR) | item= 405 FR zone=1 dims=(1.00x1.00x1.00) min_z=3.000 → xyz=(1.500,1.500,4.000)
  PASS-C(FR) | item= 406 FR zone=1 dims=(1.00x1.00x1.00) min_z=3.000 → xyz=(2.500,1.500,4.000)
  PASS-C(FR) | item= 407 FR zone=1 dims=(1.00x1.00x1.00) min_z=3.000 → xyz=(3.500,1.500,4.000)
  PASS-C(FR) | item= 408 FR zone=1 dims=(1.00x1.00x1.00) min_z=3.000 → xyz=(4.500,1.500,4.000)
  PASS-C(FR) | item= 409 FR zone=1 dims=(1.00x1.00x1.00) min_z=3.000 → xyz=(5.500,1.500,4.000)
  PASS-C(FR) | item= 410 FR zone=1 dims=(1.00x1.00x1.00) min_z=3.000 → xyz=(6.500,1.500,4.000)
  PASS-C(FR) | item= 411 FR zone=1 dims=(1.00x1.00x1.00) min_z=3.000 → xyz=(7.500,1.500,4.000)
  PASS-C(FR) | item= 412 FR zone=1 dims=(1.00x1.00x1.00) min_z=3.000 → xyz=(8.500,1.500,4.000)
  PASS-C(FR) | item= 413 FR zone=1 dims=(1.00x1.00x1.00) min_z=3.000 → xyz=(9.500,1.500,4.000)
  PASS-C(FR) | item= 414 FR zone=1 dims=(1.00x1.00x1.00) min_z=3.000 → xyz=(0.500,2.500,4.000)
  PASS-C(FR) | item= 415 FR zone=1 dims=(1.00x1.00x1.00) min_z=3.000 → xyz=(1.500,2.500,4.000)
  PASS-C(FR) | item= 416 FR zone=1 dims=(1.00x1.00x1.00) min_z=3.000 → xyz=(2.500,2.500,4.000)
  PASS-C(FR) | item= 417 FR zone=1 dims=(1.00x1.00x1.00) min_z=3.000 → xyz=(3.500,2.500,4.000)
  PASS-C(FR) | item= 418 FR zone=1 dims=(1.00x1.00x1.00) min_z=3.000 → xyz=(4.500,2.500,4.000)
  PASS-C(FR) | item= 419 FR zone=1 dims=(1.00x1.00x1.00) min_z=3.000 → xyz=(5.500,2.500,4.000)
  PASS-C(FR) | item= 420 FR zone=1 dims=(1.00x1.00x1.00) min_z=3.000 → xyz=(6.500,2.500,4.000)
  PASS-C(FR) | item= 421 FR zone=1 dims=(1.00x1.00x1.00) min_z=3.000 → xyz=(7.500,2.500,4.000)
  PASS-C(FR) | item= 422 FR zone=1 dims=(1.00x1.00x1.00) min_z=3.000 → xyz=(8.500,2.500,4.000)
  PASS-C(FR) | item= 423 FR zone=1 dims=(1.00x1.00x1.00) min_z=3.000 → xyz=(9.500,2.500,4.000)
  PASS-C(FR) | item= 424 FR zone=1 dims=(1.00x1.00x1.00) min_z=3.000 → xyz=(0.500,3.500,4.000)
  PASS-C(FR) | item= 425 FR zone=1 dims=(1.00x1.00x1.00) min_z=3.000 → xyz=(1.500,3.500,4.000)
  PASS-C(FR) | item= 426 FR zone=1 dims=(1.00x1.00x1.00) min_z=3.000 → xyz=(2.500,3.500,4.000)
  PASS-C(FR) | item= 427 FR zone=1 dims=(1.00x1.00x1.00) min_z=3.000 → xyz=(3.500,3.500,4.000)
  PASS-C(FR) | item= 428 FR zone=1 dims=(1.00x1.00x1.00) min_z=3.000 → xyz=(4.500,3.500,4.000)
  PASS-C(FR) | item= 429 FR zone=1 dims=(1.00x1.00x1.00) min_z=3.000 → xyz=(5.500,3.500,4.000)
  PASS-C(FR) | item= 430 FR zone=1 dims=(1.00x1.00x1.00) min_z=3.000 → xyz=(6.500,3.500,4.000)
  PASS-C(FR) | item= 431 FR zone=1 dims=(1.00x1.00x1.00) min_z=3.000 → xyz=(7.500,3.500,4.000)
  PASS-C(FR) | item= 432 FR zone=1 dims=(1.00x1.00x1.00) min_z=3.000 → xyz=(8.500,3.500,4.000)
  PASS-C(FR) | item= 433 FR zone=1 dims=(1.00x1.00x1.00) min_z=3.000 → xyz=(9.500,3.500,4.000)
  PASS-C(FR) | item= 434 FR zone=1 dims=(1.00x1.00x1.00) min_z=3.000 → xyz=(0.500,4.500,4.000)
  PASS-C(FR) | item= 435 FR zone=1 dims=(1.00x1.00x1.00) min_z=3.000 → xyz=(1.500,4.500,4.000)
  PASS-C(FR) | item= 436 FR zone=1 dims=(1.00x1.00x1.00) min_z=3.000 → xyz=(2.500,4.500,4.000)
  PASS-C(FR) | item= 437 FR zone=1 dims=(1.00x1.00x1.00) min_z=3.000 → xyz=(3.500,4.500,4.000)
  PASS-C(FR) | item= 438 FR zone=1 dims=(1.00x1.00x1.00) min_z=3.000 → xyz=(4.500,4.500,4.000)
  PASS-C(FR) | item= 439 FR zone=1 dims=(1.00x1.00x1.00) min_z=3.000 → xyz=(5.500,4.500,4.000)
  PASS-C(FR) | item= 440 FR zone=1 dims=(1.00x1.00x1.00) min_z=3.000 → xyz=(6.500,4.500,4.000)
  PASS-C(FR) | item= 441 FR zone=1 dims=(1.00x1.00x1.00) min_z=3.000 → xyz=(7.500,4.500,4.000)
  PASS-C(FR) | item= 442 FR zone=1 dims=(1.00x1.00x1.00) min_z=3.000 → xyz=(8.500,4.500,4.000)
  PASS-C(FR) | item= 443 FR zone=1 dims=(1.00x1.00x1.00) min_z=3.000 → xyz=(9.500,4.500,4.000)
  PASS-C(FR) | item= 444 FR zone=1 dims=(1.00x1.00x1.00) min_z=3.000 → xyz=(0.500,5.500,4.000)
  PASS-C(FR) | item= 445 FR zone=1 dims=(1.00x1.00x1.00) min_z=3.000 → xyz=(1.500,5.500,4.000)
  PASS-C(FR) | item= 446 FR zone=1 dims=(1.00x1.00x1.00) min_z=3.000 → xyz=(2.500,5.500,4.000)
  PASS-C(FR) | item= 447 FR zone=1 dims=(1.00x1.00x1.00) min_z=3.000 → xyz=(3.500,5.500,4.000)
  PASS-C(FR) | item= 448 FR zone=1 dims=(1.00x1.00x1.00) min_z=3.000 → xyz=(4.500,5.500,4.000)
  PASS-C(FR) | item= 449 FR zone=1 dims=(1.00x1.00x1.00) min_z=3.000 → xyz=(5.500,5.500,4.000)
  PASS-C(FR) | item= 450 FR zone=1 dims=(1.00x1.00x1.00) min_z=3.000 → xyz=(6.500,5.500,4.000)
  PASS-C(FR) | item= 451 FR zone=1 dims=(1.00x1.00x1.00) min_z=3.000 → xyz=(7.500,5.500,4.000)
  PASS-C(FR) | item= 452 FR zone=1 dims=(1.00x1.00x1.00) min_z=3.000 → xyz=(8.500,5.500,4.000)
  PASS-C(FR) | item= 453 FR zone=1 dims=(1.00x1.00x1.00) min_z=3.000 → xyz=(9.500,5.500,4.000)
  PASS-C(FR) | item= 454 FR zone=1 dims=(1.00x1.00x1.00) min_z=3.000 → xyz=(0.500,6.500,4.000)
  PASS-C(FR) | item= 455 FR zone=1 dims=(1.00x1.00x1.00) min_z=3.000 → xyz=(1.500,6.500,4.000)
  PASS-C(FR) | item= 456 FR zone=1 dims=(1.00x1.00x1.00) min_z=3.000 → xyz=(2.500,6.500,4.000)
  PASS-C(FR) | item= 457 FR zone=1 dims=(1.00x1.00x1.00) min_z=3.000 → xyz=(3.500,6.500,4.000)
  PASS-C(FR) | item= 458 FR zone=1 dims=(1.00x1.00x1.00) min_z=3.000 → xyz=(4.500,6.500,4.000)
  PASS-C(FR) | item= 459 FR zone=1 dims=(1.00x1.00x1.00) min_z=3.000 → xyz=(5.500,6.500,4.000)
  PASS-C(FR) | item= 460 FR zone=1 dims=(1.00x1.00x1.00) min_z=3.000 → xyz=(6.500,6.500,4.000)
  PASS-C(FR) | item= 461 FR zone=1 dims=(1.00x1.00x1.00) min_z=3.000 → xyz=(7.500,6.500,4.000)
  PASS-C(FR) | item= 462 FR zone=1 dims=(1.00x1.00x1.00) min_z=3.000 → xyz=(8.500,6.500,4.000)
  PASS-C(FR) | item= 463 FR zone=1 dims=(1.00x1.00x1.00) min_z=3.000 → xyz=(9.500,6.500,4.000)
  PASS-C(FR) | item= 464 FR zone=1 dims=(1.00x1.00x1.00) min_z=3.000 → xyz=(0.500,7.500,4.000)
  PASS-C(FR) | item= 465 FR zone=1 dims=(1.00x1.00x1.00) min_z=3.000 → xyz=(1.500,7.500,4.000)
  PASS-C(FR) | item= 466 FR zone=1 dims=(1.00x1.00x1.00) min_z=3.000 → xyz=(2.500,7.500,4.000)
  PASS-C(FR) | item= 467 FR zone=1 dims=(1.00x1.00x1.00) min_z=3.000 → xyz=(3.500,7.500,4.000)
  PASS-C(FR) | item= 468 FR zone=1 dims=(1.00x1.00x1.00) min_z=3.000 → xyz=(4.500,7.500,4.000)
  PASS-C(FR) | item= 469 FR zone=1 dims=(1.00x1.00x1.00) min_z=3.000 → xyz=(5.500,7.500,4.000)
  PASS-C(FR) | item= 470 FR zone=1 dims=(1.00x1.00x1.00) min_z=3.000 → xyz=(6.500,7.500,4.000)
  PASS-C(FR) | item= 471 FR zone=1 dims=(1.00x1.00x1.00) min_z=3.000 → xyz=(7.500,7.500,4.000)
  PASS-C(FR) | item= 472 FR zone=1 dims=(1.00x1.00x1.00) min_z=3.000 → xyz=(8.500,7.500,4.000)
  PASS-C(FR) | item= 473 FR zone=1 dims=(1.00x1.00x1.00) min_z=3.000 → xyz=(9.500,7.500,4.000)
  PASS-C(FR) | item= 474 FR zone=1 dims=(1.00x1.00x1.00) min_z=3.000 → xyz=(0.500,8.500,4.000)
  PASS-C(FR) | item= 475 FR zone=1 dims=(1.00x1.00x1.00) min_z=3.000 → xyz=(1.500,8.500,4.000)
  PASS-C(FR) | item= 476 FR zone=1 dims=(1.00x1.00x1.00) min_z=3.000 → xyz=(2.500,8.500,4.000)
  PASS-C(FR) | item= 477 FR zone=1 dims=(1.00x1.00x1.00) min_z=3.000 → xyz=(3.500,8.500,4.000)
  PASS-C(FR) | item= 478 FR zone=1 dims=(1.00x1.00x1.00) min_z=3.000 → xyz=(4.500,8.500,4.000)
  PASS-C(FR) | item= 479 FR zone=1 dims=(1.00x1.00x1.00) min_z=3.000 → xyz=(5.500,8.500,4.000)
  PASS-C(FR) | item= 480 FR zone=1 dims=(1.00x1.00x1.00) min_z=3.000 → xyz=(6.500,8.500,4.000)
  PASS-C(FR) | item= 481 FR zone=1 dims=(1.00x1.00x1.00) min_z=3.000 → xyz=(7.500,8.500,4.000)
  PASS-C(FR) | item= 482 FR zone=1 dims=(1.00x1.00x1.00) min_z=3.000 → xyz=(8.500,8.500,4.000)
  PASS-C(FR) | item= 483 FR zone=1 dims=(1.00x1.00x1.00) min_z=3.000 → xyz=(9.500,8.500,4.000)
  PASS-C(FR) | item= 484 FR zone=1 dims=(1.00x1.00x1.00) min_z=3.000 → xyz=(0.500,9.500,4.000)
  PASS-C(FR) | item= 485 FR zone=1 dims=(1.00x1.00x1.00) min_z=3.000 → xyz=(1.500,9.500,4.000)
  PASS-C(FR) | item= 486 FR zone=1 dims=(1.00x1.00x1.00) min_z=3.000 → xyz=(2.500,9.500,4.000)
  PASS-C(FR) | item= 487 FR zone=1 dims=(1.00x1.00x1.00) min_z=3.000 → xyz=(3.500,9.500,4.000)
  PASS-C(FR) | item= 488 FR zone=1 dims=(1.00x1.00x1.00) min_z=3.000 → xyz=(4.500,9.500,4.000)
  PASS-C(FR) | item= 489 FR zone=1 dims=(1.00x1.00x1.00) min_z=3.000 → xyz=(5.500,9.500,4.000)
  PASS-C(FR) | item= 490 FR zone=1 dims=(1.00x1.00x1.00) min_z=3.000 → xyz=(6.500,9.500,4.000)
  PASS-C(FR) | item= 491 FR zone=1 dims=(1.00x1.00x1.00) min_z=3.000 → xyz=(7.500,9.500,4.000)
  PASS-C(FR) | item= 492 FR zone=1 dims=(1.00x1.00x1.00) min_z=3.000 → xyz=(8.500,9.500,4.000)
  PASS-C(FR) | item= 493 FR zone=1 dims=(1.00x1.00x1.00) min_z=3.000 → xyz=(9.500,9.500,4.000)
  PASS-C(FR) | item= 494 FR zone=1 dims=(1.00x1.00x1.00) min_z=3.000 → xyz=(0.500,0.500,5.000)
  PASS-C(FR) | item= 495 FR zone=1 dims=(1.00x1.00x1.00) min_z=3.000 → xyz=(1.500,0.500,5.000)
  PASS-C(FR) | item= 496 FR zone=1 dims=(1.00x1.00x1.00) min_z=3.000 → xyz=(2.500,0.500,5.000)
  PASS-C(FR) | item= 497 FR zone=1 dims=(1.00x1.00x1.00) min_z=3.000 → xyz=(3.500,0.500,5.000)
  PASS-C(FR) | item= 498 FR zone=1 dims=(1.00x1.00x1.00) min_z=3.000 → xyz=(4.500,0.500,5.000)
  PASS-C(FR) | item= 499 FR zone=1 dims=(1.00x1.00x1.00) min_z=3.000 → xyz=(5.500,0.500,5.000)
--- ZONE SUMMARY ---
  Zone 0: total=294 nf_top=2.0 z_min=0.0 z_max=2.0
  Zone 1: total=206 nf_top=5.0 z_min=3.0 z_max=5.0
--- END ---

================================================================================
repair_solution_compact  [2026-04-05 19:11:41]
WAREHOUSE  length=10.0  width=10.0  height=6.0  volume=600.00
  items=100  nf=50  fr=50  total_item_vol=100.00  theoretical_util=16.7%
ZONES  count=2
  Zone 0 "zone_0" [allocation]
    x=[0.00, 10.00]  y=[0.00, 10.00]  z=[0.00, 3.00]
    size=(10.00 x 10.00 x 3.00)  floor_area=100.00  volume=300.00
    assigned: 50 NF (50.00 vol) + 50 FR (50.00 vol)  load=33.3%
  Zone 1 "zone_1" [allocation]
    x=[0.00, 10.00]  y=[0.00, 10.00]  z=[3.00, 6.00]
    size=(10.00 x 10.00 x 3.00)  floor_area=100.00  volume=300.00
    assigned: 0 NF (0.00 vol) + 0 FR (0.00 vol)  load=0.0%
--- PASS A: 50 NF items ---
  PASS-A(NF) | item=   0 NF zone=0 dims=(1.00x1.00x1.00) min_z=0.000 → xyz=(0.500,0.500,0.000)
  PASS-A(NF) | item=   1 NF zone=0 dims=(1.00x1.00x1.00) min_z=0.000 → xyz=(1.500,0.500,0.000)
  PASS-A(NF) | item=   2 NF zone=0 dims=(1.00x1.00x1.00) min_z=0.000 → xyz=(2.500,0.500,0.000)
  PASS-A(NF) | item=   3 NF zone=0 dims=(1.00x1.00x1.00) min_z=0.000 → xyz=(3.500,0.500,0.000)
  PASS-A(NF) | item=   4 NF zone=0 dims=(1.00x1.00x1.00) min_z=0.000 → xyz=(4.500,0.500,0.000)
  PASS-A(NF) | item=   5 NF zone=0 dims=(1.00x1.00x1.00) min_z=0.000 → xyz=(5.500,0.500,0.000)
  PASS-A(NF) | item=   6 NF zone=0 dims=(1.00x1.00x1.00) min_z=0.000 → xyz=(6.500,0.500,0.000)
  PASS-A(NF) | item=   7 NF zone=0 dims=(1.00x1.00x1.00) min_z=0.000 → xyz=(7.500,0.500,0.000)
  PASS-A(NF) | item=   8 NF zone=0 dims=(1.00x1.00x1.00) min_z=0.000 → xyz=(8.500,0.500,0.000)
  PASS-A(NF) | item=   9 NF zone=0 dims=(1.00x1.00x1.00) min_z=0.000 → xyz=(9.500,0.500,0.000)
  PASS-A(NF) | item=  10 NF zone=0 dims=(1.00x1.00x1.00) min_z=0.000 → xyz=(0.500,1.500,0.000)
  PASS-A(NF) | item=  11 NF zone=0 dims=(1.00x1.00x1.00) min_z=0.000 → xyz=(1.500,1.500,0.000)
  PASS-A(NF) | item=  12 NF zone=0 dims=(1.00x1.00x1.00) min_z=0.000 → xyz=(2.500,1.500,0.000)
  PASS-A(NF) | item=  13 NF zone=0 dims=(1.00x1.00x1.00) min_z=0.000 → xyz=(3.500,1.500,0.000)
  PASS-A(NF) | item=  14 NF zone=0 dims=(1.00x1.00x1.00) min_z=0.000 → xyz=(4.500,1.500,0.000)
  PASS-A(NF) | item=  15 NF zone=0 dims=(1.00x1.00x1.00) min_z=0.000 → xyz=(5.500,1.500,0.000)
  PASS-A(NF) | item=  16 NF zone=0 dims=(1.00x1.00x1.00) min_z=0.000 → xyz=(6.500,1.500,0.000)
  PASS-A(NF) | item=  17 NF zone=0 dims=(1.00x1.00x1.00) min_z=0.000 → xyz=(7.500,1.500,0.000)
  PASS-A(NF) | item=  18 NF zone=0 dims=(1.00x1.00x1.00) min_z=0.000 → xyz=(8.500,1.500,0.000)
  PASS-A(NF) | item=  19 NF zone=0 dims=(1.00x1.00x1.00) min_z=0.000 → xyz=(9.500,1.500,0.000)
  PASS-A(NF) | item=  20 NF zone=0 dims=(1.00x1.00x1.00) min_z=0.000 → xyz=(0.500,2.500,0.000)
  PASS-A(NF) | item=  21 NF zone=0 dims=(1.00x1.00x1.00) min_z=0.000 → xyz=(1.500,2.500,0.000)
  PASS-A(NF) | item=  22 NF zone=0 dims=(1.00x1.00x1.00) min_z=0.000 → xyz=(2.500,2.500,0.000)
  PASS-A(NF) | item=  23 NF zone=0 dims=(1.00x1.00x1.00) min_z=0.000 → xyz=(3.500,2.500,0.000)
  PASS-A(NF) | item=  24 NF zone=0 dims=(1.00x1.00x1.00) min_z=0.000 → xyz=(4.500,2.500,0.000)
  PASS-A(NF) | item=  25 NF zone=0 dims=(1.00x1.00x1.00) min_z=0.000 → xyz=(5.500,2.500,0.000)
  PASS-A(NF) | item=  26 NF zone=0 dims=(1.00x1.00x1.00) min_z=0.000 → xyz=(6.500,2.500,0.000)
  PASS-A(NF) | item=  27 NF zone=0 dims=(1.00x1.00x1.00) min_z=0.000 → xyz=(7.500,2.500,0.000)
  PASS-A(NF) | item=  28 NF zone=0 dims=(1.00x1.00x1.00) min_z=0.000 → xyz=(8.500,2.500,0.000)
  PASS-A(NF) | item=  29 NF zone=0 dims=(1.00x1.00x1.00) min_z=0.000 → xyz=(9.500,2.500,0.000)
  PASS-A(NF) | item=  30 NF zone=0 dims=(1.00x1.00x1.00) min_z=0.000 → xyz=(0.500,3.500,0.000)
  PASS-A(NF) | item=  31 NF zone=0 dims=(1.00x1.00x1.00) min_z=0.000 → xyz=(1.500,3.500,0.000)
  PASS-A(NF) | item=  32 NF zone=0 dims=(1.00x1.00x1.00) min_z=0.000 → xyz=(2.500,3.500,0.000)
  PASS-A(NF) | item=  33 NF zone=0 dims=(1.00x1.00x1.00) min_z=0.000 → xyz=(3.500,3.500,0.000)
  PASS-A(NF) | item=  34 NF zone=0 dims=(1.00x1.00x1.00) min_z=0.000 → xyz=(4.500,3.500,0.000)
  PASS-A(NF) | item=  35 NF zone=0 dims=(1.00x1.00x1.00) min_z=0.000 → xyz=(5.500,3.500,0.000)
  PASS-A(NF) | item=  36 NF zone=0 dims=(1.00x1.00x1.00) min_z=0.000 → xyz=(6.500,3.500,0.000)
  PASS-A(NF) | item=  37 NF zone=0 dims=(1.00x1.00x1.00) min_z=0.000 → xyz=(7.500,3.500,0.000)
  PASS-A(NF) | item=  38 NF zone=0 dims=(1.00x1.00x1.00) min_z=0.000 → xyz=(8.500,3.500,0.000)
  PASS-A(NF) | item=  39 NF zone=0 dims=(1.00x1.00x1.00) min_z=0.000 → xyz=(9.500,3.500,0.000)
  PASS-A(NF) | item=  40 NF zone=0 dims=(1.00x1.00x1.00) min_z=0.000 → xyz=(0.500,4.500,0.000)
  PASS-A(NF) | item=  41 NF zone=0 dims=(1.00x1.00x1.00) min_z=0.000 → xyz=(1.500,4.500,0.000)
  PASS-A(NF) | item=  42 NF zone=0 dims=(1.00x1.00x1.00) min_z=0.000 → xyz=(2.500,4.500,0.000)
  PASS-A(NF) | item=  43 NF zone=0 dims=(1.00x1.00x1.00) min_z=0.000 → xyz=(3.500,4.500,0.000)
  PASS-A(NF) | item=  44 NF zone=0 dims=(1.00x1.00x1.00) min_z=0.000 → xyz=(4.500,4.500,0.000)
  PASS-A(NF) | item=  45 NF zone=0 dims=(1.00x1.00x1.00) min_z=0.000 → xyz=(5.500,4.500,0.000)
  PASS-A(NF) | item=  46 NF zone=0 dims=(1.00x1.00x1.00) min_z=0.000 → xyz=(6.500,4.500,0.000)
  PASS-A(NF) | item=  47 NF zone=0 dims=(1.00x1.00x1.00) min_z=0.000 → xyz=(7.500,4.500,0.000)
  PASS-A(NF) | item=  48 NF zone=0 dims=(1.00x1.00x1.00) min_z=0.000 → xyz=(8.500,4.500,0.000)
  PASS-A(NF) | item=  49 NF zone=0 dims=(1.00x1.00x1.00) min_z=0.000 → xyz=(9.500,4.500,0.000)
--- PASS B: NF top-Z per zone: {0: np.float64(1.0), 1: 3.0} ---
--- PASS C: 50 Fragile items ---
  PASS-C(FR) | item=  50 FR zone=0 dims=(1.00x1.00x1.00) min_z=0.000 → xyz=(0.500,5.500,0.000)
  PASS-C(FR) | item=  51 FR zone=0 dims=(1.00x1.00x1.00) min_z=0.000 → xyz=(1.500,5.500,0.000)
  PASS-C(FR) | item=  52 FR zone=0 dims=(1.00x1.00x1.00) min_z=0.000 → xyz=(2.500,5.500,0.000)
  PASS-C(FR) | item=  53 FR zone=0 dims=(1.00x1.00x1.00) min_z=0.000 → xyz=(3.500,5.500,0.000)
  PASS-C(FR) | item=  54 FR zone=0 dims=(1.00x1.00x1.00) min_z=0.000 → xyz=(4.500,5.500,0.000)
  PASS-C(FR) | item=  55 FR zone=0 dims=(1.00x1.00x1.00) min_z=0.000 → xyz=(5.500,5.500,0.000)
  PASS-C(FR) | item=  56 FR zone=0 dims=(1.00x1.00x1.00) min_z=0.000 → xyz=(6.500,5.500,0.000)
  PASS-C(FR) | item=  57 FR zone=0 dims=(1.00x1.00x1.00) min_z=0.000 → xyz=(7.500,5.500,0.000)
  PASS-C(FR) | item=  58 FR zone=0 dims=(1.00x1.00x1.00) min_z=0.000 → xyz=(8.500,5.500,0.000)
  PASS-C(FR) | item=  59 FR zone=0 dims=(1.00x1.00x1.00) min_z=0.000 → xyz=(9.500,5.500,0.000)
  PASS-C(FR) | item=  60 FR zone=0 dims=(1.00x1.00x1.00) min_z=0.000 → xyz=(0.500,6.500,0.000)
  PASS-C(FR) | item=  61 FR zone=0 dims=(1.00x1.00x1.00) min_z=0.000 → xyz=(1.500,6.500,0.000)
  PASS-C(FR) | item=  62 FR zone=0 dims=(1.00x1.00x1.00) min_z=0.000 → xyz=(2.500,6.500,0.000)
  PASS-C(FR) | item=  63 FR zone=0 dims=(1.00x1.00x1.00) min_z=0.000 → xyz=(3.500,6.500,0.000)
  PASS-C(FR) | item=  64 FR zone=0 dims=(1.00x1.00x1.00) min_z=0.000 → xyz=(4.500,6.500,0.000)
  PASS-C(FR) | item=  65 FR zone=0 dims=(1.00x1.00x1.00) min_z=0.000 → xyz=(5.500,6.500,0.000)
  PASS-C(FR) | item=  66 FR zone=0 dims=(1.00x1.00x1.00) min_z=0.000 → xyz=(6.500,6.500,0.000)
  PASS-C(FR) | item=  67 FR zone=0 dims=(1.00x1.00x1.00) min_z=0.000 → xyz=(7.500,6.500,0.000)
  PASS-C(FR) | item=  68 FR zone=0 dims=(1.00x1.00x1.00) min_z=0.000 → xyz=(8.500,6.500,0.000)
  PASS-C(FR) | item=  69 FR zone=0 dims=(1.00x1.00x1.00) min_z=0.000 → xyz=(9.500,6.500,0.000)
  PASS-C(FR) | item=  70 FR zone=0 dims=(1.00x1.00x1.00) min_z=0.000 → xyz=(0.500,7.500,0.000)
  PASS-C(FR) | item=  71 FR zone=0 dims=(1.00x1.00x1.00) min_z=0.000 → xyz=(1.500,7.500,0.000)
  PASS-C(FR) | item=  72 FR zone=0 dims=(1.00x1.00x1.00) min_z=0.000 → xyz=(2.500,7.500,0.000)
  PASS-C(FR) | item=  73 FR zone=0 dims=(1.00x1.00x1.00) min_z=0.000 → xyz=(3.500,7.500,0.000)
  PASS-C(FR) | item=  74 FR zone=0 dims=(1.00x1.00x1.00) min_z=0.000 → xyz=(4.500,7.500,0.000)
  PASS-C(FR) | item=  75 FR zone=0 dims=(1.00x1.00x1.00) min_z=0.000 → xyz=(5.500,7.500,0.000)
  PASS-C(FR) | item=  76 FR zone=0 dims=(1.00x1.00x1.00) min_z=0.000 → xyz=(6.500,7.500,0.000)
  PASS-C(FR) | item=  77 FR zone=0 dims=(1.00x1.00x1.00) min_z=0.000 → xyz=(7.500,7.500,0.000)
  PASS-C(FR) | item=  78 FR zone=0 dims=(1.00x1.00x1.00) min_z=0.000 → xyz=(8.500,7.500,0.000)
  PASS-C(FR) | item=  79 FR zone=0 dims=(1.00x1.00x1.00) min_z=0.000 → xyz=(9.500,7.500,0.000)
  PASS-C(FR) | item=  80 FR zone=0 dims=(1.00x1.00x1.00) min_z=0.000 → xyz=(0.500,8.500,0.000)
  PASS-C(FR) | item=  81 FR zone=0 dims=(1.00x1.00x1.00) min_z=0.000 → xyz=(1.500,8.500,0.000)
  PASS-C(FR) | item=  82 FR zone=0 dims=(1.00x1.00x1.00) min_z=0.000 → xyz=(2.500,8.500,0.000)
  PASS-C(FR) | item=  83 FR zone=0 dims=(1.00x1.00x1.00) min_z=0.000 → xyz=(3.500,8.500,0.000)
  PASS-C(FR) | item=  84 FR zone=0 dims=(1.00x1.00x1.00) min_z=0.000 → xyz=(4.500,8.500,0.000)
  PASS-C(FR) | item=  85 FR zone=0 dims=(1.00x1.00x1.00) min_z=0.000 → xyz=(5.500,8.500,0.000)
  PASS-C(FR) | item=  86 FR zone=0 dims=(1.00x1.00x1.00) min_z=0.000 → xyz=(6.500,8.500,0.000)
  PASS-C(FR) | item=  87 FR zone=0 dims=(1.00x1.00x1.00) min_z=0.000 → xyz=(7.500,8.500,0.000)
  PASS-C(FR) | item=  88 FR zone=0 dims=(1.00x1.00x1.00) min_z=0.000 → xyz=(8.500,8.500,0.000)
  PASS-C(FR) | item=  89 FR zone=0 dims=(1.00x1.00x1.00) min_z=0.000 → xyz=(9.500,8.500,0.000)
  PASS-C(FR) | item=  90 FR zone=0 dims=(1.00x1.00x1.00) min_z=0.000 → xyz=(0.500,9.500,0.000)
  PASS-C(FR) | item=  91 FR zone=0 dims=(1.00x1.00x1.00) min_z=0.000 → xyz=(1.500,9.500,0.000)
  PASS-C(FR) | item=  92 FR zone=0 dims=(1.00x1.00x1.00) min_z=0.000 → xyz=(2.500,9.500,0.000)
  PASS-C(FR) | item=  93 FR zone=0 dims=(1.00x1.00x1.00) min_z=0.000 → xyz=(3.500,9.500,0.000)
  PASS-C(FR) | item=  94 FR zone=0 dims=(1.00x1.00x1.00) min_z=0.000 → xyz=(4.500,9.500,0.000)
  PASS-C(FR) | item=  95 FR zone=0 dims=(1.00x1.00x1.00) min_z=0.000 → xyz=(5.500,9.500,0.000)
  PASS-C(FR) | item=  96 FR zone=0 dims=(1.00x1.00x1.00) min_z=0.000 → xyz=(6.500,9.500,0.000)
  PASS-C(FR) | item=  97 FR zone=0 dims=(1.00x1.00x1.00) min_z=0.000 → xyz=(7.500,9.500,0.000)
  PASS-C(FR) | item=  98 FR zone=0 dims=(1.00x1.00x1.00) min_z=0.000 → xyz=(8.500,9.500,0.000)
  PASS-C(FR) | item=  99 FR zone=0 dims=(1.00x1.00x1.00) min_z=0.000 → xyz=(9.500,9.500,0.000)
--- ZONE SUMMARY ---
  Zone 0: total=100 nf_top=1.0 z_min=0.0 z_max=0.0
  Zone 1: total=0 nf_top=3.0 z_min=0 z_max=0
--- END ---

================================================================================
repair_solution_compact  [2026-04-05 19:11:56]
WAREHOUSE  length=10.0  width=10.0  height=6.0  volume=600.00
  items=500  nf=250  fr=250  total_item_vol=500.00  theoretical_util=83.3%
ZONES  count=2
  Zone 0 "zone_0" [allocation]
    x=[0.00, 10.00]  y=[0.00, 10.00]  z=[0.00, 3.00]
    size=(10.00 x 10.00 x 3.00)  floor_area=100.00  volume=300.00
    assigned: 147 NF (147.00 vol) + 147 FR (147.00 vol)  load=98.0%
  Zone 1 "zone_1" [allocation]
    x=[0.00, 10.00]  y=[0.00, 10.00]  z=[3.00, 6.00]
    size=(10.00 x 10.00 x 3.00)  floor_area=100.00  volume=300.00
    assigned: 103 NF (103.00 vol) + 103 FR (103.00 vol)  load=68.7%
--- PASS A: 250 NF items ---
  PASS-A(NF) | item=   0 NF zone=0 dims=(1.00x1.00x1.00) min_z=0.000 → xyz=(0.500,0.500,0.000)
  PASS-A(NF) | item=   1 NF zone=0 dims=(1.00x1.00x1.00) min_z=0.000 → xyz=(1.500,0.500,0.000)
  PASS-A(NF) | item=   2 NF zone=0 dims=(1.00x1.00x1.00) min_z=0.000 → xyz=(2.500,0.500,0.000)
  PASS-A(NF) | item=   3 NF zone=0 dims=(1.00x1.00x1.00) min_z=0.000 → xyz=(3.500,0.500,0.000)
  PASS-A(NF) | item=   4 NF zone=0 dims=(1.00x1.00x1.00) min_z=0.000 → xyz=(4.500,0.500,0.000)
  PASS-A(NF) | item=   5 NF zone=0 dims=(1.00x1.00x1.00) min_z=0.000 → xyz=(5.500,0.500,0.000)
  PASS-A(NF) | item=   6 NF zone=0 dims=(1.00x1.00x1.00) min_z=0.000 → xyz=(6.500,0.500,0.000)
  PASS-A(NF) | item=   7 NF zone=0 dims=(1.00x1.00x1.00) min_z=0.000 → xyz=(7.500,0.500,0.000)
  PASS-A(NF) | item=   8 NF zone=0 dims=(1.00x1.00x1.00) min_z=0.000 → xyz=(8.500,0.500,0.000)
  PASS-A(NF) | item=   9 NF zone=0 dims=(1.00x1.00x1.00) min_z=0.000 → xyz=(9.500,0.500,0.000)
  PASS-A(NF) | item=  10 NF zone=0 dims=(1.00x1.00x1.00) min_z=0.000 → xyz=(0.500,1.500,0.000)
  PASS-A(NF) | item=  11 NF zone=0 dims=(1.00x1.00x1.00) min_z=0.000 → xyz=(1.500,1.500,0.000)
  PASS-A(NF) | item=  12 NF zone=0 dims=(1.00x1.00x1.00) min_z=0.000 → xyz=(2.500,1.500,0.000)
  PASS-A(NF) | item=  13 NF zone=0 dims=(1.00x1.00x1.00) min_z=0.000 → xyz=(3.500,1.500,0.000)
  PASS-A(NF) | item=  14 NF zone=0 dims=(1.00x1.00x1.00) min_z=0.000 → xyz=(4.500,1.500,0.000)
  PASS-A(NF) | item=  15 NF zone=0 dims=(1.00x1.00x1.00) min_z=0.000 → xyz=(5.500,1.500,0.000)
  PASS-A(NF) | item=  16 NF zone=0 dims=(1.00x1.00x1.00) min_z=0.000 → xyz=(6.500,1.500,0.000)
  PASS-A(NF) | item=  17 NF zone=0 dims=(1.00x1.00x1.00) min_z=0.000 → xyz=(7.500,1.500,0.000)
  PASS-A(NF) | item=  18 NF zone=0 dims=(1.00x1.00x1.00) min_z=0.000 → xyz=(8.500,1.500,0.000)
  PASS-A(NF) | item=  19 NF zone=0 dims=(1.00x1.00x1.00) min_z=0.000 → xyz=(9.500,1.500,0.000)
  PASS-A(NF) | item=  20 NF zone=0 dims=(1.00x1.00x1.00) min_z=0.000 → xyz=(0.500,2.500,0.000)
  PASS-A(NF) | item=  21 NF zone=0 dims=(1.00x1.00x1.00) min_z=0.000 → xyz=(1.500,2.500,0.000)
  PASS-A(NF) | item=  22 NF zone=0 dims=(1.00x1.00x1.00) min_z=0.000 → xyz=(2.500,2.500,0.000)
  PASS-A(NF) | item=  23 NF zone=0 dims=(1.00x1.00x1.00) min_z=0.000 → xyz=(3.500,2.500,0.000)
  PASS-A(NF) | item=  24 NF zone=0 dims=(1.00x1.00x1.00) min_z=0.000 → xyz=(4.500,2.500,0.000)
  PASS-A(NF) | item=  25 NF zone=0 dims=(1.00x1.00x1.00) min_z=0.000 → xyz=(5.500,2.500,0.000)
  PASS-A(NF) | item=  26 NF zone=0 dims=(1.00x1.00x1.00) min_z=0.000 → xyz=(6.500,2.500,0.000)
  PASS-A(NF) | item=  27 NF zone=0 dims=(1.00x1.00x1.00) min_z=0.000 → xyz=(7.500,2.500,0.000)
  PASS-A(NF) | item=  28 NF zone=0 dims=(1.00x1.00x1.00) min_z=0.000 → xyz=(8.500,2.500,0.000)
  PASS-A(NF) | item=  29 NF zone=0 dims=(1.00x1.00x1.00) min_z=0.000 → xyz=(9.500,2.500,0.000)
  PASS-A(NF) | item=  30 NF zone=0 dims=(1.00x1.00x1.00) min_z=0.000 → xyz=(0.500,3.500,0.000)
  PASS-A(NF) | item=  31 NF zone=0 dims=(1.00x1.00x1.00) min_z=0.000 → xyz=(1.500,3.500,0.000)
  PASS-A(NF) | item=  32 NF zone=0 dims=(1.00x1.00x1.00) min_z=0.000 → xyz=(2.500,3.500,0.000)
  PASS-A(NF) | item=  33 NF zone=0 dims=(1.00x1.00x1.00) min_z=0.000 → xyz=(3.500,3.500,0.000)
  PASS-A(NF) | item=  34 NF zone=0 dims=(1.00x1.00x1.00) min_z=0.000 → xyz=(4.500,3.500,0.000)
  PASS-A(NF) | item=  35 NF zone=0 dims=(1.00x1.00x1.00) min_z=0.000 → xyz=(5.500,3.500,0.000)
  PASS-A(NF) | item=  36 NF zone=0 dims=(1.00x1.00x1.00) min_z=0.000 → xyz=(6.500,3.500,0.000)
  PASS-A(NF) | item=  37 NF zone=0 dims=(1.00x1.00x1.00) min_z=0.000 → xyz=(7.500,3.500,0.000)
  PASS-A(NF) | item=  38 NF zone=0 dims=(1.00x1.00x1.00) min_z=0.000 → xyz=(8.500,3.500,0.000)
  PASS-A(NF) | item=  39 NF zone=0 dims=(1.00x1.00x1.00) min_z=0.000 → xyz=(9.500,3.500,0.000)
  PASS-A(NF) | item=  40 NF zone=0 dims=(1.00x1.00x1.00) min_z=0.000 → xyz=(0.500,4.500,0.000)
  PASS-A(NF) | item=  41 NF zone=0 dims=(1.00x1.00x1.00) min_z=0.000 → xyz=(1.500,4.500,0.000)
  PASS-A(NF) | item=  42 NF zone=0 dims=(1.00x1.00x1.00) min_z=0.000 → xyz=(2.500,4.500,0.000)
  PASS-A(NF) | item=  43 NF zone=0 dims=(1.00x1.00x1.00) min_z=0.000 → xyz=(3.500,4.500,0.000)
  PASS-A(NF) | item=  44 NF zone=0 dims=(1.00x1.00x1.00) min_z=0.000 → xyz=(4.500,4.500,0.000)
  PASS-A(NF) | item=  45 NF zone=0 dims=(1.00x1.00x1.00) min_z=0.000 → xyz=(5.500,4.500,0.000)
  PASS-A(NF) | item=  46 NF zone=0 dims=(1.00x1.00x1.00) min_z=0.000 → xyz=(6.500,4.500,0.000)
  PASS-A(NF) | item=  47 NF zone=0 dims=(1.00x1.00x1.00) min_z=0.000 → xyz=(7.500,4.500,0.000)
  PASS-A(NF) | item=  48 NF zone=0 dims=(1.00x1.00x1.00) min_z=0.000 → xyz=(8.500,4.500,0.000)
  PASS-A(NF) | item=  49 NF zone=0 dims=(1.00x1.00x1.00) min_z=0.000 → xyz=(9.500,4.500,0.000)
  PASS-A(NF) | item=  50 NF zone=0 dims=(1.00x1.00x1.00) min_z=0.000 → xyz=(0.500,5.500,0.000)
  PASS-A(NF) | item=  51 NF zone=0 dims=(1.00x1.00x1.00) min_z=0.000 → xyz=(1.500,5.500,0.000)
  PASS-A(NF) | item=  52 NF zone=0 dims=(1.00x1.00x1.00) min_z=0.000 → xyz=(2.500,5.500,0.000)
  PASS-A(NF) | item=  53 NF zone=0 dims=(1.00x1.00x1.00) min_z=0.000 → xyz=(3.500,5.500,0.000)
  PASS-A(NF) | item=  54 NF zone=0 dims=(1.00x1.00x1.00) min_z=0.000 → xyz=(4.500,5.500,0.000)
  PASS-A(NF) | item=  55 NF zone=0 dims=(1.00x1.00x1.00) min_z=0.000 → xyz=(5.500,5.500,0.000)
  PASS-A(NF) | item=  56 NF zone=0 dims=(1.00x1.00x1.00) min_z=0.000 → xyz=(6.500,5.500,0.000)
  PASS-A(NF) | item=  57 NF zone=0 dims=(1.00x1.00x1.00) min_z=0.000 → xyz=(7.500,5.500,0.000)
  PASS-A(NF) | item=  58 NF zone=0 dims=(1.00x1.00x1.00) min_z=0.000 → xyz=(8.500,5.500,0.000)
  PASS-A(NF) | item=  59 NF zone=0 dims=(1.00x1.00x1.00) min_z=0.000 → xyz=(9.500,5.500,0.000)
  PASS-A(NF) | item=  60 NF zone=0 dims=(1.00x1.00x1.00) min_z=0.000 → xyz=(0.500,6.500,0.000)
  PASS-A(NF) | item=  61 NF zone=0 dims=(1.00x1.00x1.00) min_z=0.000 → xyz=(1.500,6.500,0.000)
  PASS-A(NF) | item=  62 NF zone=0 dims=(1.00x1.00x1.00) min_z=0.000 → xyz=(2.500,6.500,0.000)
  PASS-A(NF) | item=  63 NF zone=0 dims=(1.00x1.00x1.00) min_z=0.000 → xyz=(3.500,6.500,0.000)
  PASS-A(NF) | item=  64 NF zone=0 dims=(1.00x1.00x1.00) min_z=0.000 → xyz=(4.500,6.500,0.000)
  PASS-A(NF) | item=  65 NF zone=0 dims=(1.00x1.00x1.00) min_z=0.000 → xyz=(5.500,6.500,0.000)
  PASS-A(NF) | item=  66 NF zone=0 dims=(1.00x1.00x1.00) min_z=0.000 → xyz=(6.500,6.500,0.000)
  PASS-A(NF) | item=  67 NF zone=0 dims=(1.00x1.00x1.00) min_z=0.000 → xyz=(7.500,6.500,0.000)
  PASS-A(NF) | item=  68 NF zone=0 dims=(1.00x1.00x1.00) min_z=0.000 → xyz=(8.500,6.500,0.000)
  PASS-A(NF) | item=  69 NF zone=0 dims=(1.00x1.00x1.00) min_z=0.000 → xyz=(9.500,6.500,0.000)
  PASS-A(NF) | item=  70 NF zone=0 dims=(1.00x1.00x1.00) min_z=0.000 → xyz=(0.500,7.500,0.000)
  PASS-A(NF) | item=  71 NF zone=0 dims=(1.00x1.00x1.00) min_z=0.000 → xyz=(1.500,7.500,0.000)
  PASS-A(NF) | item=  72 NF zone=0 dims=(1.00x1.00x1.00) min_z=0.000 → xyz=(2.500,7.500,0.000)
  PASS-A(NF) | item=  73 NF zone=0 dims=(1.00x1.00x1.00) min_z=0.000 → xyz=(3.500,7.500,0.000)
  PASS-A(NF) | item=  74 NF zone=0 dims=(1.00x1.00x1.00) min_z=0.000 → xyz=(4.500,7.500,0.000)
  PASS-A(NF) | item=  75 NF zone=0 dims=(1.00x1.00x1.00) min_z=0.000 → xyz=(5.500,7.500,0.000)
  PASS-A(NF) | item=  76 NF zone=0 dims=(1.00x1.00x1.00) min_z=0.000 → xyz=(6.500,7.500,0.000)
  PASS-A(NF) | item=  77 NF zone=0 dims=(1.00x1.00x1.00) min_z=0.000 → xyz=(7.500,7.500,0.000)
  PASS-A(NF) | item=  78 NF zone=0 dims=(1.00x1.00x1.00) min_z=0.000 → xyz=(8.500,7.500,0.000)
  PASS-A(NF) | item=  79 NF zone=0 dims=(1.00x1.00x1.00) min_z=0.000 → xyz=(9.500,7.500,0.000)
  PASS-A(NF) | item=  80 NF zone=0 dims=(1.00x1.00x1.00) min_z=0.000 → xyz=(0.500,8.500,0.000)
  PASS-A(NF) | item=  81 NF zone=0 dims=(1.00x1.00x1.00) min_z=0.000 → xyz=(1.500,8.500,0.000)
  PASS-A(NF) | item=  82 NF zone=0 dims=(1.00x1.00x1.00) min_z=0.000 → xyz=(2.500,8.500,0.000)
  PASS-A(NF) | item=  83 NF zone=0 dims=(1.00x1.00x1.00) min_z=0.000 → xyz=(3.500,8.500,0.000)
  PASS-A(NF) | item=  84 NF zone=0 dims=(1.00x1.00x1.00) min_z=0.000 → xyz=(4.500,8.500,0.000)
  PASS-A(NF) | item=  85 NF zone=0 dims=(1.00x1.00x1.00) min_z=0.000 → xyz=(5.500,8.500,0.000)
  PASS-A(NF) | item=  86 NF zone=0 dims=(1.00x1.00x1.00) min_z=0.000 → xyz=(6.500,8.500,0.000)
  PASS-A(NF) | item=  87 NF zone=0 dims=(1.00x1.00x1.00) min_z=0.000 → xyz=(7.500,8.500,0.000)
  PASS-A(NF) | item=  88 NF zone=0 dims=(1.00x1.00x1.00) min_z=0.000 → xyz=(8.500,8.500,0.000)
  PASS-A(NF) | item=  89 NF zone=0 dims=(1.00x1.00x1.00) min_z=0.000 → xyz=(9.500,8.500,0.000)
  PASS-A(NF) | item=  90 NF zone=0 dims=(1.00x1.00x1.00) min_z=0.000 → xyz=(0.500,9.500,0.000)
  PASS-A(NF) | item=  91 NF zone=0 dims=(1.00x1.00x1.00) min_z=0.000 → xyz=(1.500,9.500,0.000)
  PASS-A(NF) | item=  92 NF zone=0 dims=(1.00x1.00x1.00) min_z=0.000 → xyz=(2.500,9.500,0.000)
  PASS-A(NF) | item=  93 NF zone=0 dims=(1.00x1.00x1.00) min_z=0.000 → xyz=(3.500,9.500,0.000)
  PASS-A(NF) | item=  94 NF zone=0 dims=(1.00x1.00x1.00) min_z=0.000 → xyz=(4.500,9.500,0.000)
  PASS-A(NF) | item=  95 NF zone=0 dims=(1.00x1.00x1.00) min_z=0.000 → xyz=(5.500,9.500,0.000)
  PASS-A(NF) | item=  96 NF zone=0 dims=(1.00x1.00x1.00) min_z=0.000 → xyz=(6.500,9.500,0.000)
  PASS-A(NF) | item=  97 NF zone=0 dims=(1.00x1.00x1.00) min_z=0.000 → xyz=(7.500,9.500,0.000)
  PASS-A(NF) | item=  98 NF zone=0 dims=(1.00x1.00x1.00) min_z=0.000 → xyz=(8.500,9.500,0.000)
  PASS-A(NF) | item=  99 NF zone=0 dims=(1.00x1.00x1.00) min_z=0.000 → xyz=(9.500,9.500,0.000)
  PASS-A(NF) | item= 100 NF zone=0 dims=(1.00x1.00x1.00) min_z=0.000 → xyz=(0.500,0.500,1.000)
  PASS-A(NF) | item= 101 NF zone=0 dims=(1.00x1.00x1.00) min_z=0.000 → xyz=(1.500,0.500,1.000)
  PASS-A(NF) | item= 102 NF zone=0 dims=(1.00x1.00x1.00) min_z=0.000 → xyz=(2.500,0.500,1.000)
  PASS-A(NF) | item= 103 NF zone=0 dims=(1.00x1.00x1.00) min_z=0.000 → xyz=(3.500,0.500,1.000)
  PASS-A(NF) | item= 104 NF zone=0 dims=(1.00x1.00x1.00) min_z=0.000 → xyz=(4.500,0.500,1.000)
  PASS-A(NF) | item= 105 NF zone=0 dims=(1.00x1.00x1.00) min_z=0.000 → xyz=(5.500,0.500,1.000)
  PASS-A(NF) | item= 106 NF zone=0 dims=(1.00x1.00x1.00) min_z=0.000 → xyz=(6.500,0.500,1.000)
  PASS-A(NF) | item= 107 NF zone=0 dims=(1.00x1.00x1.00) min_z=0.000 → xyz=(7.500,0.500,1.000)
  PASS-A(NF) | item= 108 NF zone=0 dims=(1.00x1.00x1.00) min_z=0.000 → xyz=(8.500,0.500,1.000)
  PASS-A(NF) | item= 109 NF zone=0 dims=(1.00x1.00x1.00) min_z=0.000 → xyz=(9.500,0.500,1.000)
  PASS-A(NF) | item= 110 NF zone=0 dims=(1.00x1.00x1.00) min_z=0.000 → xyz=(0.500,1.500,1.000)
  PASS-A(NF) | item= 111 NF zone=0 dims=(1.00x1.00x1.00) min_z=0.000 → xyz=(1.500,1.500,1.000)
  PASS-A(NF) | item= 112 NF zone=0 dims=(1.00x1.00x1.00) min_z=0.000 → xyz=(2.500,1.500,1.000)
  PASS-A(NF) | item= 113 NF zone=0 dims=(1.00x1.00x1.00) min_z=0.000 → xyz=(3.500,1.500,1.000)
  PASS-A(NF) | item= 114 NF zone=0 dims=(1.00x1.00x1.00) min_z=0.000 → xyz=(4.500,1.500,1.000)
  PASS-A(NF) | item= 115 NF zone=0 dims=(1.00x1.00x1.00) min_z=0.000 → xyz=(5.500,1.500,1.000)
  PASS-A(NF) | item= 116 NF zone=0 dims=(1.00x1.00x1.00) min_z=0.000 → xyz=(6.500,1.500,1.000)
  PASS-A(NF) | item= 117 NF zone=0 dims=(1.00x1.00x1.00) min_z=0.000 → xyz=(7.500,1.500,1.000)
  PASS-A(NF) | item= 118 NF zone=0 dims=(1.00x1.00x1.00) min_z=0.000 → xyz=(8.500,1.500,1.000)
  PASS-A(NF) | item= 119 NF zone=0 dims=(1.00x1.00x1.00) min_z=0.000 → xyz=(9.500,1.500,1.000)
  PASS-A(NF) | item= 120 NF zone=0 dims=(1.00x1.00x1.00) min_z=0.000 → xyz=(0.500,2.500,1.000)
  PASS-A(NF) | item= 121 NF zone=0 dims=(1.00x1.00x1.00) min_z=0.000 → xyz=(1.500,2.500,1.000)
  PASS-A(NF) | item= 122 NF zone=0 dims=(1.00x1.00x1.00) min_z=0.000 → xyz=(2.500,2.500,1.000)
  PASS-A(NF) | item= 123 NF zone=0 dims=(1.00x1.00x1.00) min_z=0.000 → xyz=(3.500,2.500,1.000)
  PASS-A(NF) | item= 124 NF zone=0 dims=(1.00x1.00x1.00) min_z=0.000 → xyz=(4.500,2.500,1.000)
  PASS-A(NF) | item= 125 NF zone=0 dims=(1.00x1.00x1.00) min_z=0.000 → xyz=(5.500,2.500,1.000)
  PASS-A(NF) | item= 126 NF zone=0 dims=(1.00x1.00x1.00) min_z=0.000 → xyz=(6.500,2.500,1.000)
  PASS-A(NF) | item= 127 NF zone=0 dims=(1.00x1.00x1.00) min_z=0.000 → xyz=(7.500,2.500,1.000)
  PASS-A(NF) | item= 128 NF zone=0 dims=(1.00x1.00x1.00) min_z=0.000 → xyz=(8.500,2.500,1.000)
  PASS-A(NF) | item= 129 NF zone=0 dims=(1.00x1.00x1.00) min_z=0.000 → xyz=(9.500,2.500,1.000)
  PASS-A(NF) | item= 130 NF zone=0 dims=(1.00x1.00x1.00) min_z=0.000 → xyz=(0.500,3.500,1.000)
  PASS-A(NF) | item= 131 NF zone=0 dims=(1.00x1.00x1.00) min_z=0.000 → xyz=(1.500,3.500,1.000)
  PASS-A(NF) | item= 132 NF zone=0 dims=(1.00x1.00x1.00) min_z=0.000 → xyz=(2.500,3.500,1.000)
  PASS-A(NF) | item= 133 NF zone=0 dims=(1.00x1.00x1.00) min_z=0.000 → xyz=(3.500,3.500,1.000)
  PASS-A(NF) | item= 134 NF zone=0 dims=(1.00x1.00x1.00) min_z=0.000 → xyz=(4.500,3.500,1.000)
  PASS-A(NF) | item= 135 NF zone=0 dims=(1.00x1.00x1.00) min_z=0.000 → xyz=(5.500,3.500,1.000)
  PASS-A(NF) | item= 136 NF zone=0 dims=(1.00x1.00x1.00) min_z=0.000 → xyz=(6.500,3.500,1.000)
  PASS-A(NF) | item= 137 NF zone=0 dims=(1.00x1.00x1.00) min_z=0.000 → xyz=(7.500,3.500,1.000)
  PASS-A(NF) | item= 138 NF zone=0 dims=(1.00x1.00x1.00) min_z=0.000 → xyz=(8.500,3.500,1.000)
  PASS-A(NF) | item= 139 NF zone=0 dims=(1.00x1.00x1.00) min_z=0.000 → xyz=(9.500,3.500,1.000)
  PASS-A(NF) | item= 140 NF zone=0 dims=(1.00x1.00x1.00) min_z=0.000 → xyz=(0.500,4.500,1.000)
  PASS-A(NF) | item= 141 NF zone=0 dims=(1.00x1.00x1.00) min_z=0.000 → xyz=(1.500,4.500,1.000)
  PASS-A(NF) | item= 142 NF zone=0 dims=(1.00x1.00x1.00) min_z=0.000 → xyz=(2.500,4.500,1.000)
  PASS-A(NF) | item= 143 NF zone=0 dims=(1.00x1.00x1.00) min_z=0.000 → xyz=(3.500,4.500,1.000)
  PASS-A(NF) | item= 144 NF zone=0 dims=(1.00x1.00x1.00) min_z=0.000 → xyz=(4.500,4.500,1.000)
  PASS-A(NF) | item= 145 NF zone=0 dims=(1.00x1.00x1.00) min_z=0.000 → xyz=(5.500,4.500,1.000)
  PASS-A(NF) | item= 146 NF zone=0 dims=(1.00x1.00x1.00) min_z=0.000 → xyz=(6.500,4.500,1.000)
  PASS-A(NF) | item= 147 NF zone=1 dims=(1.00x1.00x1.00) min_z=0.000 → xyz=(0.500,0.500,3.000)
  PASS-A(NF) | item= 148 NF zone=1 dims=(1.00x1.00x1.00) min_z=0.000 → xyz=(1.500,0.500,3.000)
  PASS-A(NF) | item= 149 NF zone=1 dims=(1.00x1.00x1.00) min_z=0.000 → xyz=(2.500,0.500,3.000)
  PASS-A(NF) | item= 150 NF zone=1 dims=(1.00x1.00x1.00) min_z=0.000 → xyz=(3.500,0.500,3.000)
  PASS-A(NF) | item= 151 NF zone=1 dims=(1.00x1.00x1.00) min_z=0.000 → xyz=(4.500,0.500,3.000)
  PASS-A(NF) | item= 152 NF zone=1 dims=(1.00x1.00x1.00) min_z=0.000 → xyz=(5.500,0.500,3.000)
  PASS-A(NF) | item= 153 NF zone=1 dims=(1.00x1.00x1.00) min_z=0.000 → xyz=(6.500,0.500,3.000)
  PASS-A(NF) | item= 154 NF zone=1 dims=(1.00x1.00x1.00) min_z=0.000 → xyz=(7.500,0.500,3.000)
  PASS-A(NF) | item= 155 NF zone=1 dims=(1.00x1.00x1.00) min_z=0.000 → xyz=(8.500,0.500,3.000)
  PASS-A(NF) | item= 156 NF zone=1 dims=(1.00x1.00x1.00) min_z=0.000 → xyz=(9.500,0.500,3.000)
  PASS-A(NF) | item= 157 NF zone=1 dims=(1.00x1.00x1.00) min_z=0.000 → xyz=(0.500,1.500,3.000)
  PASS-A(NF) | item= 158 NF zone=1 dims=(1.00x1.00x1.00) min_z=0.000 → xyz=(1.500,1.500,3.000)
  PASS-A(NF) | item= 159 NF zone=1 dims=(1.00x1.00x1.00) min_z=0.000 → xyz=(2.500,1.500,3.000)
  PASS-A(NF) | item= 160 NF zone=1 dims=(1.00x1.00x1.00) min_z=0.000 → xyz=(3.500,1.500,3.000)
  PASS-A(NF) | item= 161 NF zone=1 dims=(1.00x1.00x1.00) min_z=0.000 → xyz=(4.500,1.500,3.000)
  PASS-A(NF) | item= 162 NF zone=1 dims=(1.00x1.00x1.00) min_z=0.000 → xyz=(5.500,1.500,3.000)
  PASS-A(NF) | item= 163 NF zone=1 dims=(1.00x1.00x1.00) min_z=0.000 → xyz=(6.500,1.500,3.000)
  PASS-A(NF) | item= 164 NF zone=1 dims=(1.00x1.00x1.00) min_z=0.000 → xyz=(7.500,1.500,3.000)
  PASS-A(NF) | item= 165 NF zone=1 dims=(1.00x1.00x1.00) min_z=0.000 → xyz=(8.500,1.500,3.000)
  PASS-A(NF) | item= 166 NF zone=1 dims=(1.00x1.00x1.00) min_z=0.000 → xyz=(9.500,1.500,3.000)
  PASS-A(NF) | item= 167 NF zone=1 dims=(1.00x1.00x1.00) min_z=0.000 → xyz=(0.500,2.500,3.000)
  PASS-A(NF) | item= 168 NF zone=1 dims=(1.00x1.00x1.00) min_z=0.000 → xyz=(1.500,2.500,3.000)
  PASS-A(NF) | item= 169 NF zone=1 dims=(1.00x1.00x1.00) min_z=0.000 → xyz=(2.500,2.500,3.000)
  PASS-A(NF) | item= 170 NF zone=1 dims=(1.00x1.00x1.00) min_z=0.000 → xyz=(3.500,2.500,3.000)
  PASS-A(NF) | item= 171 NF zone=1 dims=(1.00x1.00x1.00) min_z=0.000 → xyz=(4.500,2.500,3.000)
  PASS-A(NF) | item= 172 NF zone=1 dims=(1.00x1.00x1.00) min_z=0.000 → xyz=(5.500,2.500,3.000)
  PASS-A(NF) | item= 173 NF zone=1 dims=(1.00x1.00x1.00) min_z=0.000 → xyz=(6.500,2.500,3.000)
  PASS-A(NF) | item= 174 NF zone=1 dims=(1.00x1.00x1.00) min_z=0.000 → xyz=(7.500,2.500,3.000)
  PASS-A(NF) | item= 175 NF zone=1 dims=(1.00x1.00x1.00) min_z=0.000 → xyz=(8.500,2.500,3.000)
  PASS-A(NF) | item= 176 NF zone=1 dims=(1.00x1.00x1.00) min_z=0.000 → xyz=(9.500,2.500,3.000)
  PASS-A(NF) | item= 177 NF zone=1 dims=(1.00x1.00x1.00) min_z=0.000 → xyz=(0.500,3.500,3.000)
  PASS-A(NF) | item= 178 NF zone=1 dims=(1.00x1.00x1.00) min_z=0.000 → xyz=(1.500,3.500,3.000)
  PASS-A(NF) | item= 179 NF zone=1 dims=(1.00x1.00x1.00) min_z=0.000 → xyz=(2.500,3.500,3.000)
  PASS-A(NF) | item= 180 NF zone=1 dims=(1.00x1.00x1.00) min_z=0.000 → xyz=(3.500,3.500,3.000)
  PASS-A(NF) | item= 181 NF zone=1 dims=(1.00x1.00x1.00) min_z=0.000 → xyz=(4.500,3.500,3.000)
  PASS-A(NF) | item= 182 NF zone=1 dims=(1.00x1.00x1.00) min_z=0.000 → xyz=(5.500,3.500,3.000)
  PASS-A(NF) | item= 183 NF zone=1 dims=(1.00x1.00x1.00) min_z=0.000 → xyz=(6.500,3.500,3.000)
  PASS-A(NF) | item= 184 NF zone=1 dims=(1.00x1.00x1.00) min_z=0.000 → xyz=(7.500,3.500,3.000)
  PASS-A(NF) | item= 185 NF zone=1 dims=(1.00x1.00x1.00) min_z=0.000 → xyz=(8.500,3.500,3.000)
  PASS-A(NF) | item= 186 NF zone=1 dims=(1.00x1.00x1.00) min_z=0.000 → xyz=(9.500,3.500,3.000)
  PASS-A(NF) | item= 187 NF zone=1 dims=(1.00x1.00x1.00) min_z=0.000 → xyz=(0.500,4.500,3.000)
  PASS-A(NF) | item= 188 NF zone=1 dims=(1.00x1.00x1.00) min_z=0.000 → xyz=(1.500,4.500,3.000)
  PASS-A(NF) | item= 189 NF zone=1 dims=(1.00x1.00x1.00) min_z=0.000 → xyz=(2.500,4.500,3.000)
  PASS-A(NF) | item= 190 NF zone=1 dims=(1.00x1.00x1.00) min_z=0.000 → xyz=(3.500,4.500,3.000)
  PASS-A(NF) | item= 191 NF zone=1 dims=(1.00x1.00x1.00) min_z=0.000 → xyz=(4.500,4.500,3.000)
  PASS-A(NF) | item= 192 NF zone=1 dims=(1.00x1.00x1.00) min_z=0.000 → xyz=(5.500,4.500,3.000)
  PASS-A(NF) | item= 193 NF zone=1 dims=(1.00x1.00x1.00) min_z=0.000 → xyz=(6.500,4.500,3.000)
  PASS-A(NF) | item= 194 NF zone=1 dims=(1.00x1.00x1.00) min_z=0.000 → xyz=(7.500,4.500,3.000)
  PASS-A(NF) | item= 195 NF zone=1 dims=(1.00x1.00x1.00) min_z=0.000 → xyz=(8.500,4.500,3.000)
  PASS-A(NF) | item= 196 NF zone=1 dims=(1.00x1.00x1.00) min_z=0.000 → xyz=(9.500,4.500,3.000)
  PASS-A(NF) | item= 197 NF zone=1 dims=(1.00x1.00x1.00) min_z=0.000 → xyz=(0.500,5.500,3.000)
  PASS-A(NF) | item= 198 NF zone=1 dims=(1.00x1.00x1.00) min_z=0.000 → xyz=(1.500,5.500,3.000)
  PASS-A(NF) | item= 199 NF zone=1 dims=(1.00x1.00x1.00) min_z=0.000 → xyz=(2.500,5.500,3.000)
  PASS-A(NF) | item= 200 NF zone=1 dims=(1.00x1.00x1.00) min_z=0.000 → xyz=(3.500,5.500,3.000)
  PASS-A(NF) | item= 201 NF zone=1 dims=(1.00x1.00x1.00) min_z=0.000 → xyz=(4.500,5.500,3.000)
  PASS-A(NF) | item= 202 NF zone=1 dims=(1.00x1.00x1.00) min_z=0.000 → xyz=(5.500,5.500,3.000)
  PASS-A(NF) | item= 203 NF zone=1 dims=(1.00x1.00x1.00) min_z=0.000 → xyz=(6.500,5.500,3.000)
  PASS-A(NF) | item= 204 NF zone=1 dims=(1.00x1.00x1.00) min_z=0.000 → xyz=(7.500,5.500,3.000)
  PASS-A(NF) | item= 205 NF zone=1 dims=(1.00x1.00x1.00) min_z=0.000 → xyz=(8.500,5.500,3.000)
  PASS-A(NF) | item= 206 NF zone=1 dims=(1.00x1.00x1.00) min_z=0.000 → xyz=(9.500,5.500,3.000)
  PASS-A(NF) | item= 207 NF zone=1 dims=(1.00x1.00x1.00) min_z=0.000 → xyz=(0.500,6.500,3.000)
  PASS-A(NF) | item= 208 NF zone=1 dims=(1.00x1.00x1.00) min_z=0.000 → xyz=(1.500,6.500,3.000)
  PASS-A(NF) | item= 209 NF zone=1 dims=(1.00x1.00x1.00) min_z=0.000 → xyz=(2.500,6.500,3.000)
  PASS-A(NF) | item= 210 NF zone=1 dims=(1.00x1.00x1.00) min_z=0.000 → xyz=(3.500,6.500,3.000)
  PASS-A(NF) | item= 211 NF zone=1 dims=(1.00x1.00x1.00) min_z=0.000 → xyz=(4.500,6.500,3.000)
  PASS-A(NF) | item= 212 NF zone=1 dims=(1.00x1.00x1.00) min_z=0.000 → xyz=(5.500,6.500,3.000)
  PASS-A(NF) | item= 213 NF zone=1 dims=(1.00x1.00x1.00) min_z=0.000 → xyz=(6.500,6.500,3.000)
  PASS-A(NF) | item= 214 NF zone=1 dims=(1.00x1.00x1.00) min_z=0.000 → xyz=(7.500,6.500,3.000)
  PASS-A(NF) | item= 215 NF zone=1 dims=(1.00x1.00x1.00) min_z=0.000 → xyz=(8.500,6.500,3.000)
  PASS-A(NF) | item= 216 NF zone=1 dims=(1.00x1.00x1.00) min_z=0.000 → xyz=(9.500,6.500,3.000)
  PASS-A(NF) | item= 217 NF zone=1 dims=(1.00x1.00x1.00) min_z=0.000 → xyz=(0.500,7.500,3.000)
  PASS-A(NF) | item= 218 NF zone=1 dims=(1.00x1.00x1.00) min_z=0.000 → xyz=(1.500,7.500,3.000)
  PASS-A(NF) | item= 219 NF zone=1 dims=(1.00x1.00x1.00) min_z=0.000 → xyz=(2.500,7.500,3.000)
  PASS-A(NF) | item= 220 NF zone=1 dims=(1.00x1.00x1.00) min_z=0.000 → xyz=(3.500,7.500,3.000)
  PASS-A(NF) | item= 221 NF zone=1 dims=(1.00x1.00x1.00) min_z=0.000 → xyz=(4.500,7.500,3.000)
  PASS-A(NF) | item= 222 NF zone=1 dims=(1.00x1.00x1.00) min_z=0.000 → xyz=(5.500,7.500,3.000)
  PASS-A(NF) | item= 223 NF zone=1 dims=(1.00x1.00x1.00) min_z=0.000 → xyz=(6.500,7.500,3.000)
  PASS-A(NF) | item= 224 NF zone=1 dims=(1.00x1.00x1.00) min_z=0.000 → xyz=(7.500,7.500,3.000)
  PASS-A(NF) | item= 225 NF zone=1 dims=(1.00x1.00x1.00) min_z=0.000 → xyz=(8.500,7.500,3.000)
  PASS-A(NF) | item= 226 NF zone=1 dims=(1.00x1.00x1.00) min_z=0.000 → xyz=(9.500,7.500,3.000)
  PASS-A(NF) | item= 227 NF zone=1 dims=(1.00x1.00x1.00) min_z=0.000 → xyz=(0.500,8.500,3.000)
  PASS-A(NF) | item= 228 NF zone=1 dims=(1.00x1.00x1.00) min_z=0.000 → xyz=(1.500,8.500,3.000)
  PASS-A(NF) | item= 229 NF zone=1 dims=(1.00x1.00x1.00) min_z=0.000 → xyz=(2.500,8.500,3.000)
  PASS-A(NF) | item= 230 NF zone=1 dims=(1.00x1.00x1.00) min_z=0.000 → xyz=(3.500,8.500,3.000)
  PASS-A(NF) | item= 231 NF zone=1 dims=(1.00x1.00x1.00) min_z=0.000 → xyz=(4.500,8.500,3.000)
  PASS-A(NF) | item= 232 NF zone=1 dims=(1.00x1.00x1.00) min_z=0.000 → xyz=(5.500,8.500,3.000)
  PASS-A(NF) | item= 233 NF zone=1 dims=(1.00x1.00x1.00) min_z=0.000 → xyz=(6.500,8.500,3.000)
  PASS-A(NF) | item= 234 NF zone=1 dims=(1.00x1.00x1.00) min_z=0.000 → xyz=(7.500,8.500,3.000)
  PASS-A(NF) | item= 235 NF zone=1 dims=(1.00x1.00x1.00) min_z=0.000 → xyz=(8.500,8.500,3.000)
  PASS-A(NF) | item= 236 NF zone=1 dims=(1.00x1.00x1.00) min_z=0.000 → xyz=(9.500,8.500,3.000)
  PASS-A(NF) | item= 237 NF zone=1 dims=(1.00x1.00x1.00) min_z=0.000 → xyz=(0.500,9.500,3.000)
  PASS-A(NF) | item= 238 NF zone=1 dims=(1.00x1.00x1.00) min_z=0.000 → xyz=(1.500,9.500,3.000)
  PASS-A(NF) | item= 239 NF zone=1 dims=(1.00x1.00x1.00) min_z=0.000 → xyz=(2.500,9.500,3.000)
  PASS-A(NF) | item= 240 NF zone=1 dims=(1.00x1.00x1.00) min_z=0.000 → xyz=(3.500,9.500,3.000)
  PASS-A(NF) | item= 241 NF zone=1 dims=(1.00x1.00x1.00) min_z=0.000 → xyz=(4.500,9.500,3.000)
  PASS-A(NF) | item= 242 NF zone=1 dims=(1.00x1.00x1.00) min_z=0.000 → xyz=(5.500,9.500,3.000)
  PASS-A(NF) | item= 243 NF zone=1 dims=(1.00x1.00x1.00) min_z=0.000 → xyz=(6.500,9.500,3.000)
  PASS-A(NF) | item= 244 NF zone=1 dims=(1.00x1.00x1.00) min_z=0.000 → xyz=(7.500,9.500,3.000)
  PASS-A(NF) | item= 245 NF zone=1 dims=(1.00x1.00x1.00) min_z=0.000 → xyz=(8.500,9.500,3.000)
  PASS-A(NF) | item= 246 NF zone=1 dims=(1.00x1.00x1.00) min_z=0.000 → xyz=(9.500,9.500,3.000)
  PASS-A(NF) | item= 247 NF zone=1 dims=(1.00x1.00x1.00) min_z=0.000 → xyz=(0.500,0.500,4.000)
  PASS-A(NF) | item= 248 NF zone=1 dims=(1.00x1.00x1.00) min_z=0.000 → xyz=(1.500,0.500,4.000)
  PASS-A(NF) | item= 249 NF zone=1 dims=(1.00x1.00x1.00) min_z=0.000 → xyz=(2.500,0.500,4.000)
--- PASS B: NF top-Z per zone: {0: np.float64(2.0), 1: np.float64(5.0)} ---
--- PASS C: 250 Fragile items ---
  PASS-C(FR) | item= 250 FR zone=0 dims=(1.00x1.00x1.00) min_z=0.000 → xyz=(7.500,4.500,1.000)
  PASS-C(FR) | item= 251 FR zone=0 dims=(1.00x1.00x1.00) min_z=0.000 → xyz=(8.500,4.500,1.000)
  PASS-C(FR) | item= 252 FR zone=0 dims=(1.00x1.00x1.00) min_z=0.000 → xyz=(9.500,4.500,1.000)
  PASS-C(FR) | item= 253 FR zone=0 dims=(1.00x1.00x1.00) min_z=0.000 → xyz=(0.500,5.500,1.000)
  PASS-C(FR) | item= 254 FR zone=0 dims=(1.00x1.00x1.00) min_z=0.000 → xyz=(1.500,5.500,1.000)
  PASS-C(FR) | item= 255 FR zone=0 dims=(1.00x1.00x1.00) min_z=0.000 → xyz=(2.500,5.500,1.000)
  PASS-C(FR) | item= 256 FR zone=0 dims=(1.00x1.00x1.00) min_z=0.000 → xyz=(3.500,5.500,1.000)
  PASS-C(FR) | item= 257 FR zone=0 dims=(1.00x1.00x1.00) min_z=0.000 → xyz=(4.500,5.500,1.000)
  PASS-C(FR) | item= 258 FR zone=0 dims=(1.00x1.00x1.00) min_z=0.000 → xyz=(5.500,5.500,1.000)
  PASS-C(FR) | item= 259 FR zone=0 dims=(1.00x1.00x1.00) min_z=0.000 → xyz=(6.500,5.500,1.000)
  PASS-C(FR) | item= 260 FR zone=0 dims=(1.00x1.00x1.00) min_z=0.000 → xyz=(7.500,5.500,1.000)
  PASS-C(FR) | item= 261 FR zone=0 dims=(1.00x1.00x1.00) min_z=0.000 → xyz=(8.500,5.500,1.000)
  PASS-C(FR) | item= 262 FR zone=0 dims=(1.00x1.00x1.00) min_z=0.000 → xyz=(9.500,5.500,1.000)
  PASS-C(FR) | item= 263 FR zone=0 dims=(1.00x1.00x1.00) min_z=0.000 → xyz=(0.500,6.500,1.000)
  PASS-C(FR) | item= 264 FR zone=0 dims=(1.00x1.00x1.00) min_z=0.000 → xyz=(1.500,6.500,1.000)
  PASS-C(FR) | item= 265 FR zone=0 dims=(1.00x1.00x1.00) min_z=0.000 → xyz=(2.500,6.500,1.000)
  PASS-C(FR) | item= 266 FR zone=0 dims=(1.00x1.00x1.00) min_z=0.000 → xyz=(3.500,6.500,1.000)
  PASS-C(FR) | item= 267 FR zone=0 dims=(1.00x1.00x1.00) min_z=0.000 → xyz=(4.500,6.500,1.000)
  PASS-C(FR) | item= 268 FR zone=0 dims=(1.00x1.00x1.00) min_z=0.000 → xyz=(5.500,6.500,1.000)
  PASS-C(FR) | item= 269 FR zone=0 dims=(1.00x1.00x1.00) min_z=0.000 → xyz=(6.500,6.500,1.000)
  PASS-C(FR) | item= 270 FR zone=0 dims=(1.00x1.00x1.00) min_z=0.000 → xyz=(7.500,6.500,1.000)
  PASS-C(FR) | item= 271 FR zone=0 dims=(1.00x1.00x1.00) min_z=0.000 → xyz=(8.500,6.500,1.000)
  PASS-C(FR) | item= 272 FR zone=0 dims=(1.00x1.00x1.00) min_z=0.000 → xyz=(9.500,6.500,1.000)
  PASS-C(FR) | item= 273 FR zone=0 dims=(1.00x1.00x1.00) min_z=0.000 → xyz=(0.500,7.500,1.000)
  PASS-C(FR) | item= 274 FR zone=0 dims=(1.00x1.00x1.00) min_z=0.000 → xyz=(1.500,7.500,1.000)
  PASS-C(FR) | item= 275 FR zone=0 dims=(1.00x1.00x1.00) min_z=0.000 → xyz=(2.500,7.500,1.000)
  PASS-C(FR) | item= 276 FR zone=0 dims=(1.00x1.00x1.00) min_z=0.000 → xyz=(3.500,7.500,1.000)
  PASS-C(FR) | item= 277 FR zone=0 dims=(1.00x1.00x1.00) min_z=0.000 → xyz=(4.500,7.500,1.000)
  PASS-C(FR) | item= 278 FR zone=0 dims=(1.00x1.00x1.00) min_z=0.000 → xyz=(5.500,7.500,1.000)
  PASS-C(FR) | item= 279 FR zone=0 dims=(1.00x1.00x1.00) min_z=0.000 → xyz=(6.500,7.500,1.000)
  PASS-C(FR) | item= 280 FR zone=0 dims=(1.00x1.00x1.00) min_z=0.000 → xyz=(7.500,7.500,1.000)
  PASS-C(FR) | item= 281 FR zone=0 dims=(1.00x1.00x1.00) min_z=0.000 → xyz=(8.500,7.500,1.000)
  PASS-C(FR) | item= 282 FR zone=0 dims=(1.00x1.00x1.00) min_z=0.000 → xyz=(9.500,7.500,1.000)
  PASS-C(FR) | item= 283 FR zone=0 dims=(1.00x1.00x1.00) min_z=0.000 → xyz=(0.500,8.500,1.000)
  PASS-C(FR) | item= 284 FR zone=0 dims=(1.00x1.00x1.00) min_z=0.000 → xyz=(1.500,8.500,1.000)
  PASS-C(FR) | item= 285 FR zone=0 dims=(1.00x1.00x1.00) min_z=0.000 → xyz=(2.500,8.500,1.000)
  PASS-C(FR) | item= 286 FR zone=0 dims=(1.00x1.00x1.00) min_z=0.000 → xyz=(3.500,8.500,1.000)
  PASS-C(FR) | item= 287 FR zone=0 dims=(1.00x1.00x1.00) min_z=0.000 → xyz=(4.500,8.500,1.000)
  PASS-C(FR) | item= 288 FR zone=0 dims=(1.00x1.00x1.00) min_z=0.000 → xyz=(5.500,8.500,1.000)
  PASS-C(FR) | item= 289 FR zone=0 dims=(1.00x1.00x1.00) min_z=0.000 → xyz=(6.500,8.500,1.000)
  PASS-C(FR) | item= 290 FR zone=0 dims=(1.00x1.00x1.00) min_z=0.000 → xyz=(7.500,8.500,1.000)
  PASS-C(FR) | item= 291 FR zone=0 dims=(1.00x1.00x1.00) min_z=0.000 → xyz=(8.500,8.500,1.000)
  PASS-C(FR) | item= 292 FR zone=0 dims=(1.00x1.00x1.00) min_z=0.000 → xyz=(9.500,8.500,1.000)
  PASS-C(FR) | item= 293 FR zone=0 dims=(1.00x1.00x1.00) min_z=0.000 → xyz=(0.500,9.500,1.000)
  PASS-C(FR) | item= 294 FR zone=0 dims=(1.00x1.00x1.00) min_z=0.000 → xyz=(1.500,9.500,1.000)
  PASS-C(FR) | item= 295 FR zone=0 dims=(1.00x1.00x1.00) min_z=0.000 → xyz=(2.500,9.500,1.000)
  PASS-C(FR) | item= 296 FR zone=0 dims=(1.00x1.00x1.00) min_z=0.000 → xyz=(3.500,9.500,1.000)
  PASS-C(FR) | item= 297 FR zone=0 dims=(1.00x1.00x1.00) min_z=0.000 → xyz=(4.500,9.500,1.000)
  PASS-C(FR) | item= 298 FR zone=0 dims=(1.00x1.00x1.00) min_z=0.000 → xyz=(5.500,9.500,1.000)
  PASS-C(FR) | item= 299 FR zone=0 dims=(1.00x1.00x1.00) min_z=0.000 → xyz=(6.500,9.500,1.000)
  PASS-C(FR) | item= 300 FR zone=0 dims=(1.00x1.00x1.00) min_z=0.000 → xyz=(7.500,9.500,1.000)
  PASS-C(FR) | item= 301 FR zone=0 dims=(1.00x1.00x1.00) min_z=0.000 → xyz=(8.500,9.500,1.000)
  PASS-C(FR) | item= 302 FR zone=0 dims=(1.00x1.00x1.00) min_z=0.000 → xyz=(9.500,9.500,1.000)
  PASS-C(FR) | item= 303 FR zone=0 dims=(1.00x1.00x1.00) min_z=0.000 → xyz=(0.500,0.500,2.000)
  PASS-C(FR) | item= 304 FR zone=0 dims=(1.00x1.00x1.00) min_z=0.000 → xyz=(1.500,0.500,2.000)
  PASS-C(FR) | item= 305 FR zone=0 dims=(1.00x1.00x1.00) min_z=0.000 → xyz=(2.500,0.500,2.000)
  PASS-C(FR) | item= 306 FR zone=0 dims=(1.00x1.00x1.00) min_z=0.000 → xyz=(3.500,0.500,2.000)
  PASS-C(FR) | item= 307 FR zone=0 dims=(1.00x1.00x1.00) min_z=0.000 → xyz=(4.500,0.500,2.000)
  PASS-C(FR) | item= 308 FR zone=0 dims=(1.00x1.00x1.00) min_z=0.000 → xyz=(5.500,0.500,2.000)
  PASS-C(FR) | item= 309 FR zone=0 dims=(1.00x1.00x1.00) min_z=0.000 → xyz=(6.500,0.500,2.000)
  PASS-C(FR) | item= 310 FR zone=0 dims=(1.00x1.00x1.00) min_z=0.000 → xyz=(7.500,0.500,2.000)
  PASS-C(FR) | item= 311 FR zone=0 dims=(1.00x1.00x1.00) min_z=0.000 → xyz=(8.500,0.500,2.000)
  PASS-C(FR) | item= 312 FR zone=0 dims=(1.00x1.00x1.00) min_z=0.000 → xyz=(9.500,0.500,2.000)
  PASS-C(FR) | item= 313 FR zone=0 dims=(1.00x1.00x1.00) min_z=0.000 → xyz=(0.500,1.500,2.000)
  PASS-C(FR) | item= 314 FR zone=0 dims=(1.00x1.00x1.00) min_z=0.000 → xyz=(1.500,1.500,2.000)
  PASS-C(FR) | item= 315 FR zone=0 dims=(1.00x1.00x1.00) min_z=0.000 → xyz=(2.500,1.500,2.000)
  PASS-C(FR) | item= 316 FR zone=0 dims=(1.00x1.00x1.00) min_z=0.000 → xyz=(3.500,1.500,2.000)
  PASS-C(FR) | item= 317 FR zone=0 dims=(1.00x1.00x1.00) min_z=0.000 → xyz=(4.500,1.500,2.000)
  PASS-C(FR) | item= 318 FR zone=0 dims=(1.00x1.00x1.00) min_z=0.000 → xyz=(5.500,1.500,2.000)
  PASS-C(FR) | item= 319 FR zone=0 dims=(1.00x1.00x1.00) min_z=0.000 → xyz=(6.500,1.500,2.000)
  PASS-C(FR) | item= 320 FR zone=0 dims=(1.00x1.00x1.00) min_z=0.000 → xyz=(7.500,1.500,2.000)
  PASS-C(FR) | item= 321 FR zone=0 dims=(1.00x1.00x1.00) min_z=0.000 → xyz=(8.500,1.500,2.000)
  PASS-C(FR) | item= 322 FR zone=0 dims=(1.00x1.00x1.00) min_z=0.000 → xyz=(9.500,1.500,2.000)
  PASS-C(FR) | item= 323 FR zone=0 dims=(1.00x1.00x1.00) min_z=0.000 → xyz=(0.500,2.500,2.000)
  PASS-C(FR) | item= 324 FR zone=0 dims=(1.00x1.00x1.00) min_z=0.000 → xyz=(1.500,2.500,2.000)
  PASS-C(FR) | item= 325 FR zone=0 dims=(1.00x1.00x1.00) min_z=0.000 → xyz=(2.500,2.500,2.000)
  PASS-C(FR) | item= 326 FR zone=0 dims=(1.00x1.00x1.00) min_z=0.000 → xyz=(3.500,2.500,2.000)
  PASS-C(FR) | item= 327 FR zone=0 dims=(1.00x1.00x1.00) min_z=0.000 → xyz=(4.500,2.500,2.000)
  PASS-C(FR) | item= 328 FR zone=0 dims=(1.00x1.00x1.00) min_z=0.000 → xyz=(5.500,2.500,2.000)
  PASS-C(FR) | item= 329 FR zone=0 dims=(1.00x1.00x1.00) min_z=0.000 → xyz=(6.500,2.500,2.000)
  PASS-C(FR) | item= 330 FR zone=0 dims=(1.00x1.00x1.00) min_z=0.000 → xyz=(7.500,2.500,2.000)
  PASS-C(FR) | item= 331 FR zone=0 dims=(1.00x1.00x1.00) min_z=0.000 → xyz=(8.500,2.500,2.000)
  PASS-C(FR) | item= 332 FR zone=0 dims=(1.00x1.00x1.00) min_z=0.000 → xyz=(9.500,2.500,2.000)
  PASS-C(FR) | item= 333 FR zone=0 dims=(1.00x1.00x1.00) min_z=0.000 → xyz=(0.500,3.500,2.000)
  PASS-C(FR) | item= 334 FR zone=0 dims=(1.00x1.00x1.00) min_z=0.000 → xyz=(1.500,3.500,2.000)
  PASS-C(FR) | item= 335 FR zone=0 dims=(1.00x1.00x1.00) min_z=0.000 → xyz=(2.500,3.500,2.000)
  PASS-C(FR) | item= 336 FR zone=0 dims=(1.00x1.00x1.00) min_z=0.000 → xyz=(3.500,3.500,2.000)
  PASS-C(FR) | item= 337 FR zone=0 dims=(1.00x1.00x1.00) min_z=0.000 → xyz=(4.500,3.500,2.000)
  PASS-C(FR) | item= 338 FR zone=0 dims=(1.00x1.00x1.00) min_z=0.000 → xyz=(5.500,3.500,2.000)
  PASS-C(FR) | item= 339 FR zone=0 dims=(1.00x1.00x1.00) min_z=0.000 → xyz=(6.500,3.500,2.000)
  PASS-C(FR) | item= 340 FR zone=0 dims=(1.00x1.00x1.00) min_z=0.000 → xyz=(7.500,3.500,2.000)
  PASS-C(FR) | item= 341 FR zone=0 dims=(1.00x1.00x1.00) min_z=0.000 → xyz=(8.500,3.500,2.000)
  PASS-C(FR) | item= 342 FR zone=0 dims=(1.00x1.00x1.00) min_z=0.000 → xyz=(9.500,3.500,2.000)
  PASS-C(FR) | item= 343 FR zone=0 dims=(1.00x1.00x1.00) min_z=0.000 → xyz=(0.500,4.500,2.000)
  PASS-C(FR) | item= 344 FR zone=0 dims=(1.00x1.00x1.00) min_z=0.000 → xyz=(1.500,4.500,2.000)
  PASS-C(FR) | item= 345 FR zone=0 dims=(1.00x1.00x1.00) min_z=0.000 → xyz=(2.500,4.500,2.000)
  PASS-C(FR) | item= 346 FR zone=0 dims=(1.00x1.00x1.00) min_z=0.000 → xyz=(3.500,4.500,2.000)
  PASS-C(FR) | item= 347 FR zone=0 dims=(1.00x1.00x1.00) min_z=0.000 → xyz=(4.500,4.500,2.000)
  PASS-C(FR) | item= 348 FR zone=0 dims=(1.00x1.00x1.00) min_z=0.000 → xyz=(5.500,4.500,2.000)
  PASS-C(FR) | item= 349 FR zone=0 dims=(1.00x1.00x1.00) min_z=0.000 → xyz=(6.500,4.500,2.000)
  PASS-C(FR) | item= 350 FR zone=0 dims=(1.00x1.00x1.00) min_z=0.000 → xyz=(7.500,4.500,2.000)
  PASS-C(FR) | item= 351 FR zone=0 dims=(1.00x1.00x1.00) min_z=0.000 → xyz=(8.500,4.500,2.000)
  PASS-C(FR) | item= 352 FR zone=0 dims=(1.00x1.00x1.00) min_z=0.000 → xyz=(9.500,4.500,2.000)
  PASS-C(FR) | item= 353 FR zone=0 dims=(1.00x1.00x1.00) min_z=0.000 → xyz=(0.500,5.500,2.000)
  PASS-C(FR) | item= 354 FR zone=0 dims=(1.00x1.00x1.00) min_z=0.000 → xyz=(1.500,5.500,2.000)
  PASS-C(FR) | item= 355 FR zone=0 dims=(1.00x1.00x1.00) min_z=0.000 → xyz=(2.500,5.500,2.000)
  PASS-C(FR) | item= 356 FR zone=0 dims=(1.00x1.00x1.00) min_z=0.000 → xyz=(3.500,5.500,2.000)
  PASS-C(FR) | item= 357 FR zone=0 dims=(1.00x1.00x1.00) min_z=0.000 → xyz=(4.500,5.500,2.000)
  PASS-C(FR) | item= 358 FR zone=0 dims=(1.00x1.00x1.00) min_z=0.000 → xyz=(5.500,5.500,2.000)
  PASS-C(FR) | item= 359 FR zone=0 dims=(1.00x1.00x1.00) min_z=0.000 → xyz=(6.500,5.500,2.000)
  PASS-C(FR) | item= 360 FR zone=0 dims=(1.00x1.00x1.00) min_z=0.000 → xyz=(7.500,5.500,2.000)
  PASS-C(FR) | item= 361 FR zone=0 dims=(1.00x1.00x1.00) min_z=0.000 → xyz=(8.500,5.500,2.000)
  PASS-C(FR) | item= 362 FR zone=0 dims=(1.00x1.00x1.00) min_z=0.000 → xyz=(9.500,5.500,2.000)
  PASS-C(FR) | item= 363 FR zone=0 dims=(1.00x1.00x1.00) min_z=0.000 → xyz=(0.500,6.500,2.000)
  PASS-C(FR) | item= 364 FR zone=0 dims=(1.00x1.00x1.00) min_z=0.000 → xyz=(1.500,6.500,2.000)
  PASS-C(FR) | item= 365 FR zone=0 dims=(1.00x1.00x1.00) min_z=0.000 → xyz=(2.500,6.500,2.000)
  PASS-C(FR) | item= 366 FR zone=0 dims=(1.00x1.00x1.00) min_z=0.000 → xyz=(3.500,6.500,2.000)
  PASS-C(FR) | item= 367 FR zone=0 dims=(1.00x1.00x1.00) min_z=0.000 → xyz=(4.500,6.500,2.000)
  PASS-C(FR) | item= 368 FR zone=0 dims=(1.00x1.00x1.00) min_z=0.000 → xyz=(5.500,6.500,2.000)
  PASS-C(FR) | item= 369 FR zone=0 dims=(1.00x1.00x1.00) min_z=0.000 → xyz=(6.500,6.500,2.000)
  PASS-C(FR) | item= 370 FR zone=0 dims=(1.00x1.00x1.00) min_z=0.000 → xyz=(7.500,6.500,2.000)
  PASS-C(FR) | item= 371 FR zone=0 dims=(1.00x1.00x1.00) min_z=0.000 → xyz=(8.500,6.500,2.000)
  PASS-C(FR) | item= 372 FR zone=0 dims=(1.00x1.00x1.00) min_z=0.000 → xyz=(9.500,6.500,2.000)
  PASS-C(FR) | item= 373 FR zone=0 dims=(1.00x1.00x1.00) min_z=0.000 → xyz=(0.500,7.500,2.000)
  PASS-C(FR) | item= 374 FR zone=0 dims=(1.00x1.00x1.00) min_z=0.000 → xyz=(1.500,7.500,2.000)
  PASS-C(FR) | item= 375 FR zone=0 dims=(1.00x1.00x1.00) min_z=0.000 → xyz=(2.500,7.500,2.000)
  PASS-C(FR) | item= 376 FR zone=0 dims=(1.00x1.00x1.00) min_z=0.000 → xyz=(3.500,7.500,2.000)
  PASS-C(FR) | item= 377 FR zone=0 dims=(1.00x1.00x1.00) min_z=0.000 → xyz=(4.500,7.500,2.000)
  PASS-C(FR) | item= 378 FR zone=0 dims=(1.00x1.00x1.00) min_z=0.000 → xyz=(5.500,7.500,2.000)
  PASS-C(FR) | item= 379 FR zone=0 dims=(1.00x1.00x1.00) min_z=0.000 → xyz=(6.500,7.500,2.000)
  PASS-C(FR) | item= 380 FR zone=0 dims=(1.00x1.00x1.00) min_z=0.000 → xyz=(7.500,7.500,2.000)
  PASS-C(FR) | item= 381 FR zone=0 dims=(1.00x1.00x1.00) min_z=0.000 → xyz=(8.500,7.500,2.000)
  PASS-C(FR) | item= 382 FR zone=0 dims=(1.00x1.00x1.00) min_z=0.000 → xyz=(9.500,7.500,2.000)
  PASS-C(FR) | item= 383 FR zone=0 dims=(1.00x1.00x1.00) min_z=0.000 → xyz=(0.500,8.500,2.000)
  PASS-C(FR) | item= 384 FR zone=0 dims=(1.00x1.00x1.00) min_z=0.000 → xyz=(1.500,8.500,2.000)
  PASS-C(FR) | item= 385 FR zone=0 dims=(1.00x1.00x1.00) min_z=0.000 → xyz=(2.500,8.500,2.000)
  PASS-C(FR) | item= 386 FR zone=0 dims=(1.00x1.00x1.00) min_z=0.000 → xyz=(3.500,8.500,2.000)
  PASS-C(FR) | item= 387 FR zone=0 dims=(1.00x1.00x1.00) min_z=0.000 → xyz=(4.500,8.500,2.000)
  PASS-C(FR) | item= 388 FR zone=0 dims=(1.00x1.00x1.00) min_z=0.000 → xyz=(5.500,8.500,2.000)
  PASS-C(FR) | item= 389 FR zone=0 dims=(1.00x1.00x1.00) min_z=0.000 → xyz=(6.500,8.500,2.000)
  PASS-C(FR) | item= 390 FR zone=0 dims=(1.00x1.00x1.00) min_z=0.000 → xyz=(7.500,8.500,2.000)
  PASS-C(FR) | item= 391 FR zone=0 dims=(1.00x1.00x1.00) min_z=0.000 → xyz=(8.500,8.500,2.000)
  PASS-C(FR) | item= 392 FR zone=0 dims=(1.00x1.00x1.00) min_z=0.000 → xyz=(9.500,8.500,2.000)
  PASS-C(FR) | item= 393 FR zone=0 dims=(1.00x1.00x1.00) min_z=0.000 → xyz=(0.500,9.500,2.000)
  PASS-C(FR) | item= 394 FR zone=0 dims=(1.00x1.00x1.00) min_z=0.000 → xyz=(1.500,9.500,2.000)
  PASS-C(FR) | item= 395 FR zone=0 dims=(1.00x1.00x1.00) min_z=0.000 → xyz=(2.500,9.500,2.000)
  PASS-C(FR) | item= 396 FR zone=0 dims=(1.00x1.00x1.00) min_z=0.000 → xyz=(3.500,9.500,2.000)
  PASS-C(FR) | item= 397 FR zone=1 dims=(1.00x1.00x1.00) min_z=3.000 → xyz=(3.500,0.500,4.000)
  PASS-C(FR) | item= 398 FR zone=1 dims=(1.00x1.00x1.00) min_z=3.000 → xyz=(4.500,0.500,4.000)
  PASS-C(FR) | item= 399 FR zone=1 dims=(1.00x1.00x1.00) min_z=3.000 → xyz=(5.500,0.500,4.000)
  PASS-C(FR) | item= 400 FR zone=1 dims=(1.00x1.00x1.00) min_z=3.000 → xyz=(6.500,0.500,4.000)
  PASS-C(FR) | item= 401 FR zone=1 dims=(1.00x1.00x1.00) min_z=3.000 → xyz=(7.500,0.500,4.000)
  PASS-C(FR) | item= 402 FR zone=1 dims=(1.00x1.00x1.00) min_z=3.000 → xyz=(8.500,0.500,4.000)
  PASS-C(FR) | item= 403 FR zone=1 dims=(1.00x1.00x1.00) min_z=3.000 → xyz=(9.500,0.500,4.000)
  PASS-C(FR) | item= 404 FR zone=1 dims=(1.00x1.00x1.00) min_z=3.000 → xyz=(0.500,1.500,4.000)
  PASS-C(FR) | item= 405 FR zone=1 dims=(1.00x1.00x1.00) min_z=3.000 → xyz=(1.500,1.500,4.000)
  PASS-C(FR) | item= 406 FR zone=1 dims=(1.00x1.00x1.00) min_z=3.000 → xyz=(2.500,1.500,4.000)
  PASS-C(FR) | item= 407 FR zone=1 dims=(1.00x1.00x1.00) min_z=3.000 → xyz=(3.500,1.500,4.000)
  PASS-C(FR) | item= 408 FR zone=1 dims=(1.00x1.00x1.00) min_z=3.000 → xyz=(4.500,1.500,4.000)
  PASS-C(FR) | item= 409 FR zone=1 dims=(1.00x1.00x1.00) min_z=3.000 → xyz=(5.500,1.500,4.000)
  PASS-C(FR) | item= 410 FR zone=1 dims=(1.00x1.00x1.00) min_z=3.000 → xyz=(6.500,1.500,4.000)
  PASS-C(FR) | item= 411 FR zone=1 dims=(1.00x1.00x1.00) min_z=3.000 → xyz=(7.500,1.500,4.000)
  PASS-C(FR) | item= 412 FR zone=1 dims=(1.00x1.00x1.00) min_z=3.000 → xyz=(8.500,1.500,4.000)
  PASS-C(FR) | item= 413 FR zone=1 dims=(1.00x1.00x1.00) min_z=3.000 → xyz=(9.500,1.500,4.000)
  PASS-C(FR) | item= 414 FR zone=1 dims=(1.00x1.00x1.00) min_z=3.000 → xyz=(0.500,2.500,4.000)
  PASS-C(FR) | item= 415 FR zone=1 dims=(1.00x1.00x1.00) min_z=3.000 → xyz=(1.500,2.500,4.000)
  PASS-C(FR) | item= 416 FR zone=1 dims=(1.00x1.00x1.00) min_z=3.000 → xyz=(2.500,2.500,4.000)
  PASS-C(FR) | item= 417 FR zone=1 dims=(1.00x1.00x1.00) min_z=3.000 → xyz=(3.500,2.500,4.000)
  PASS-C(FR) | item= 418 FR zone=1 dims=(1.00x1.00x1.00) min_z=3.000 → xyz=(4.500,2.500,4.000)
  PASS-C(FR) | item= 419 FR zone=1 dims=(1.00x1.00x1.00) min_z=3.000 → xyz=(5.500,2.500,4.000)
  PASS-C(FR) | item= 420 FR zone=1 dims=(1.00x1.00x1.00) min_z=3.000 → xyz=(6.500,2.500,4.000)
  PASS-C(FR) | item= 421 FR zone=1 dims=(1.00x1.00x1.00) min_z=3.000 → xyz=(7.500,2.500,4.000)
  PASS-C(FR) | item= 422 FR zone=1 dims=(1.00x1.00x1.00) min_z=3.000 → xyz=(8.500,2.500,4.000)
  PASS-C(FR) | item= 423 FR zone=1 dims=(1.00x1.00x1.00) min_z=3.000 → xyz=(9.500,2.500,4.000)
  PASS-C(FR) | item= 424 FR zone=1 dims=(1.00x1.00x1.00) min_z=3.000 → xyz=(0.500,3.500,4.000)
  PASS-C(FR) | item= 425 FR zone=1 dims=(1.00x1.00x1.00) min_z=3.000 → xyz=(1.500,3.500,4.000)
  PASS-C(FR) | item= 426 FR zone=1 dims=(1.00x1.00x1.00) min_z=3.000 → xyz=(2.500,3.500,4.000)
  PASS-C(FR) | item= 427 FR zone=1 dims=(1.00x1.00x1.00) min_z=3.000 → xyz=(3.500,3.500,4.000)
  PASS-C(FR) | item= 428 FR zone=1 dims=(1.00x1.00x1.00) min_z=3.000 → xyz=(4.500,3.500,4.000)
  PASS-C(FR) | item= 429 FR zone=1 dims=(1.00x1.00x1.00) min_z=3.000 → xyz=(5.500,3.500,4.000)
  PASS-C(FR) | item= 430 FR zone=1 dims=(1.00x1.00x1.00) min_z=3.000 → xyz=(6.500,3.500,4.000)
  PASS-C(FR) | item= 431 FR zone=1 dims=(1.00x1.00x1.00) min_z=3.000 → xyz=(7.500,3.500,4.000)
  PASS-C(FR) | item= 432 FR zone=1 dims=(1.00x1.00x1.00) min_z=3.000 → xyz=(8.500,3.500,4.000)
  PASS-C(FR) | item= 433 FR zone=1 dims=(1.00x1.00x1.00) min_z=3.000 → xyz=(9.500,3.500,4.000)
  PASS-C(FR) | item= 434 FR zone=1 dims=(1.00x1.00x1.00) min_z=3.000 → xyz=(0.500,4.500,4.000)
  PASS-C(FR) | item= 435 FR zone=1 dims=(1.00x1.00x1.00) min_z=3.000 → xyz=(1.500,4.500,4.000)
  PASS-C(FR) | item= 436 FR zone=1 dims=(1.00x1.00x1.00) min_z=3.000 → xyz=(2.500,4.500,4.000)
  PASS-C(FR) | item= 437 FR zone=1 dims=(1.00x1.00x1.00) min_z=3.000 → xyz=(3.500,4.500,4.000)
  PASS-C(FR) | item= 438 FR zone=1 dims=(1.00x1.00x1.00) min_z=3.000 → xyz=(4.500,4.500,4.000)
  PASS-C(FR) | item= 439 FR zone=1 dims=(1.00x1.00x1.00) min_z=3.000 → xyz=(5.500,4.500,4.000)
  PASS-C(FR) | item= 440 FR zone=1 dims=(1.00x1.00x1.00) min_z=3.000 → xyz=(6.500,4.500,4.000)
  PASS-C(FR) | item= 441 FR zone=1 dims=(1.00x1.00x1.00) min_z=3.000 → xyz=(7.500,4.500,4.000)
  PASS-C(FR) | item= 442 FR zone=1 dims=(1.00x1.00x1.00) min_z=3.000 → xyz=(8.500,4.500,4.000)
  PASS-C(FR) | item= 443 FR zone=1 dims=(1.00x1.00x1.00) min_z=3.000 → xyz=(9.500,4.500,4.000)
  PASS-C(FR) | item= 444 FR zone=1 dims=(1.00x1.00x1.00) min_z=3.000 → xyz=(0.500,5.500,4.000)
  PASS-C(FR) | item= 445 FR zone=1 dims=(1.00x1.00x1.00) min_z=3.000 → xyz=(1.500,5.500,4.000)
  PASS-C(FR) | item= 446 FR zone=1 dims=(1.00x1.00x1.00) min_z=3.000 → xyz=(2.500,5.500,4.000)
  PASS-C(FR) | item= 447 FR zone=1 dims=(1.00x1.00x1.00) min_z=3.000 → xyz=(3.500,5.500,4.000)
  PASS-C(FR) | item= 448 FR zone=1 dims=(1.00x1.00x1.00) min_z=3.000 → xyz=(4.500,5.500,4.000)
  PASS-C(FR) | item= 449 FR zone=1 dims=(1.00x1.00x1.00) min_z=3.000 → xyz=(5.500,5.500,4.000)
  PASS-C(FR) | item= 450 FR zone=1 dims=(1.00x1.00x1.00) min_z=3.000 → xyz=(6.500,5.500,4.000)
  PASS-C(FR) | item= 451 FR zone=1 dims=(1.00x1.00x1.00) min_z=3.000 → xyz=(7.500,5.500,4.000)
  PASS-C(FR) | item= 452 FR zone=1 dims=(1.00x1.00x1.00) min_z=3.000 → xyz=(8.500,5.500,4.000)
  PASS-C(FR) | item= 453 FR zone=1 dims=(1.00x1.00x1.00) min_z=3.000 → xyz=(9.500,5.500,4.000)
  PASS-C(FR) | item= 454 FR zone=1 dims=(1.00x1.00x1.00) min_z=3.000 → xyz=(0.500,6.500,4.000)
  PASS-C(FR) | item= 455 FR zone=1 dims=(1.00x1.00x1.00) min_z=3.000 → xyz=(1.500,6.500,4.000)
  PASS-C(FR) | item= 456 FR zone=1 dims=(1.00x1.00x1.00) min_z=3.000 → xyz=(2.500,6.500,4.000)
  PASS-C(FR) | item= 457 FR zone=1 dims=(1.00x1.00x1.00) min_z=3.000 → xyz=(3.500,6.500,4.000)
  PASS-C(FR) | item= 458 FR zone=1 dims=(1.00x1.00x1.00) min_z=3.000 → xyz=(4.500,6.500,4.000)
  PASS-C(FR) | item= 459 FR zone=1 dims=(1.00x1.00x1.00) min_z=3.000 → xyz=(5.500,6.500,4.000)
  PASS-C(FR) | item= 460 FR zone=1 dims=(1.00x1.00x1.00) min_z=3.000 → xyz=(6.500,6.500,4.000)
  PASS-C(FR) | item= 461 FR zone=1 dims=(1.00x1.00x1.00) min_z=3.000 → xyz=(7.500,6.500,4.000)
  PASS-C(FR) | item= 462 FR zone=1 dims=(1.00x1.00x1.00) min_z=3.000 → xyz=(8.500,6.500,4.000)
  PASS-C(FR) | item= 463 FR zone=1 dims=(1.00x1.00x1.00) min_z=3.000 → xyz=(9.500,6.500,4.000)
  PASS-C(FR) | item= 464 FR zone=1 dims=(1.00x1.00x1.00) min_z=3.000 → xyz=(0.500,7.500,4.000)
  PASS-C(FR) | item= 465 FR zone=1 dims=(1.00x1.00x1.00) min_z=3.000 → xyz=(1.500,7.500,4.000)
  PASS-C(FR) | item= 466 FR zone=1 dims=(1.00x1.00x1.00) min_z=3.000 → xyz=(2.500,7.500,4.000)
  PASS-C(FR) | item= 467 FR zone=1 dims=(1.00x1.00x1.00) min_z=3.000 → xyz=(3.500,7.500,4.000)
  PASS-C(FR) | item= 468 FR zone=1 dims=(1.00x1.00x1.00) min_z=3.000 → xyz=(4.500,7.500,4.000)
  PASS-C(FR) | item= 469 FR zone=1 dims=(1.00x1.00x1.00) min_z=3.000 → xyz=(5.500,7.500,4.000)
  PASS-C(FR) | item= 470 FR zone=1 dims=(1.00x1.00x1.00) min_z=3.000 → xyz=(6.500,7.500,4.000)
  PASS-C(FR) | item= 471 FR zone=1 dims=(1.00x1.00x1.00) min_z=3.000 → xyz=(7.500,7.500,4.000)
  PASS-C(FR) | item= 472 FR zone=1 dims=(1.00x1.00x1.00) min_z=3.000 → xyz=(8.500,7.500,4.000)
  PASS-C(FR) | item= 473 FR zone=1 dims=(1.00x1.00x1.00) min_z=3.000 → xyz=(9.500,7.500,4.000)
  PASS-C(FR) | item= 474 FR zone=1 dims=(1.00x1.00x1.00) min_z=3.000 → xyz=(0.500,8.500,4.000)
  PASS-C(FR) | item= 475 FR zone=1 dims=(1.00x1.00x1.00) min_z=3.000 → xyz=(1.500,8.500,4.000)
  PASS-C(FR) | item= 476 FR zone=1 dims=(1.00x1.00x1.00) min_z=3.000 → xyz=(2.500,8.500,4.000)
  PASS-C(FR) | item= 477 FR zone=1 dims=(1.00x1.00x1.00) min_z=3.000 → xyz=(3.500,8.500,4.000)
  PASS-C(FR) | item= 478 FR zone=1 dims=(1.00x1.00x1.00) min_z=3.000 → xyz=(4.500,8.500,4.000)
  PASS-C(FR) | item= 479 FR zone=1 dims=(1.00x1.00x1.00) min_z=3.000 → xyz=(5.500,8.500,4.000)
  PASS-C(FR) | item= 480 FR zone=1 dims=(1.00x1.00x1.00) min_z=3.000 → xyz=(6.500,8.500,4.000)
  PASS-C(FR) | item= 481 FR zone=1 dims=(1.00x1.00x1.00) min_z=3.000 → xyz=(7.500,8.500,4.000)
  PASS-C(FR) | item= 482 FR zone=1 dims=(1.00x1.00x1.00) min_z=3.000 → xyz=(8.500,8.500,4.000)
  PASS-C(FR) | item= 483 FR zone=1 dims=(1.00x1.00x1.00) min_z=3.000 → xyz=(9.500,8.500,4.000)
  PASS-C(FR) | item= 484 FR zone=1 dims=(1.00x1.00x1.00) min_z=3.000 → xyz=(0.500,9.500,4.000)
  PASS-C(FR) | item= 485 FR zone=1 dims=(1.00x1.00x1.00) min_z=3.000 → xyz=(1.500,9.500,4.000)
  PASS-C(FR) | item= 486 FR zone=1 dims=(1.00x1.00x1.00) min_z=3.000 → xyz=(2.500,9.500,4.000)
  PASS-C(FR) | item= 487 FR zone=1 dims=(1.00x1.00x1.00) min_z=3.000 → xyz=(3.500,9.500,4.000)
  PASS-C(FR) | item= 488 FR zone=1 dims=(1.00x1.00x1.00) min_z=3.000 → xyz=(4.500,9.500,4.000)
  PASS-C(FR) | item= 489 FR zone=1 dims=(1.00x1.00x1.00) min_z=3.000 → xyz=(5.500,9.500,4.000)
  PASS-C(FR) | item= 490 FR zone=1 dims=(1.00x1.00x1.00) min_z=3.000 → xyz=(6.500,9.500,4.000)
  PASS-C(FR) | item= 491 FR zone=1 dims=(1.00x1.00x1.00) min_z=3.000 → xyz=(7.500,9.500,4.000)
  PASS-C(FR) | item= 492 FR zone=1 dims=(1.00x1.00x1.00) min_z=3.000 → xyz=(8.500,9.500,4.000)
  PASS-C(FR) | item= 493 FR zone=1 dims=(1.00x1.00x1.00) min_z=3.000 → xyz=(9.500,9.500,4.000)
  PASS-C(FR) | item= 494 FR zone=1 dims=(1.00x1.00x1.00) min_z=3.000 → xyz=(0.500,0.500,5.000)
  PASS-C(FR) | item= 495 FR zone=1 dims=(1.00x1.00x1.00) min_z=3.000 → xyz=(1.500,0.500,5.000)
  PASS-C(FR) | item= 496 FR zone=1 dims=(1.00x1.00x1.00) min_z=3.000 → xyz=(2.500,0.500,5.000)
  PASS-C(FR) | item= 497 FR zone=1 dims=(1.00x1.00x1.00) min_z=3.000 → xyz=(3.500,0.500,5.000)
  PASS-C(FR) | item= 498 FR zone=1 dims=(1.00x1.00x1.00) min_z=3.000 → xyz=(4.500,0.500,5.000)
  PASS-C(FR) | item= 499 FR zone=1 dims=(1.00x1.00x1.00) min_z=3.000 → xyz=(5.500,0.500,5.000)
--- ZONE SUMMARY ---
  Zone 0: total=294 nf_top=2.0 z_min=0.0 z_max=2.0
  Zone 1: total=206 nf_top=5.0 z_min=3.0 z_max=5.0
--- END ---

================================================================================
repair_solution_compact  [2026-04-05 19:12:05]
WAREHOUSE  length=10.0  width=10.0  height=6.0  volume=600.00
  items=100  nf=50  fr=50  total_item_vol=100.00  theoretical_util=16.7%
ZONES  count=2
  Zone 0 "zone_0" [allocation]
    x=[0.00, 10.00]  y=[0.00, 10.00]  z=[0.00, 3.00]
    size=(10.00 x 10.00 x 3.00)  floor_area=100.00  volume=300.00
    assigned: 50 NF (50.00 vol) + 50 FR (50.00 vol)  load=33.3%
  Zone 1 "zone_1" [allocation]
    x=[0.00, 10.00]  y=[0.00, 10.00]  z=[3.00, 6.00]
    size=(10.00 x 10.00 x 3.00)  floor_area=100.00  volume=300.00
    assigned: 0 NF (0.00 vol) + 0 FR (0.00 vol)  load=0.0%
--- PASS A: 50 NF items ---
  PASS-A(NF) | item=   0 NF zone=0 dims=(1.00x1.00x1.00) min_z=0.000 → xyz=(0.500,0.500,0.000)
  PASS-A(NF) | item=   1 NF zone=0 dims=(1.00x1.00x1.00) min_z=0.000 → xyz=(1.500,0.500,0.000)
  PASS-A(NF) | item=   2 NF zone=0 dims=(1.00x1.00x1.00) min_z=0.000 → xyz=(2.500,0.500,0.000)
  PASS-A(NF) | item=   3 NF zone=0 dims=(1.00x1.00x1.00) min_z=0.000 → xyz=(3.500,0.500,0.000)
  PASS-A(NF) | item=   4 NF zone=0 dims=(1.00x1.00x1.00) min_z=0.000 → xyz=(4.500,0.500,0.000)
  PASS-A(NF) | item=   5 NF zone=0 dims=(1.00x1.00x1.00) min_z=0.000 → xyz=(5.500,0.500,0.000)
  PASS-A(NF) | item=   6 NF zone=0 dims=(1.00x1.00x1.00) min_z=0.000 → xyz=(6.500,0.500,0.000)
  PASS-A(NF) | item=   7 NF zone=0 dims=(1.00x1.00x1.00) min_z=0.000 → xyz=(7.500,0.500,0.000)
  PASS-A(NF) | item=   8 NF zone=0 dims=(1.00x1.00x1.00) min_z=0.000 → xyz=(8.500,0.500,0.000)
  PASS-A(NF) | item=   9 NF zone=0 dims=(1.00x1.00x1.00) min_z=0.000 → xyz=(9.500,0.500,0.000)
  PASS-A(NF) | item=  10 NF zone=0 dims=(1.00x1.00x1.00) min_z=0.000 → xyz=(0.500,1.500,0.000)
  PASS-A(NF) | item=  11 NF zone=0 dims=(1.00x1.00x1.00) min_z=0.000 → xyz=(1.500,1.500,0.000)
  PASS-A(NF) | item=  12 NF zone=0 dims=(1.00x1.00x1.00) min_z=0.000 → xyz=(2.500,1.500,0.000)
  PASS-A(NF) | item=  13 NF zone=0 dims=(1.00x1.00x1.00) min_z=0.000 → xyz=(3.500,1.500,0.000)
  PASS-A(NF) | item=  14 NF zone=0 dims=(1.00x1.00x1.00) min_z=0.000 → xyz=(4.500,1.500,0.000)
  PASS-A(NF) | item=  15 NF zone=0 dims=(1.00x1.00x1.00) min_z=0.000 → xyz=(5.500,1.500,0.000)
  PASS-A(NF) | item=  16 NF zone=0 dims=(1.00x1.00x1.00) min_z=0.000 → xyz=(6.500,1.500,0.000)
  PASS-A(NF) | item=  17 NF zone=0 dims=(1.00x1.00x1.00) min_z=0.000 → xyz=(7.500,1.500,0.000)
  PASS-A(NF) | item=  18 NF zone=0 dims=(1.00x1.00x1.00) min_z=0.000 → xyz=(8.500,1.500,0.000)
  PASS-A(NF) | item=  19 NF zone=0 dims=(1.00x1.00x1.00) min_z=0.000 → xyz=(9.500,1.500,0.000)
  PASS-A(NF) | item=  20 NF zone=0 dims=(1.00x1.00x1.00) min_z=0.000 → xyz=(0.500,2.500,0.000)
  PASS-A(NF) | item=  21 NF zone=0 dims=(1.00x1.00x1.00) min_z=0.000 → xyz=(1.500,2.500,0.000)
  PASS-A(NF) | item=  22 NF zone=0 dims=(1.00x1.00x1.00) min_z=0.000 → xyz=(2.500,2.500,0.000)
  PASS-A(NF) | item=  23 NF zone=0 dims=(1.00x1.00x1.00) min_z=0.000 → xyz=(3.500,2.500,0.000)
  PASS-A(NF) | item=  24 NF zone=0 dims=(1.00x1.00x1.00) min_z=0.000 → xyz=(4.500,2.500,0.000)
  PASS-A(NF) | item=  25 NF zone=0 dims=(1.00x1.00x1.00) min_z=0.000 → xyz=(5.500,2.500,0.000)
  PASS-A(NF) | item=  26 NF zone=0 dims=(1.00x1.00x1.00) min_z=0.000 → xyz=(6.500,2.500,0.000)
  PASS-A(NF) | item=  27 NF zone=0 dims=(1.00x1.00x1.00) min_z=0.000 → xyz=(7.500,2.500,0.000)
  PASS-A(NF) | item=  28 NF zone=0 dims=(1.00x1.00x1.00) min_z=0.000 → xyz=(8.500,2.500,0.000)
  PASS-A(NF) | item=  29 NF zone=0 dims=(1.00x1.00x1.00) min_z=0.000 → xyz=(9.500,2.500,0.000)
  PASS-A(NF) | item=  30 NF zone=0 dims=(1.00x1.00x1.00) min_z=0.000 → xyz=(0.500,3.500,0.000)
  PASS-A(NF) | item=  31 NF zone=0 dims=(1.00x1.00x1.00) min_z=0.000 → xyz=(1.500,3.500,0.000)
  PASS-A(NF) | item=  32 NF zone=0 dims=(1.00x1.00x1.00) min_z=0.000 → xyz=(2.500,3.500,0.000)
  PASS-A(NF) | item=  33 NF zone=0 dims=(1.00x1.00x1.00) min_z=0.000 → xyz=(3.500,3.500,0.000)
  PASS-A(NF) | item=  34 NF zone=0 dims=(1.00x1.00x1.00) min_z=0.000 → xyz=(4.500,3.500,0.000)
  PASS-A(NF) | item=  35 NF zone=0 dims=(1.00x1.00x1.00) min_z=0.000 → xyz=(5.500,3.500,0.000)
  PASS-A(NF) | item=  36 NF zone=0 dims=(1.00x1.00x1.00) min_z=0.000 → xyz=(6.500,3.500,0.000)
  PASS-A(NF) | item=  37 NF zone=0 dims=(1.00x1.00x1.00) min_z=0.000 → xyz=(7.500,3.500,0.000)
  PASS-A(NF) | item=  38 NF zone=0 dims=(1.00x1.00x1.00) min_z=0.000 → xyz=(8.500,3.500,0.000)
  PASS-A(NF) | item=  39 NF zone=0 dims=(1.00x1.00x1.00) min_z=0.000 → xyz=(9.500,3.500,0.000)
  PASS-A(NF) | item=  40 NF zone=0 dims=(1.00x1.00x1.00) min_z=0.000 → xyz=(0.500,4.500,0.000)
  PASS-A(NF) | item=  41 NF zone=0 dims=(1.00x1.00x1.00) min_z=0.000 → xyz=(1.500,4.500,0.000)
  PASS-A(NF) | item=  42 NF zone=0 dims=(1.00x1.00x1.00) min_z=0.000 → xyz=(2.500,4.500,0.000)
  PASS-A(NF) | item=  43 NF zone=0 dims=(1.00x1.00x1.00) min_z=0.000 → xyz=(3.500,4.500,0.000)
  PASS-A(NF) | item=  44 NF zone=0 dims=(1.00x1.00x1.00) min_z=0.000 → xyz=(4.500,4.500,0.000)
  PASS-A(NF) | item=  45 NF zone=0 dims=(1.00x1.00x1.00) min_z=0.000 → xyz=(5.500,4.500,0.000)
  PASS-A(NF) | item=  46 NF zone=0 dims=(1.00x1.00x1.00) min_z=0.000 → xyz=(6.500,4.500,0.000)
  PASS-A(NF) | item=  47 NF zone=0 dims=(1.00x1.00x1.00) min_z=0.000 → xyz=(7.500,4.500,0.000)
  PASS-A(NF) | item=  48 NF zone=0 dims=(1.00x1.00x1.00) min_z=0.000 → xyz=(8.500,4.500,0.000)
  PASS-A(NF) | item=  49 NF zone=0 dims=(1.00x1.00x1.00) min_z=0.000 → xyz=(9.500,4.500,0.000)
--- PASS B: NF top-Z per zone: {0: np.float64(1.0), 1: 3.0} ---
--- PASS C: 50 Fragile items ---
  PASS-C(FR) | item=  50 FR zone=0 dims=(1.00x1.00x1.00) min_z=0.000 → xyz=(0.500,5.500,0.000)
  PASS-C(FR) | item=  51 FR zone=0 dims=(1.00x1.00x1.00) min_z=0.000 → xyz=(1.500,5.500,0.000)
  PASS-C(FR) | item=  52 FR zone=0 dims=(1.00x1.00x1.00) min_z=0.000 → xyz=(2.500,5.500,0.000)
  PASS-C(FR) | item=  53 FR zone=0 dims=(1.00x1.00x1.00) min_z=0.000 → xyz=(3.500,5.500,0.000)
  PASS-C(FR) | item=  54 FR zone=0 dims=(1.00x1.00x1.00) min_z=0.000 → xyz=(4.500,5.500,0.000)
  PASS-C(FR) | item=  55 FR zone=0 dims=(1.00x1.00x1.00) min_z=0.000 → xyz=(5.500,5.500,0.000)
  PASS-C(FR) | item=  56 FR zone=0 dims=(1.00x1.00x1.00) min_z=0.000 → xyz=(6.500,5.500,0.000)
  PASS-C(FR) | item=  57 FR zone=0 dims=(1.00x1.00x1.00) min_z=0.000 → xyz=(7.500,5.500,0.000)
  PASS-C(FR) | item=  58 FR zone=0 dims=(1.00x1.00x1.00) min_z=0.000 → xyz=(8.500,5.500,0.000)
  PASS-C(FR) | item=  59 FR zone=0 dims=(1.00x1.00x1.00) min_z=0.000 → xyz=(9.500,5.500,0.000)
  PASS-C(FR) | item=  60 FR zone=0 dims=(1.00x1.00x1.00) min_z=0.000 → xyz=(0.500,6.500,0.000)
  PASS-C(FR) | item=  61 FR zone=0 dims=(1.00x1.00x1.00) min_z=0.000 → xyz=(1.500,6.500,0.000)
  PASS-C(FR) | item=  62 FR zone=0 dims=(1.00x1.00x1.00) min_z=0.000 → xyz=(2.500,6.500,0.000)
  PASS-C(FR) | item=  63 FR zone=0 dims=(1.00x1.00x1.00) min_z=0.000 → xyz=(3.500,6.500,0.000)
  PASS-C(FR) | item=  64 FR zone=0 dims=(1.00x1.00x1.00) min_z=0.000 → xyz=(4.500,6.500,0.000)
  PASS-C(FR) | item=  65 FR zone=0 dims=(1.00x1.00x1.00) min_z=0.000 → xyz=(5.500,6.500,0.000)
  PASS-C(FR) | item=  66 FR zone=0 dims=(1.00x1.00x1.00) min_z=0.000 → xyz=(6.500,6.500,0.000)
  PASS-C(FR) | item=  67 FR zone=0 dims=(1.00x1.00x1.00) min_z=0.000 → xyz=(7.500,6.500,0.000)
  PASS-C(FR) | item=  68 FR zone=0 dims=(1.00x1.00x1.00) min_z=0.000 → xyz=(8.500,6.500,0.000)
  PASS-C(FR) | item=  69 FR zone=0 dims=(1.00x1.00x1.00) min_z=0.000 → xyz=(9.500,6.500,0.000)
  PASS-C(FR) | item=  70 FR zone=0 dims=(1.00x1.00x1.00) min_z=0.000 → xyz=(0.500,7.500,0.000)
  PASS-C(FR) | item=  71 FR zone=0 dims=(1.00x1.00x1.00) min_z=0.000 → xyz=(1.500,7.500,0.000)
  PASS-C(FR) | item=  72 FR zone=0 dims=(1.00x1.00x1.00) min_z=0.000 → xyz=(2.500,7.500,0.000)
  PASS-C(FR) | item=  73 FR zone=0 dims=(1.00x1.00x1.00) min_z=0.000 → xyz=(3.500,7.500,0.000)
  PASS-C(FR) | item=  74 FR zone=0 dims=(1.00x1.00x1.00) min_z=0.000 → xyz=(4.500,7.500,0.000)
  PASS-C(FR) | item=  75 FR zone=0 dims=(1.00x1.00x1.00) min_z=0.000 → xyz=(5.500,7.500,0.000)
  PASS-C(FR) | item=  76 FR zone=0 dims=(1.00x1.00x1.00) min_z=0.000 → xyz=(6.500,7.500,0.000)
  PASS-C(FR) | item=  77 FR zone=0 dims=(1.00x1.00x1.00) min_z=0.000 → xyz=(7.500,7.500,0.000)
  PASS-C(FR) | item=  78 FR zone=0 dims=(1.00x1.00x1.00) min_z=0.000 → xyz=(8.500,7.500,0.000)
  PASS-C(FR) | item=  79 FR zone=0 dims=(1.00x1.00x1.00) min_z=0.000 → xyz=(9.500,7.500,0.000)
  PASS-C(FR) | item=  80 FR zone=0 dims=(1.00x1.00x1.00) min_z=0.000 → xyz=(0.500,8.500,0.000)
  PASS-C(FR) | item=  81 FR zone=0 dims=(1.00x1.00x1.00) min_z=0.000 → xyz=(1.500,8.500,0.000)
  PASS-C(FR) | item=  82 FR zone=0 dims=(1.00x1.00x1.00) min_z=0.000 → xyz=(2.500,8.500,0.000)
  PASS-C(FR) | item=  83 FR zone=0 dims=(1.00x1.00x1.00) min_z=0.000 → xyz=(3.500,8.500,0.000)
  PASS-C(FR) | item=  84 FR zone=0 dims=(1.00x1.00x1.00) min_z=0.000 → xyz=(4.500,8.500,0.000)
  PASS-C(FR) | item=  85 FR zone=0 dims=(1.00x1.00x1.00) min_z=0.000 → xyz=(5.500,8.500,0.000)
  PASS-C(FR) | item=  86 FR zone=0 dims=(1.00x1.00x1.00) min_z=0.000 → xyz=(6.500,8.500,0.000)
  PASS-C(FR) | item=  87 FR zone=0 dims=(1.00x1.00x1.00) min_z=0.000 → xyz=(7.500,8.500,0.000)
  PASS-C(FR) | item=  88 FR zone=0 dims=(1.00x1.00x1.00) min_z=0.000 → xyz=(8.500,8.500,0.000)
  PASS-C(FR) | item=  89 FR zone=0 dims=(1.00x1.00x1.00) min_z=0.000 → xyz=(9.500,8.500,0.000)
  PASS-C(FR) | item=  90 FR zone=0 dims=(1.00x1.00x1.00) min_z=0.000 → xyz=(0.500,9.500,0.000)
  PASS-C(FR) | item=  91 FR zone=0 dims=(1.00x1.00x1.00) min_z=0.000 → xyz=(1.500,9.500,0.000)
  PASS-C(FR) | item=  92 FR zone=0 dims=(1.00x1.00x1.00) min_z=0.000 → xyz=(2.500,9.500,0.000)
  PASS-C(FR) | item=  93 FR zone=0 dims=(1.00x1.00x1.00) min_z=0.000 → xyz=(3.500,9.500,0.000)
  PASS-C(FR) | item=  94 FR zone=0 dims=(1.00x1.00x1.00) min_z=0.000 → xyz=(4.500,9.500,0.000)
  PASS-C(FR) | item=  95 FR zone=0 dims=(1.00x1.00x1.00) min_z=0.000 → xyz=(5.500,9.500,0.000)
  PASS-C(FR) | item=  96 FR zone=0 dims=(1.00x1.00x1.00) min_z=0.000 → xyz=(6.500,9.500,0.000)
  PASS-C(FR) | item=  97 FR zone=0 dims=(1.00x1.00x1.00) min_z=0.000 → xyz=(7.500,9.500,0.000)
  PASS-C(FR) | item=  98 FR zone=0 dims=(1.00x1.00x1.00) min_z=0.000 → xyz=(8.500,9.500,0.000)
  PASS-C(FR) | item=  99 FR zone=0 dims=(1.00x1.00x1.00) min_z=0.000 → xyz=(9.500,9.500,0.000)
--- ZONE SUMMARY ---
  Zone 0: total=100 nf_top=1.0 z_min=0.0 z_max=0.0
  Zone 1: total=0 nf_top=3.0 z_min=0 z_max=0
--- END ---

================================================================================
repair_solution_compact  [2026-04-05 19:13:46]
WAREHOUSE  length=10.0  width=10.0  height=6.0  volume=600.00
  items=1004  nf=551  fr=453  total_item_vol=177.47  theoretical_util=29.6%
ZONES  count=8
  Zone 0 "Shelf A (Bottom)" [allocation]
    x=[1.00, 4.00]  y=[1.00, 4.00]  z=[0.00, 3.00]
    size=(3.00 x 3.00 x 3.00)  floor_area=9.00  volume=27.00
    assigned: 49 NF (12.50 vol) + 62 FR (13.89 vol)  load=97.7%
  Zone 1 "Shelf B (Bottom)" [allocation]
    x=[6.00, 9.00]  y=[1.00, 4.00]  z=[0.00, 3.00]
    size=(3.00 x 3.00 x 3.00)  floor_area=9.00  volume=27.00
    assigned: 47 NF (12.33 vol) + 58 FR (14.17 vol)  load=98.2%
  Zone 2 "Shelf C (Bottom)" [allocation]
    x=[1.00, 4.00]  y=[6.00, 9.00]  z=[0.00, 3.00]
    size=(3.00 x 3.00 x 3.00)  floor_area=9.00  volume=27.00
    assigned: 52 NF (12.50 vol) + 63 FR (14.03 vol)  load=98.3%
  Zone 3 "Shelf D (Bottom)" [allocation]
    x=[6.00, 9.00]  y=[6.00, 9.00]  z=[0.00, 3.00]
    size=(3.00 x 3.00 x 3.00)  floor_area=9.00  volume=27.00
    assigned: 51 NF (12.57 vol) + 59 FR (14.05 vol)  load=98.6%
  Zone 4 "Shelf A (Top)" [allocation]
    x=[1.00, 4.00]  y=[1.00, 4.00]  z=[3.00, 6.00]
    size=(3.00 x 3.00 x 3.00)  floor_area=9.00  volume=27.00
    assigned: 82 NF (9.05 vol) + 47 FR (8.80 vol)  load=66.1%
  Zone 5 "Shelf B (Top)" [allocation]
    x=[6.00, 9.00]  y=[1.00, 4.00]  z=[3.00, 6.00]
    size=(3.00 x 3.00 x 3.00)  floor_area=9.00  volume=27.00
    assigned: 88 NF (8.06 vol) + 56 FR (9.79 vol)  load=66.1%
  Zone 6 "Shelf C (Top)" [allocation]
    x=[1.00, 4.00]  y=[6.00, 9.00]  z=[3.00, 6.00]
    size=(3.00 x 3.00 x 3.00)  floor_area=9.00  volume=27.00
    assigned: 100 NF (8.11 vol) + 52 FR (9.76 vol)  load=66.2%
  Zone 7 "Shelf D (Top)" [allocation]
    x=[6.00, 9.00]  y=[6.00, 9.00]  z=[3.00, 6.00]
    size=(3.00 x 3.00 x 3.00)  floor_area=9.00  volume=27.00
    assigned: 82 NF (8.11 vol) + 56 FR (9.74 vol)  load=66.1%
--- PASS A: 551 NF items ---
  PASS-A(NF) | item= 941 NF zone=0 dims=(0.76x0.69x0.52) min_z=0.000 → xyz=(1.380,1.345,0.000)
  PASS-A(NF) | item= 379 NF zone=0 dims=(0.78x0.53x0.51) min_z=0.000 → xyz=(2.150,1.265,0.000)
  PASS-A(NF) | item= 419 NF zone=0 dims=(0.53x0.78x0.50) min_z=0.000 → xyz=(2.805,1.390,0.000)
  PASS-A(NF) | item= 357 NF zone=0 dims=(0.53x0.78x0.52) min_z=0.000 → xyz=(3.335,1.390,0.000)
  PASS-A(NF) | item= 791 NF zone=0 dims=(0.78x0.53x0.51) min_z=0.000 → xyz=(2.150,1.795,0.000)
  PASS-A(NF) | item= 722 NF zone=0 dims=(0.53x0.78x0.49) min_z=0.000 → xyz=(1.265,2.080,0.000)
  PASS-A(NF) | item= 980 NF zone=0 dims=(0.51x1.10x0.45) min_z=0.000 → xyz=(2.795,2.330,0.000)
  PASS-A(NF) | item= 558 NF zone=0 dims=(0.78x0.55x0.53) min_z=0.000 → xyz=(3.440,2.055,0.000)
  PASS-A(NF) | item= 609 NF zone=0 dims=(0.50x0.46x1.10) min_z=0.000 → xyz=(1.780,2.290,0.000)
  PASS-A(NF) | item= 581 NF zone=0 dims=(0.48x0.59x0.80) min_z=0.000 → xyz=(2.270,2.355,0.000)
  PASS-A(NF) | item=  15 NF zone=0 dims=(0.54x0.51x1.08) min_z=0.000 → xyz=(3.320,2.585,0.000)
  PASS-A(NF) | item= 516 NF zone=0 dims=(0.51x0.54x1.08) min_z=0.000 → xyz=(1.255,2.740,0.000)
  PASS-A(NF) | item= 735 NF zone=0 dims=(0.51x0.55x1.09) min_z=0.000 → xyz=(1.765,2.795,0.000)
  PASS-A(NF) | item= 225 NF zone=0 dims=(0.51x0.55x0.79) min_z=0.000 → xyz=(2.275,2.925,0.000)
  PASS-A(NF) | item= 736 NF zone=0 dims=(0.79x0.52x0.57) min_z=0.000 → xyz=(3.445,3.100,0.000)
  PASS-A(NF) | item= 388 NF zone=0 dims=(0.52x0.57x0.79) min_z=0.000 → xyz=(2.790,3.165,0.000)
  PASS-A(NF) | item= 210 NF zone=0 dims=(0.36x0.78x1.16) min_z=0.000 → xyz=(3.780,1.390,0.000)
  PASS-A(NF) | item= 373 NF zone=0 dims=(0.43x0.54x1.06) min_z=0.000 → xyz=(1.215,3.280,0.000)
  PASS-A(NF) | item= 643 NF zone=0 dims=(0.54x0.79x1.17) min_z=0.000 → xyz=(1.700,3.465,0.000)
  PASS-A(NF) | item= 780 NF zone=0 dims=(0.49x0.62x1.17) min_z=0.000 → xyz=(2.215,3.510,0.000)
  PASS-A(NF) | item= 976 NF zone=0 dims=(0.79x0.52x0.54) min_z=0.000 → xyz=(3.445,3.620,0.000)
  PASS-A(NF) | item= 795 NF zone=0 dims=(0.57x0.21x1.09) min_z=0.000 → xyz=(2.745,3.555,0.000)
  PASS-A(NF) | item= 936 NF zone=0 dims=(0.49x0.59x0.76) min_z=0.000 → xyz=(2.785,2.075,0.450)
  PASS-A(NF) | item= 642 NF zone=0 dims=(0.53x0.47x0.91) min_z=0.000 → xyz=(1.265,1.925,0.490)
  PASS-A(NF) | item= 981 NF zone=0 dims=(0.56x0.21x1.07) min_z=0.000 → xyz=(2.740,3.765,0.000)
  PASS-A(NF) | item= 676 NF zone=0 dims=(0.24x0.55x1.08) min_z=0.000 → xyz=(2.660,1.275,0.500)
  PASS-A(NF) | item= 897 NF zone=0 dims=(0.48x0.66x1.14) min_z=0.000 → xyz=(2.000,1.330,0.510)
  PASS-A(NF) | item= 947 NF zone=0 dims=(0.40x0.40x1.18) min_z=0.000 → xyz=(3.790,2.530,0.000)
  PASS-A(NF) | item= 758 NF zone=0 dims=(0.43x0.37x1.17) min_z=0.000 → xyz=(1.215,3.735,0.000)
  PASS-A(NF) | item= 385 NF zone=0 dims=(0.41x0.79x0.56) min_z=0.000 → xyz=(3.255,1.385,0.520)
  PASS-A(NF) | item= 619 NF zone=0 dims=(0.52x0.32x0.79) min_z=0.000 → xyz=(2.790,2.530,0.450)
  PASS-A(NF) | item= 165 NF zone=0 dims=(0.78x0.33x0.52) min_z=0.000 → xyz=(2.150,1.825,0.510)
  PASS-A(NF) | item= 477 NF zone=0 dims=(0.41x0.38x1.15) min_z=0.000 → xyz=(1.205,1.180,0.520)
  PASS-A(NF) | item= 140 NF zone=0 dims=(0.79x0.55x1.18) min_z=0.000 → xyz=(3.425,2.055,0.530)
  PASS-A(NF) | item= 994 NF zone=0 dims=(0.40x0.40x1.18) min_z=0.000 → xyz=(3.250,3.560,0.540)
  PASS-A(NF) | item= 228 NF zone=0 dims=(0.28x0.65x0.98) min_z=0.000 → xyz=(2.380,1.315,0.510)
  PASS-A(NF) | item=  55 NF zone=0 dims=(0.46x0.46x1.12) min_z=0.000 → xyz=(3.680,3.590,0.540)
  PASS-A(NF) | item= 362 NF zone=0 dims=(0.46x0.45x1.14) min_z=0.000 → xyz=(3.280,3.065,0.570)
  PASS-A(NF) | item= 500 NF zone=0 dims=(0.45x0.31x1.14) min_z=0.000 → xyz=(1.225,2.315,0.490)
  PASS-A(NF) | item= 747 NF zone=0 dims=(0.74x0.51x0.64) min_z=0.000 → xyz=(2.390,2.945,0.790)
  PASS-A(NF) | item= 190 NF zone=0 dims=(0.30x0.46x1.14) min_z=0.000 → xyz=(1.560,1.220,0.520)
  PASS-A(NF) | item= 171 NF zone=0 dims=(0.30x0.46x1.14) min_z=0.000 → xyz=(3.740,2.960,0.570)
  PASS-A(NF) | item= 685 NF zone=0 dims=(0.54x0.79x1.18) min_z=0.000 → xyz=(3.050,1.385,1.080)
  PASS-A(NF) | item= 157 NF zone=0 dims=(0.50x0.65x0.73) min_z=0.000 → xyz=(2.280,2.315,0.800)
  PASS-A(NF) | item=  69 NF zone=0 dims=(0.79x0.54x1.18) min_z=0.000 → xyz=(1.395,2.790,1.090)
  PASS-A(NF) | item= 875 NF zone=0 dims=(0.57x0.79x1.18) min_z=0.000 → xyz=(2.745,3.595,1.090)
  PASS-A(NF) | item= 531 NF zone=0 dims=(0.56x0.79x1.18) min_z=0.000 → xyz=(3.600,1.385,1.160)
  PASS-A(NF) | item= 498 NF zone=0 dims=(0.43x0.43x1.10) min_z=0.000 → xyz=(1.215,3.275,1.060)
  PASS-A(NF) | item= 893 NF zone=0 dims=(0.43x0.43x1.10) min_z=0.000 → xyz=(3.265,2.545,1.080)
  PASS-A(NF) | item=  28 NF zone=1 dims=(0.74x0.75x0.49) min_z=0.000 → xyz=(6.370,1.375,0.000)
  PASS-A(NF) | item= 505 NF zone=1 dims=(0.48x0.76x0.48) min_z=0.000 → xyz=(6.980,1.380,0.000)
  PASS-A(NF) | item= 752 NF zone=1 dims=(0.53x0.78x0.54) min_z=0.000 → xyz=(7.485,1.390,0.000)
  PASS-A(NF) | item= 967 NF zone=1 dims=(0.53x0.78x0.53) min_z=0.000 → xyz=(8.015,1.390,0.000)
  PASS-A(NF) | item= 391 NF zone=1 dims=(0.51x0.78x0.53) min_z=0.000 → xyz=(8.535,1.390,0.000)
  PASS-A(NF) | item= 265 NF zone=1 dims=(0.53x0.78x0.49) min_z=0.000 → xyz=(6.265,2.140,0.000)
  PASS-A(NF) | item= 582 NF zone=1 dims=(0.45x1.10x0.51) min_z=0.000 → xyz=(6.755,2.310,0.000)
  PASS-A(NF) | item= 925 NF zone=1 dims=(0.48x0.79x0.54) min_z=0.000 → xyz=(7.220,2.175,0.000)
  PASS-A(NF) | item= 134 NF zone=1 dims=(0.46x1.10x0.50) min_z=0.000 → xyz=(7.690,2.330,0.000)
  PASS-A(NF) | item= 119 NF zone=1 dims=(0.48x0.80x0.59) min_z=0.000 → xyz=(8.160,2.180,0.000)
  PASS-A(NF) | item= 916 NF zone=1 dims=(0.57x0.75x0.73) min_z=0.000 → xyz=(8.685,2.155,0.000)
  PASS-A(NF) | item= 616 NF zone=1 dims=(0.53x0.79x1.17) min_z=0.000 → xyz=(6.265,2.925,0.000)
  PASS-A(NF) | item= 823 NF zone=1 dims=(0.51x0.54x1.08) min_z=0.000 → xyz=(8.655,2.800,0.000)
  PASS-A(NF) | item= 424 NF zone=1 dims=(0.57x0.52x0.79) min_z=0.000 → xyz=(6.815,3.120,0.000)
  PASS-A(NF) | item= 553 NF zone=1 dims=(0.47x0.60x0.80) min_z=0.000 → xyz=(8.155,2.880,0.000)
  PASS-A(NF) | item= 268 NF zone=1 dims=(0.56x0.41x1.13) min_z=0.000 → xyz=(7.380,3.085,0.000)
  PASS-A(NF) | item= 196 NF zone=1 dims=(0.48x0.54x1.08) min_z=0.000 → xyz=(8.630,3.340,0.000)
  PASS-A(NF) | item= 982 NF zone=1 dims=(0.43x0.54x1.06) min_z=0.000 → xyz=(7.875,3.450,0.000)
  PASS-A(NF) | item= 321 NF zone=1 dims=(0.28x0.79x1.17) min_z=0.000 → xyz=(8.230,3.575,0.000)
  PASS-A(NF) | item= 912 NF zone=1 dims=(0.54x0.45x1.07) min_z=0.000 → xyz=(7.370,3.515,0.000)
  PASS-A(NF) | item= 955 NF zone=1 dims=(0.79x0.29x1.18) min_z=0.000 → xyz=(6.395,3.525,0.000)
  PASS-A(NF) | item= 816 NF zone=1 dims=(0.43x0.36x1.14) min_z=0.000 → xyz=(8.585,3.790,0.000)
  PASS-A(NF) | item= 662 NF zone=1 dims=(0.79x0.26x1.18) min_z=0.000 → xyz=(6.395,3.800,0.000)
  PASS-A(NF) | item= 146 NF zone=1 dims=(0.47x0.53x0.91) min_z=0.000 → xyz=(6.975,1.265,0.480)
  PASS-A(NF) | item=  76 NF zone=1 dims=(0.40x0.79x0.55) min_z=0.000 → xyz=(6.200,1.395,0.490)
  PASS-A(NF) | item= 276 NF zone=1 dims=(0.24x0.55x1.08) min_z=0.000 → xyz=(6.910,3.655,0.000)
  PASS-A(NF) | item= 504 NF zone=1 dims=(0.48x0.66x1.14) min_z=0.000 → xyz=(6.240,2.120,0.490)
  PASS-A(NF) | item= 556 NF zone=1 dims=(0.40x0.40x1.18) min_z=0.000 → xyz=(7.660,1.980,0.500)
  PASS-A(NF) | item=  10 NF zone=1 dims=(0.37x0.43x1.17) min_z=0.000 → xyz=(7.645,2.395,0.500)
  PASS-A(NF) | item= 640 NF zone=1 dims=(0.40x0.41x1.17) min_z=0.000 → xyz=(6.680,1.735,0.510)
  PASS-A(NF) | item= 239 NF zone=1 dims=(0.32x0.52x0.79) min_z=0.000 → xyz=(6.560,1.260,0.490)
  PASS-A(NF) | item=  77 NF zone=1 dims=(0.38x0.67x0.85) min_z=0.000 → xyz=(6.720,2.275,0.510)
  PASS-A(NF) | item= 684 NF zone=1 dims=(0.31x0.79x0.53) min_z=0.000 → xyz=(8.075,1.385,0.530)
  PASS-A(NF) | item= 703 NF zone=1 dims=(0.55x0.79x1.18) min_z=0.000 → xyz=(8.505,1.385,0.530)
  PASS-A(NF) | item= 160 NF zone=1 dims=(0.40x0.42x1.17) min_z=0.000 → xyz=(7.410,1.200,0.540)
  PASS-A(NF) | item= 144 NF zone=1 dims=(0.46x1.11x0.47) min_z=0.000 → xyz=(7.140,2.085,0.540)
  PASS-A(NF) | item= 353 NF zone=1 dims=(0.45x0.47x1.12) min_z=0.000 → xyz=(8.085,2.015,0.590)
  PASS-A(NF) | item= 355 NF zone=1 dims=(0.43x0.36x0.77) min_z=0.000 → xyz=(7.585,1.590,0.540)
  PASS-A(NF) | item= 997 NF zone=1 dims=(0.45x0.32x1.15) min_z=0.000 → xyz=(8.055,2.410,0.590)
  PASS-A(NF) | item=  90 NF zone=1 dims=(0.51x0.74x0.64) min_z=0.000 → xyz=(8.565,2.150,0.730)
  PASS-A(NF) | item= 517 NF zone=1 dims=(0.31x0.46x1.14) min_z=0.000 → xyz=(6.685,2.840,0.790)
  PASS-A(NF) | item= 781 NF zone=1 dims=(0.46x0.31x1.15) min_z=0.000 → xyz=(6.760,3.225,0.790)
  PASS-A(NF) | item= 166 NF zone=1 dims=(0.54x0.79x1.18) min_z=0.000 → xyz=(7.180,2.165,1.010)
  PASS-A(NF) | item= 430 NF zone=1 dims=(0.79x0.55x1.18) min_z=0.000 → xyz=(7.425,3.565,1.070)
  PASS-A(NF) | item= 657 NF zone=1 dims=(0.54x0.79x1.18) min_z=0.000 → xyz=(8.640,2.915,1.080)
  PASS-A(NF) | item= 429 NF zone=1 dims=(0.79x0.55x1.18) min_z=0.000 → xyz=(7.385,2.885,1.130)
  PASS-A(NF) | item= 970 NF zone=1 dims=(0.79x0.56x1.18) min_z=0.000 → xyz=(8.215,3.590,1.170)
  PASS-A(NF) | item=  44 NF zone=2 dims=(0.76x0.53x0.68) min_z=0.000 → xyz=(1.380,6.265,0.000)
  PASS-A(NF) | item=  61 NF zone=2 dims=(0.78x0.53x0.54) min_z=0.000 → xyz=(2.150,6.265,0.000)
  PASS-A(NF) | item= 252 NF zone=2 dims=(0.78x0.53x0.53) min_z=0.000 → xyz=(2.930,6.265,0.000)
  PASS-A(NF) | item= 854 NF zone=2 dims=(0.54x0.52x0.78) min_z=0.000 → xyz=(3.590,6.260,0.000)
  PASS-A(NF) | item=  11 NF zone=2 dims=(0.54x0.52x0.78) min_z=0.000 → xyz=(3.590,6.780,0.000)
  PASS-A(NF) | item= 666 NF zone=2 dims=(0.78x0.53x0.53) min_z=0.000 → xyz=(1.390,6.795,0.000)
  PASS-A(NF) | item= 102 NF zone=2 dims=(1.08x0.51x0.55) min_z=0.000 → xyz=(2.320,6.785,0.000)
  PASS-A(NF) | item=  78 NF zone=2 dims=(0.79x0.52x0.55) min_z=0.000 → xyz=(2.175,7.300,0.000)
  PASS-A(NF) | item= 591 NF zone=2 dims=(1.08x0.52x0.54) min_z=0.000 → xyz=(3.110,7.300,0.000)
  PASS-A(NF) | item= 979 NF zone=2 dims=(0.59x0.48x0.80) min_z=0.000 → xyz=(1.295,7.300,0.000)
  PASS-A(NF) | item= 696 NF zone=2 dims=(0.54x0.51x1.08) min_z=0.000 → xyz=(1.270,7.795,0.000)
  PASS-A(NF) | item= 124 NF zone=2 dims=(1.09x0.51x0.55) min_z=0.000 → xyz=(2.085,7.815,0.000)
  PASS-A(NF) | item= 175 NF zone=2 dims=(1.08x0.51x0.54) min_z=0.000 → xyz=(3.170,7.815,0.000)
  PASS-A(NF) | item= 632 NF zone=2 dims=(0.52x0.57x0.79) min_z=0.000 → xyz=(1.260,8.335,0.000)
  PASS-A(NF) | item= 663 NF zone=2 dims=(0.79x0.52x0.57) min_z=0.000 → xyz=(1.915,8.330,0.000)
  PASS-A(NF) | item= 870 NF zone=2 dims=(1.13x0.41x0.56) min_z=0.000 → xyz=(2.875,8.275,0.000)
  PASS-A(NF) | item= 775 NF zone=2 dims=(0.54x0.48x1.08) min_z=0.000 → xyz=(3.710,8.310,0.000)
  PASS-A(NF) | item= 546 NF zone=2 dims=(0.27x0.78x1.17) min_z=0.000 → xyz=(3.845,7.430,0.000)
  PASS-A(NF) | item= 846 NF zone=2 dims=(0.79x0.28x1.17) min_z=0.000 → xyz=(2.705,8.620,0.000)
  PASS-A(NF) | item= 370 NF zone=2 dims=(0.62x0.49x1.17) min_z=0.000 → xyz=(2.850,6.245,0.530)
  PASS-A(NF) | item= 577 NF zone=2 dims=(0.54x0.52x0.79) min_z=0.000 → xyz=(1.270,6.790,0.530)
  PASS-A(NF) | item= 356 NF zone=2 dims=(0.57x0.21x1.09) min_z=0.000 → xyz=(3.385,8.655,0.000)
  PASS-A(NF) | item= 267 NF zone=2 dims=(0.59x0.49x0.76) min_z=0.000 → xyz=(2.055,6.245,0.540)
  PASS-A(NF) | item= 112 NF zone=2 dims=(0.43x0.54x1.06) min_z=0.000 → xyz=(3.075,6.760,0.530)
  PASS-A(NF) | item= 389 NF zone=2 dims=(0.55x0.21x1.08) min_z=0.000 → xyz=(1.795,8.695,0.000)
  PASS-A(NF) | item= 183 NF zone=2 dims=(0.36x0.53x0.78) min_z=0.000 → xyz=(3.040,7.295,0.540)
  PASS-A(NF) | item=  88 NF zone=2 dims=(1.09x0.22x0.55) min_z=0.000 → xyz=(2.615,8.870,0.000)
  PASS-A(NF) | item= 241 NF zone=2 dims=(0.40x0.40x1.17) min_z=0.000 → xyz=(3.420,7.240,0.540)
  PASS-A(NF) | item= 248 NF zone=2 dims=(0.98x0.32x0.78) min_z=0.000 → xyz=(3.120,7.720,0.540)
  PASS-A(NF) | item= 163 NF zone=2 dims=(0.40x0.40x1.18) min_z=0.000 → xyz=(1.960,6.690,0.550)
  PASS-A(NF) | item=  18 NF zone=2 dims=(0.56x0.22x1.08) min_z=0.000 → xyz=(3.440,8.870,0.000)
  PASS-A(NF) | item= 579 NF zone=2 dims=(0.56x0.41x0.79) min_z=0.000 → xyz=(2.440,6.695,0.550)
  PASS-A(NF) | item=  59 NF zone=2 dims=(0.79x0.60x0.67) min_z=0.000 → xyz=(1.985,7.200,0.550)
  PASS-A(NF) | item= 153 NF zone=2 dims=(0.48x0.43x1.12) min_z=0.000 → xyz=(2.620,7.115,0.550)
  PASS-A(NF) | item= 397 NF zone=2 dims=(0.33x0.32x0.79) min_z=0.000 → xyz=(1.165,8.780,0.000)
  PASS-A(NF) | item= 493 NF zone=2 dims=(0.78x0.33x0.33) min_z=0.000 → xyz=(1.980,7.665,0.550)
  PASS-A(NF) | item= 208 NF zone=2 dims=(0.78x0.33x0.33) min_z=0.000 → xyz=(2.700,8.045,0.560)
  PASS-A(NF) | item= 278 NF zone=2 dims=(0.33x0.52x0.78) min_z=0.000 → xyz=(3.255,8.140,0.560)
  PASS-A(NF) | item= 652 NF zone=2 dims=(0.42x0.40x1.17) min_z=0.000 → xyz=(1.750,8.030,0.570)
  PASS-A(NF) | item= 625 NF zone=2 dims=(0.47x0.46x1.11) min_z=0.000 → xyz=(1.235,6.230,0.680)
  PASS-A(NF) | item= 743 NF zone=2 dims=(0.47x0.45x1.12) min_z=0.000 → xyz=(3.395,6.225,0.780)
  PASS-A(NF) | item= 598 NF zone=2 dims=(0.32x0.45x1.15) min_z=0.000 → xyz=(2.120,8.055,0.570)
  PASS-A(NF) | item=  64 NF zone=2 dims=(0.43x0.39x1.18) min_z=0.000 → xyz=(3.505,6.645,0.780)
  PASS-A(NF) | item=  54 NF zone=2 dims=(0.46x0.44x1.11) min_z=0.000 → xyz=(1.230,8.270,0.790)
  PASS-A(NF) | item= 330 NF zone=2 dims=(0.51x0.34x0.77) min_z=0.000 → xyz=(1.255,8.660,0.790)
  PASS-A(NF) | item= 688 NF zone=2 dims=(0.46x0.30x1.14) min_z=0.000 → xyz=(1.750,8.430,0.570)
  PASS-A(NF) | item=  30 NF zone=2 dims=(0.78x0.50x1.18) min_z=0.000 → xyz=(2.670,8.130,0.890)
  PASS-A(NF) | item= 418 NF zone=2 dims=(0.34x0.36x1.04) min_z=0.000 → xyz=(3.800,6.180,0.780)
  PASS-A(NF) | item=  65 NF zone=2 dims=(0.56x0.78x1.18) min_z=0.000 → xyz=(1.280,7.440,1.080)
  PASS-A(NF) | item= 394 NF zone=2 dims=(0.56x0.78x1.18) min_z=0.000 → xyz=(3.700,8.270,1.090)
  PASS-A(NF) | item=  49 NF zone=2 dims=(0.79x0.56x1.18) min_z=0.000 → xyz=(2.375,8.660,1.170)
  PASS-A(NF) | item= 571 NF zone=2 dims=(0.55x0.79x1.18) min_z=0.000 → xyz=(1.835,7.285,1.220)
  PASS-A(NF) | item= 547 NF zone=3 dims=(0.76x0.52x0.69) min_z=0.000 → xyz=(6.380,6.260,0.000)
  PASS-A(NF) | item= 679 NF zone=3 dims=(0.51x0.53x0.78) min_z=0.000 → xyz=(7.015,6.265,0.000)
  PASS-A(NF) | item= 792 NF zone=3 dims=(0.50x0.53x0.78) min_z=0.000 → xyz=(7.520,6.265,0.000)
  PASS-A(NF) | item= 443 NF zone=3 dims=(0.52x0.54x0.78) min_z=0.000 → xyz=(8.030,6.270,0.000)
  PASS-A(NF) | item= 534 NF zone=3 dims=(0.53x0.54x0.78) min_z=0.000 → xyz=(8.555,6.270,0.000)
  PASS-A(NF) | item= 264 NF zone=3 dims=(0.53x0.53x0.78) min_z=0.000 → xyz=(6.265,6.785,0.000)
  PASS-A(NF) | item= 200 NF zone=3 dims=(0.53x0.49x0.78) min_z=0.000 → xyz=(6.795,6.775,0.000)
  PASS-A(NF) | item= 535 NF zone=3 dims=(0.48x0.54x0.79) min_z=0.000 → xyz=(7.300,6.800,0.000)
  PASS-A(NF) | item= 126 NF zone=3 dims=(0.48x0.59x0.80) min_z=0.000 → xyz=(7.780,6.835,0.000)
  PASS-A(NF) | item= 123 NF zone=3 dims=(0.48x0.59x0.81) min_z=0.000 → xyz=(8.260,6.835,0.000)
  PASS-A(NF) | item= 528 NF zone=3 dims=(0.75x0.57x0.73) min_z=0.000 → xyz=(6.375,7.335,0.000)
  PASS-A(NF) | item= 226 NF zone=3 dims=(0.79x0.53x1.17) min_z=0.000 → xyz=(7.145,7.335,0.000)
  PASS-A(NF) | item= 113 NF zone=3 dims=(0.51x0.54x1.08) min_z=0.000 → xyz=(8.755,6.810,0.000)
  PASS-A(NF) | item= 344 NF zone=3 dims=(0.52x0.57x0.79) min_z=0.000 → xyz=(7.800,7.415,0.000)
  PASS-A(NF) | item= 314 NF zone=3 dims=(0.52x0.57x0.79) min_z=0.000 → xyz=(8.320,7.415,0.000)
  PASS-A(NF) | item= 660 NF zone=3 dims=(0.57x0.52x0.79) min_z=0.000 → xyz=(7.035,7.860,0.000)
  PASS-A(NF) | item= 704 NF zone=3 dims=(0.36x0.78x1.16) min_z=0.000 → xyz=(8.760,7.470,0.000)
  PASS-A(NF) | item= 219 NF zone=3 dims=(0.54x0.79x1.17) min_z=0.000 → xyz=(6.270,8.015,0.000)
  PASS-A(NF) | item= 525 NF zone=3 dims=(0.54x0.45x1.07) min_z=0.000 → xyz=(7.590,7.925,0.000)
  PASS-A(NF) | item= 147 NF zone=3 dims=(0.29x0.79x1.18) min_z=0.000 → xyz=(8.005,8.095,0.000)
  PASS-A(NF) | item= 407 NF zone=3 dims=(0.36x0.43x1.14) min_z=0.000 → xyz=(8.330,7.915,0.000)
  PASS-A(NF) | item=  20 NF zone=3 dims=(0.26x0.79x1.18) min_z=0.000 → xyz=(8.640,8.255,0.000)
  PASS-A(NF) | item= 671 NF zone=3 dims=(0.54x0.43x1.06) min_z=0.000 → xyz=(6.810,8.335,0.000)
  PASS-A(NF) | item= 583 NF zone=3 dims=(0.21x0.56x1.07) min_z=0.000 → xyz=(8.875,8.140,0.000)
  PASS-A(NF) | item= 951 NF zone=3 dims=(0.36x0.53x0.78) min_z=0.000 → xyz=(8.330,8.395,0.000)
  PASS-A(NF) | item= 673 NF zone=3 dims=(0.22x0.55x1.09) min_z=0.000 → xyz=(7.190,8.395,0.000)
  PASS-A(NF) | item= 636 NF zone=3 dims=(0.40x0.40x1.17) min_z=0.000 → xyz=(7.500,8.350,0.000)
  PASS-A(NF) | item= 613 NF zone=3 dims=(0.98x0.32x0.78) min_z=0.000 → xyz=(6.490,8.710,0.000)
  PASS-A(NF) | item= 769 NF zone=3 dims=(0.40x0.40x1.18) min_z=0.000 → xyz=(7.900,8.690,0.000)
  PASS-A(NF) | item= 254 NF zone=3 dims=(0.40x0.41x1.17) min_z=0.000 → xyz=(7.500,8.755,0.000)
  PASS-A(NF) | item= 978 NF zone=3 dims=(0.56x0.41x0.79) min_z=0.000 → xyz=(6.280,6.205,0.690)
  PASS-A(NF) | item= 807 NF zone=3 dims=(0.52x0.33x0.78) min_z=0.000 → xyz=(8.360,8.825,0.000)
  PASS-A(NF) | item= 285 NF zone=3 dims=(0.53x0.31x0.79) min_z=0.000 → xyz=(6.265,7.205,0.730)
  PASS-A(NF) | item= 628 NF zone=3 dims=(0.43x0.48x1.12) min_z=0.000 → xyz=(6.775,6.240,0.780)
  PASS-A(NF) | item= 593 NF zone=3 dims=(0.33x0.52x0.78) min_z=0.000 → xyz=(7.155,6.260,0.780)
  PASS-A(NF) | item= 890 NF zone=3 dims=(0.33x0.33x0.78) min_z=0.000 → xyz=(8.785,8.815,0.000)
  PASS-A(NF) | item= 680 NF zone=3 dims=(0.33x0.33x0.78) min_z=0.000 → xyz=(7.485,6.165,0.780)
  PASS-A(NF) | item= 595 NF zone=3 dims=(0.40x0.40x1.18) min_z=0.000 → xyz=(7.850,6.200,0.780)
  PASS-A(NF) | item= 322 NF zone=3 dims=(0.71x0.44x0.77) min_z=0.000 → xyz=(8.405,6.220,0.780)
  PASS-A(NF) | item= 690 NF zone=3 dims=(0.46x0.46x1.12) min_z=0.000 → xyz=(6.230,6.640,0.780)
  PASS-A(NF) | item= 371 NF zone=3 dims=(0.34x0.70x1.11) min_z=0.000 → xyz=(8.320,8.480,0.780)
  PASS-A(NF) | item= 646 NF zone=3 dims=(0.43x0.39x1.18) min_z=0.000 → xyz=(6.675,6.675,0.780)
  PASS-A(NF) | item= 733 NF zone=3 dims=(0.44x0.46x1.11) min_z=0.000 → xyz=(6.220,8.640,0.780)
  PASS-A(NF) | item=  81 NF zone=3 dims=(0.46x0.31x1.15) min_z=0.000 → xyz=(6.670,8.705,0.780)
  PASS-A(NF) | item= 280 NF zone=3 dims=(0.45x0.30x1.11) min_z=0.000 → xyz=(8.715,8.800,0.780)
  PASS-A(NF) | item= 617 NF zone=3 dims=(0.78x0.50x1.18) min_z=0.000 → xyz=(7.930,7.380,0.790)
  PASS-A(NF) | item= 825 NF zone=3 dims=(0.36x0.34x1.04) min_z=0.000 → xyz=(7.080,8.840,0.780)
  PASS-A(NF) | item= 682 NF zone=3 dims=(0.78x0.56x1.18) min_z=0.000 → xyz=(7.710,6.720,0.810)
  PASS-A(NF) | item= 466 NF zone=3 dims=(0.79x0.57x1.18) min_z=0.000 → xyz=(8.495,6.725,1.080)
  PASS-A(NF) | item= 787 NF zone=3 dims=(0.56x0.79x1.18) min_z=0.000 → xyz=(6.820,7.995,1.090)
  PASS-A(NF) | item= 968 NF zone=3 dims=(0.55x0.79x1.18) min_z=0.000 → xyz=(8.595,7.405,1.160)
  PASS-A(NF) | item= 813 NF zone=4 dims=(0.55x1.17x0.53) min_z=0.000 → xyz=(1.435,1.575,3.000)
  PASS-A(NF) | item= 746 NF zone=4 dims=(0.57x0.41x0.40) min_z=0.000 → xyz=(1.995,1.195,3.000)
  PASS-A(NF) | item=1000 NF zone=4 dims=(0.55x0.77x0.46) min_z=0.000 → xyz=(2.555,1.375,3.000)
  PASS-A(NF) | item= 622 NF zone=4 dims=(0.58x0.79x0.56) min_z=0.000 → xyz=(3.120,1.385,3.000)
  PASS-A(NF) | item= 442 NF zone=4 dims=(0.42x0.57x0.40) min_z=0.000 → xyz=(3.620,1.275,3.000)
  PASS-A(NF) | item= 754 NF zone=4 dims=(0.45x0.59x0.42) min_z=0.000 → xyz=(1.935,1.695,3.000)
  PASS-A(NF) | item= 708 NF zone=4 dims=(0.45x0.58x0.42) min_z=0.000 → xyz=(3.635,1.850,3.000)
  PASS-A(NF) | item= 527 NF zone=4 dims=(0.43x1.11x0.40) min_z=0.000 → xyz=(2.375,2.315,3.000)
  PASS-A(NF) | item= 639 NF zone=4 dims=(0.67x0.58x0.41) min_z=0.000 → xyz=(2.925,2.070,3.000)
  PASS-A(NF) | item= 366 NF zone=4 dims=(0.36x0.50x0.75) min_z=0.000 → xyz=(1.890,2.240,3.000)
  PASS-A(NF) | item= 319 NF zone=4 dims=(0.67x0.42x0.58) min_z=0.000 → xyz=(3.595,2.350,3.000)
  PASS-A(NF) | item=  66 NF zone=4 dims=(0.40x0.37x1.14) min_z=0.000 → xyz=(1.200,2.345,3.000)
  PASS-A(NF) | item= 529 NF zone=4 dims=(0.27x0.27x0.39) min_z=0.000 → xyz=(1.535,2.295,3.000)
  PASS-A(NF) | item= 798 NF zone=4 dims=(0.39x0.27x0.27) min_z=0.000 → xyz=(2.785,2.495,3.000)
  PASS-A(NF) | item=  86 NF zone=4 dims=(0.27x0.25x0.39) min_z=0.000 → xyz=(3.115,2.485,3.000)
  PASS-A(NF) | item= 384 NF zone=4 dims=(0.27x0.25x0.39) min_z=0.000 → xyz=(1.535,2.555,3.000)
  PASS-A(NF) | item= 612 NF zone=4 dims=(0.42x0.57x0.77) min_z=0.000 → xyz=(1.880,2.775,3.000)
  PASS-A(NF) | item= 125 NF zone=4 dims=(0.41x0.78x1.17) min_z=0.000 → xyz=(3.455,2.950,3.000)
  PASS-A(NF) | item= 501 NF zone=4 dims=(0.39x0.58x0.67) min_z=0.000 → xyz=(1.195,2.820,3.000)
  PASS-A(NF) | item=   0 NF zone=4 dims=(1.00x1.00x1.00) min_z=0.000 → xyz=(2.590,3.370,3.000)
  PASS-A(NF) | item= 273 NF zone=4 dims=(0.49x0.40x0.77) min_z=0.000 → xyz=(1.635,3.260,3.000)
  PASS-A(NF) | item= 270 NF zone=4 dims=(0.27x0.42x0.93) min_z=0.000 → xyz=(3.795,2.770,3.000)
  PASS-A(NF) | item= 116 NF zone=4 dims=(0.40x0.24x0.30) min_z=0.000 → xyz=(2.790,2.750,3.000)
  PASS-A(NF) | item= 421 NF zone=4 dims=(0.37x0.42x0.51) min_z=0.000 → xyz=(1.185,3.320,3.000)
  PASS-A(NF) | item=  26 NF zone=4 dims=(0.26x0.25x0.39) min_z=0.000 → xyz=(3.120,2.735,3.000)
  PASS-A(NF) | item= 573 NF zone=4 dims=(0.26x0.25x0.39) min_z=0.000 → xyz=(1.520,2.805,3.000)
  PASS-A(NF) | item= 764 NF zone=4 dims=(0.26x0.25x0.39) min_z=0.000 → xyz=(3.790,3.105,3.000)
  PASS-A(NF) | item= 145 NF zone=4 dims=(0.35x0.42x1.10) min_z=0.000 → xyz=(3.835,3.440,3.000)
  PASS-A(NF) | item= 654 NF zone=4 dims=(0.41x0.36x1.12) min_z=0.000 → xyz=(3.295,3.520,3.000)
  PASS-A(NF) | item= 988 NF zone=4 dims=(0.44x0.38x1.09) min_z=0.000 → xyz=(1.590,3.650,3.000)
  PASS-A(NF) | item= 957 NF zone=4 dims=(0.47x0.44x1.02) min_z=0.000 → xyz=(2.825,2.580,3.390)
  PASS-A(NF) | item= 624 NF zone=4 dims=(0.35x0.47x1.11) min_z=0.000 → xyz=(1.175,3.765,3.000)
  PASS-A(NF) | item= 448 NF zone=4 dims=(0.57x0.54x1.17) min_z=0.000 → xyz=(3.695,1.260,3.400)
  PASS-A(NF) | item= 487 NF zone=4 dims=(0.52x0.40x0.71) min_z=0.000 → xyz=(1.970,1.190,3.400)
  PASS-A(NF) | item= 238 NF zone=4 dims=(0.20x0.20x0.59) min_z=0.000 → xyz=(1.980,3.160,3.000)
  PASS-A(NF) | item=  82 NF zone=4 dims=(0.20x0.27x0.40) min_z=0.000 → xyz=(1.980,3.395,3.000)
  PASS-A(NF) | item= 496 NF zone=4 dims=(0.40x0.70x0.52) min_z=0.000 → xyz=(2.360,2.110,3.400)
  PASS-A(NF) | item= 204 NF zone=4 dims=(0.40x0.29x0.36) min_z=0.000 → xyz=(3.700,3.795,3.000)
  PASS-A(NF) | item=  24 NF zone=4 dims=(0.50x0.47x1.00) min_z=0.000 → xyz=(2.810,2.015,3.410)
  PASS-A(NF) | item= 926 NF zone=4 dims=(0.25x0.21x0.57) min_z=0.000 → xyz=(1.935,3.635,3.000)
  PASS-A(NF) | item= 756 NF zone=4 dims=(0.47x0.51x1.01) min_z=0.000 → xyz=(3.645,1.785,3.420)
  PASS-A(NF) | item= 929 NF zone=4 dims=(0.16x0.16x0.40) min_z=0.000 → xyz=(1.080,1.070,3.000)
  PASS-A(NF) | item= 127 NF zone=4 dims=(0.39x0.29x0.32) min_z=0.000 → xyz=(3.285,3.845,3.000)
  PASS-A(NF) | item= 586 NF zone=4 dims=(0.28x0.20x0.59) min_z=0.000 → xyz=(1.950,3.840,3.000)
  PASS-A(NF) | item=  79 NF zone=4 dims=(0.24x0.23x0.56) min_z=0.000 → xyz=(3.210,3.815,3.320)
  PASS-A(NF) | item= 886 NF zone=4 dims=(0.43x0.19x0.35) min_z=0.000 → xyz=(3.715,3.745,3.360)
  PASS-A(NF) | item= 555 NF zone=4 dims=(0.41x0.31x0.77) min_z=0.000 → xyz=(2.295,2.615,3.400)
  PASS-A(NF) | item=  29 NF zone=4 dims=(0.22x0.19x0.59) min_z=0.000 → xyz=(1.510,2.255,3.390)
  PASS-A(NF) | item= 339 NF zone=4 dims=(0.23x0.22x0.56) min_z=0.000 → xyz=(1.515,2.460,3.390)
  PASS-A(NF) | item= 180 NF zone=4 dims=(0.38x0.59x0.28) min_z=0.000 → xyz=(1.903,1.685,3.420)
  PASS-A(NF) | item= 539 NF zone=4 dims=(0.25x0.32x0.36) min_z=0.000 → xyz=(1.515,2.730,3.390)
  PASS-A(NF) | item= 474 NF zone=4 dims=(0.17x0.17x0.51) min_z=0.000 → xyz=(1.435,3.925,3.000)
  PASS-A(NF) | item= 559 NF zone=4 dims=(0.54x0.42x0.39) min_z=0.000 → xyz=(2.500,1.200,3.460)
  PASS-A(NF) | item= 155 NF zone=4 dims=(0.33x0.21x0.29) min_z=0.000 → xyz=(3.825,3.085,3.390)
  PASS-A(NF) | item= 700 NF zone=4 dims=(0.33x0.29x0.21) min_z=0.000 → xyz=(3.225,1.925,3.410)
  PASS-A(NF) | item= 599 NF zone=4 dims=(0.42x0.34x0.77) min_z=0.000 → xyz=(2.305,1.580,3.460)
  PASS-A(NF) | item= 300 NF zone=4 dims=(0.18x0.39x0.39) min_z=0.000 → xyz=(3.150,2.555,3.390)
  PASS-A(NF) | item= 763 NF zone=4 dims=(0.26x0.17x0.39) min_z=0.000 → xyz=(1.652,3.923,3.000)
  PASS-A(NF) | item= 566 NF zone=4 dims=(0.20x0.22x0.55) min_z=0.000 → xyz=(1.980,3.370,3.400)
  PASS-A(NF) | item= 790 NF zone=4 dims=(0.20x0.22x0.55) min_z=0.000 → xyz=(3.160,2.180,3.410)
  PASS-A(NF) | item= 974 NF zone=4 dims=(0.30x0.24x0.40) min_z=0.000 → xyz=(2.665,1.530,3.460)
  PASS-A(NF) | item= 217 NF zone=4 dims=(0.59x0.80x0.30) min_z=0.000 → xyz=(1.295,1.390,3.530)
  PASS-A(NF) | item= 567 NF zone=4 dims=(0.33x0.21x0.29) min_z=0.000 → xyz=(1.165,3.215,3.510)
  PASS-A(NF) | item= 398 NF zone=4 dims=(0.33x0.20x0.28) min_z=0.000 → xyz=(1.165,3.420,3.510)
  PASS-A(NF) | item=  70 NF zone=4 dims=(0.20x0.28x0.28) min_z=0.000 → xyz=(1.102,1.933,3.530)
  PASS-A(NF) | item= 804 NF zone=4 dims=(0.53x0.36x0.51) min_z=0.000 → xyz=(3.035,1.170,3.560)
  PASS-A(NF) | item= 800 NF zone=4 dims=(0.16x0.28x0.47) min_z=0.000 → xyz=(3.170,3.000,3.000)
  PASS-A(NF) | item= 801 NF zone=4 dims=(0.40x0.29x0.26) min_z=0.000 → xyz=(1.405,1.935,3.530)
  PASS-A(NF) | item= 919 NF zone=4 dims=(0.45x0.42x0.78) min_z=0.000 → xyz=(3.040,1.560,3.560)
  PASS-A(NF) | item= 489 NF zone=4 dims=(0.54x0.34x0.49) min_z=0.000 → xyz=(3.660,2.210,3.580)
  PASS-A(NF) | item= 194 NF zone=4 dims=(0.17x0.24x0.56) min_z=0.000 → xyz=(3.415,3.820,3.320)
  PASS-A(NF) | item= 782 NF zone=4 dims=(0.26x0.42x1.08) min_z=0.000 → xyz=(1.940,3.690,3.590)
  PASS-A(NF) | item= 393 NF zone=4 dims=(0.35x0.20x0.26) min_z=0.000 → xyz=(3.235,1.870,3.620)
  PASS-A(NF) | item= 889 NF zone=4 dims=(0.35x0.20x0.26) min_z=0.000 → xyz=(1.175,2.630,3.670)
  PASS-A(NF) | item= 658 NF zone=4 dims=(0.15x0.26x0.53) min_z=0.000 → xyz=(3.575,3.470,3.000)
  PASS-A(NF) | item=  68 NF zone=4 dims=(0.21x0.20x0.39) min_z=0.000 → xyz=(1.985,3.160,3.590)
  PASS-A(NF) | item= 948 NF zone=4 dims=(0.39x0.15x0.21) min_z=0.000 → xyz=(3.695,3.915,3.360)
  PASS-A(NF) | item= 306 NF zone=4 dims=(0.20x0.26x0.26) min_z=0.000 → xyz=(1.100,2.860,3.670)
  PASS-A(NF) | item= 417 NF zone=4 dims=(0.19x0.19x0.24) min_z=0.000 → xyz=(1.295,2.825,3.670)
  PASS-A(NF) | item=  25 NF zone=4 dims=(0.26x0.16x0.26) min_z=0.000 → xyz=(1.520,2.970,3.390)
  PASS-A(NF) | item= 841 NF zone=4 dims=(0.30x0.20x0.40) min_z=0.000 → xyz=(3.810,3.080,3.680)
  PASS-A(NF) | item=   1 NF zone=4 dims=(1.00x1.00x1.00) min_z=0.000 → xyz=(2.570,3.300,4.000)
  PASS-A(NF) | item= 207 NF zone=5 dims=(0.55x0.53x1.17) min_z=0.000 → xyz=(6.675,1.255,3.000)
  PASS-A(NF) | item= 209 NF zone=5 dims=(0.41x0.57x0.40) min_z=0.000 → xyz=(6.195,1.275,3.000)
  PASS-A(NF) | item= 470 NF zone=5 dims=(0.46x1.17x0.78) min_z=0.000 → xyz=(7.180,1.575,3.000)
  PASS-A(NF) | item= 721 NF zone=5 dims=(0.39x1.17x0.78) min_z=0.000 → xyz=(7.605,1.575,3.000)
  PASS-A(NF) | item= 915 NF zone=5 dims=(0.40x1.11x0.43) min_z=0.000 → xyz=(8.000,1.545,3.000)
  PASS-A(NF) | item= 456 NF zone=5 dims=(0.42x0.67x0.58) min_z=0.000 → xyz=(8.410,1.325,3.000)
  PASS-A(NF) | item= 777 NF zone=5 dims=(0.36x0.75x0.50) min_z=0.000 → xyz=(8.800,1.365,3.000)
  PASS-A(NF) | item= 760 NF zone=5 dims=(0.42x0.67x0.58) min_z=0.000 → xyz=(6.610,1.855,3.000)
  PASS-A(NF) | item= 156 NF zone=5 dims=(0.41x0.66x0.58) min_z=0.000 → xyz=(6.195,1.890,3.000)
  PASS-A(NF) | item= 461 NF zone=5 dims=(0.27x0.39x0.27) min_z=0.000 → xyz=(8.335,1.855,3.000)
  PASS-A(NF) | item= 731 NF zone=5 dims=(0.27x0.39x0.27) min_z=0.000 → xyz=(8.605,1.935,3.000)
  PASS-A(NF) | item= 918 NF zone=5 dims=(0.27x0.27x0.39) min_z=0.000 → xyz=(8.335,2.185,3.000)
  PASS-A(NF) | item= 681 NF zone=5 dims=(0.25x0.39x0.27) min_z=0.000 → xyz=(8.865,1.935,3.000)
  PASS-A(NF) | item=  50 NF zone=5 dims=(0.34x0.59x0.78) min_z=0.000 → xyz=(7.970,2.395,3.000)
  PASS-A(NF) | item= 286 NF zone=5 dims=(0.24x0.30x0.40) min_z=0.000 → xyz=(8.590,2.280,3.000)
  PASS-A(NF) | item= 614 NF zone=5 dims=(0.41x0.78x1.17) min_z=0.000 → xyz=(7.025,2.550,3.000)
  PASS-A(NF) | item= 895 NF zone=5 dims=(0.39x0.58x0.67) min_z=0.000 → xyz=(7.425,2.450,3.000)
  PASS-A(NF) | item=   2 NF zone=5 dims=(1.00x1.00x1.00) min_z=0.000 → xyz=(8.120,3.190,3.000)
  PASS-A(NF) | item= 305 NF zone=5 dims=(0.26x0.27x0.54) min_z=0.000 → xyz=(8.840,2.265,3.000)
  PASS-A(NF) | item= 552 NF zone=5 dims=(0.27x0.26x0.54) min_z=0.000 → xyz=(6.535,2.320,3.000)
  PASS-A(NF) | item=1002 NF zone=5 dims=(0.27x0.26x0.54) min_z=0.000 → xyz=(6.125,2.350,3.000)
  PASS-A(NF) | item= 670 NF zone=5 dims=(0.19x0.26x0.57) min_z=0.000 → xyz=(8.235,2.450,3.000)
  PASS-A(NF) | item= 857 NF zone=5 dims=(0.54x0.40x0.69) min_z=0.000 → xyz=(6.530,2.650,3.000)
  PASS-A(NF) | item=  95 NF zone=5 dims=(0.26x0.29x0.40) min_z=0.000 → xyz=(8.840,2.545,3.000)
  PASS-A(NF) | item= 717 NF zone=5 dims=(0.29x0.26x0.40) min_z=0.000 → xyz=(8.475,2.560,3.000)
  PASS-A(NF) | item= 935 NF zone=5 dims=(0.46x0.42x1.06) min_z=0.000 → xyz=(6.220,3.060,3.000)
  PASS-A(NF) | item= 181 NF zone=5 dims=(0.36x0.41x1.12) min_z=0.000 → xyz=(8.800,2.895,3.000)
  PASS-A(NF) | item= 413 NF zone=5 dims=(0.38x0.44x1.09) min_z=0.000 → xyz=(7.420,2.960,3.000)
  PASS-A(NF) | item= 728 NF zone=5 dims=(0.35x0.41x1.11) min_z=0.000 → xyz=(6.625,3.055,3.000)
  PASS-A(NF) | item= 772 NF zone=5 dims=(0.36x0.47x1.11) min_z=0.000 → xyz=(6.980,3.175,3.000)
  PASS-A(NF) | item= 871 NF zone=5 dims=(0.40x0.52x0.71) min_z=0.000 → xyz=(7.360,3.440,3.000)
  PASS-A(NF) | item= 307 NF zone=5 dims=(0.14x0.29x0.47) min_z=0.000 → xyz=(7.690,2.305,3.000)
  PASS-A(NF) | item= 730 NF zone=5 dims=(0.14x0.29x0.47) min_z=0.000 → xyz=(6.060,2.625,3.000)
  PASS-A(NF) | item= 378 NF zone=5 dims=(0.27x0.52x1.02) min_z=0.000 → xyz=(8.755,3.360,3.000)
  PASS-A(NF) | item= 526 NF zone=5 dims=(0.71x0.40x0.52) min_z=0.000 → xyz=(6.345,3.470,3.000)
  PASS-A(NF) | item= 396 NF zone=5 dims=(0.41x0.23x0.34) min_z=0.000 → xyz=(6.905,3.525,3.000)
  PASS-A(NF) | item= 266 NF zone=5 dims=(0.11x0.55x0.28) min_z=0.000 → xyz=(6.875,1.795,3.000)
  PASS-A(NF) | item= 692 NF zone=5 dims=(0.53x0.56x0.79) min_z=0.000 → xyz=(8.405,2.020,3.430)
  PASS-A(NF) | item= 706 NF zone=5 dims=(0.79x0.33x0.59) min_z=0.000 → xyz=(6.385,3.835,3.000)
  PASS-A(NF) | item= 317 NF zone=5 dims=(0.27x0.22x0.53) min_z=0.000 → xyz=(8.755,3.730,3.000)
  PASS-A(NF) | item= 812 NF zone=5 dims=(0.27x0.22x0.53) min_z=0.000 → xyz=(6.915,3.750,3.000)
  PASS-A(NF) | item= 444 NF zone=5 dims=(0.25x0.21x0.57) min_z=0.000 → xyz=(7.685,3.795,3.000)
  PASS-A(NF) | item= 509 NF zone=5 dims=(0.25x0.21x0.57) min_z=0.000 → xyz=(7.935,3.795,3.000)
  PASS-A(NF) | item= 695 NF zone=5 dims=(0.25x0.21x0.57) min_z=0.000 → xyz=(8.185,3.795,3.000)
  PASS-A(NF) | item= 463 NF zone=5 dims=(0.26x0.26x0.40) min_z=0.000 → xyz=(8.440,3.820,3.000)
  PASS-A(NF) | item=  43 NF zone=5 dims=(0.47x0.51x1.01) min_z=0.000 → xyz=(8.035,1.245,3.580)
  PASS-A(NF) | item= 817 NF zone=5 dims=(0.16x0.16x0.40) min_z=0.000 → xyz=(7.700,2.530,3.000)
  PASS-A(NF) | item= 715 NF zone=5 dims=(0.27x0.16x0.40) min_z=0.000 → xyz=(7.185,3.780,3.000)
  PASS-A(NF) | item= 512 NF zone=5 dims=(0.23x0.23x0.56) min_z=0.000 → xyz=(7.435,3.815,3.000)
  PASS-A(NF) | item=  57 NF zone=5 dims=(0.19x0.30x0.40) min_z=0.000 → xyz=(8.767,1.890,3.270)
  PASS-A(NF) | item= 490 NF zone=5 dims=(0.39x0.53x0.65) min_z=0.000 → xyz=(6.185,1.255,3.400)
  PASS-A(NF) | item= 106 NF zone=5 dims=(0.15x0.23x0.57) min_z=0.000 → xyz=(6.745,2.305,3.000)
  PASS-A(NF) | item= 842 NF zone=5 dims=(0.23x0.15x0.57) min_z=0.000 → xyz=(8.685,3.915,3.000)
  PASS-A(NF) | item= 844 NF zone=5 dims=(0.22x0.19x0.59) min_z=0.000 → xyz=(6.810,3.505,3.340)
  PASS-A(NF) | item= 327 NF zone=5 dims=(0.23x0.15x0.57) min_z=0.000 → xyz=(6.895,3.935,3.000)
  PASS-A(NF) | item= 423 NF zone=5 dims=(0.20x0.19x0.59) min_z=0.000 → xyz=(7.020,3.505,3.340)
  PASS-A(NF) | item= 244 NF zone=5 dims=(0.21x0.21x0.53) min_z=0.000 → xyz=(7.155,3.805,3.395)
  PASS-A(NF) | item= 485 NF zone=5 dims=(0.25x0.32x0.36) min_z=0.000 → xyz=(8.455,2.460,3.400)
  PASS-A(NF) | item= 572 NF zone=5 dims=(0.33x0.44x0.42) min_z=0.000 → xyz=(7.965,1.720,3.430)
  PASS-A(NF) | item=  46 NF zone=5 dims=(0.39x0.17x0.39) min_z=0.000 → xyz=(8.774,2.486,3.400)
  PASS-A(NF) | item= 921 NF zone=5 dims=(0.17x0.39x0.39) min_z=0.000 → xyz=(7.705,2.354,3.470)
  PASS-A(NF) | item= 771 NF zone=5 dims=(0.34x0.42x0.77) min_z=0.000 → xyz=(8.790,1.200,3.500)
  PASS-A(NF) | item= 629 NF zone=5 dims=(0.38x0.19x0.58) min_z=0.000 → xyz=(8.810,1.505,3.500)
  PASS-A(NF) | item= 130 NF zone=5 dims=(0.17x0.30x0.38) min_z=0.000 → xyz=(8.395,3.840,3.400)
  PASS-A(NF) | item= 548 NF zone=5 dims=(0.26x0.17x0.39) min_z=0.000 → xyz=(6.123,2.562,3.470)
  PASS-A(NF) | item= 757 NF zone=5 dims=(0.54x0.39x0.52) min_z=0.000 → xyz=(6.260,3.465,3.520)
  PASS-A(NF) | item= 436 NF zone=5 dims=(0.26x0.29x0.59) min_z=0.000 → xyz=(8.800,2.185,3.540)
  PASS-A(NF) | item= 132 NF zone=5 dims=(0.30x0.16x0.40) min_z=0.000 → xyz=(7.950,2.020,3.430)
  PASS-A(NF) | item=  34 NF zone=5 dims=(0.29x0.21x0.33) min_z=0.000 → xyz=(8.765,3.725,3.530)
  PASS-A(NF) | item=  71 NF zone=5 dims=(0.33x0.21x0.29) min_z=0.000 → xyz=(6.155,2.325,3.540)
  PASS-A(NF) | item= 222 NF zone=5 dims=(0.33x0.21x0.29) min_z=0.000 → xyz=(6.485,2.325,3.540)
  PASS-A(NF) | item= 615 NF zone=5 dims=(0.29x0.21x0.33) min_z=0.000 → xyz=(7.405,3.805,3.560)
  PASS-A(NF) | item= 820 NF zone=5 dims=(0.20x0.28x0.33) min_z=0.000 → xyz=(6.880,3.740,3.570)
  PASS-A(NF) | item= 913 NF zone=5 dims=(0.60x0.30x0.80) min_z=0.000 → xyz=(7.860,3.840,3.570)
  PASS-A(NF) | item= 644 NF zone=5 dims=(0.22x0.29x0.26) min_z=0.000 → xyz=(8.377,1.138,3.580)
  PASS-A(NF) | item=  27 NF zone=5 dims=(0.19x0.29x0.33) min_z=0.000 → xyz=(8.235,2.445,3.570)
  PASS-A(NF) | item= 122 NF zone=5 dims=(0.19x0.33x0.29) min_z=0.000 → xyz=(8.365,1.450,3.580)
  PASS-A(NF) | item= 250 NF zone=5 dims=(0.29x0.33x0.19) min_z=0.000 → xyz=(6.135,1.685,3.580)
  PASS-A(NF) | item= 802 NF zone=5 dims=(0.33x0.29x0.19) min_z=0.000 → xyz=(6.445,1.665,3.580)
  PASS-A(NF) | item= 989 NF zone=5 dims=(0.29x0.33x0.19) min_z=0.000 → xyz=(6.755,1.685,3.580)
  PASS-A(NF) | item= 350 NF zone=5 dims=(0.30x0.26x0.58) min_z=0.000 → xyz=(6.430,1.940,3.580)
  PASS-A(NF) | item=  17 NF zone=5 dims=(0.26x0.26x0.30) min_z=0.000 → xyz=(6.120,1.980,3.580)
  PASS-A(NF) | item= 888 NF zone=5 dims=(0.54x0.34x0.49) min_z=0.000 → xyz=(6.260,3.830,3.590)
  PASS-A(NF) | item= 674 NF zone=5 dims=(0.24x0.17x0.56) min_z=0.000 → xyz=(6.110,2.730,3.470)
  PASS-A(NF) | item= 824 NF zone=5 dims=(0.23x0.22x0.50) min_z=0.000 → xyz=(6.695,1.960,3.580)
  PASS-A(NF) | item= 576 NF zone=5 dims=(0.16x0.24x0.46) min_z=0.000 → xyz=(6.610,3.380,3.520)
  PASS-A(NF) | item= 187 NF zone=5 dims=(0.48x0.53x0.79) min_z=0.000 → xyz=(7.190,1.255,3.780)
  PASS-A(NF) | item= 414 NF zone=5 dims=(0.21x0.13x0.35) min_z=0.000 → xyz=(8.905,3.905,3.000)
  PASS-A(NF) | item= 502 NF zone=6 dims=(1.07x0.54x0.24) min_z=0.000 → xyz=(1.535,6.260,3.000)
  PASS-A(NF) | item= 928 NF zone=6 dims=(0.60x0.39x0.19) min_z=0.000 → xyz=(2.370,6.185,3.000)
  PASS-A(NF) | item= 961 NF zone=6 dims=(0.79x0.78x0.34) min_z=0.000 → xyz=(3.065,6.380,3.000)
  PASS-A(NF) | item= 600 NF zone=6 dims=(0.46x0.55x0.77) min_z=0.000 → xyz=(3.690,6.265,3.000)
  PASS-A(NF) | item= 197 NF zone=6 dims=(0.58x0.56x0.79) min_z=0.000 → xyz=(2.360,6.660,3.000)
  PASS-A(NF) | item= 437 NF zone=6 dims=(0.78x0.39x1.17) min_z=0.000 → xyz=(1.390,6.725,3.000)
  PASS-A(NF) | item= 665 NF zone=6 dims=(0.45x0.42x0.58) min_z=0.000 → xyz=(3.685,6.750,3.000)
  PASS-A(NF) | item= 164 NF zone=6 dims=(0.67x0.42x0.58) min_z=0.000 → xyz=(2.985,6.980,3.000)
  PASS-A(NF) | item= 867 NF zone=6 dims=(0.67x0.42x0.58) min_z=0.000 → xyz=(1.335,7.130,3.000)
  PASS-A(NF) | item= 560 NF zone=6 dims=(0.66x0.42x0.59) min_z=0.000 → xyz=(2.000,7.150,3.000)
  PASS-A(NF) | item=  96 NF zone=6 dims=(0.66x0.42x0.58) min_z=0.000 → xyz=(3.650,7.170,3.000)
  PASS-A(NF) | item= 594 NF zone=6 dims=(0.44x0.40x1.10) min_z=0.000 → xyz=(2.550,7.390,3.000)
  PASS-A(NF) | item= 232 NF zone=6 dims=(0.52x0.42x0.61) min_z=0.000 → xyz=(3.030,7.400,3.000)
  PASS-A(NF) | item= 942 NF zone=6 dims=(0.61x0.42x0.52) min_z=0.000 → xyz=(1.305,7.550,3.000)
  PASS-A(NF) | item= 939 NF zone=6 dims=(0.66x0.40x0.58) min_z=0.000 → xyz=(1.940,7.560,3.000)
  PASS-A(NF) | item= 762 NF zone=6 dims=(0.70x0.46x0.51) min_z=0.000 → xyz=(3.640,7.610,3.000)
  PASS-A(NF) | item= 930 NF zone=6 dims=(0.78x0.51x0.57) min_z=0.000 → xyz=(2.660,7.865,3.000)
  PASS-A(NF) | item= 213 NF zone=6 dims=(0.77x0.46x0.57) min_z=0.000 → xyz=(1.385,7.990,3.000)
  PASS-A(NF) | item=  83 NF zone=6 dims=(0.37x0.35x1.14) min_z=0.000 → xyz=(1.955,7.935,3.000)
  PASS-A(NF) | item=  72 NF zone=6 dims=(0.66x0.38x0.58) min_z=0.000 → xyz=(3.380,8.030,3.000)
  PASS-A(NF) | item= 761 NF zone=6 dims=(0.38x0.58x0.66) min_z=0.000 → xyz=(1.960,8.400,3.000)
  PASS-A(NF) | item= 221 NF zone=6 dims=(0.67x0.38x0.58) min_z=0.000 → xyz=(2.485,8.310,3.000)
  PASS-A(NF) | item= 709 NF zone=6 dims=(0.67x0.38x0.58) min_z=0.000 → xyz=(1.335,8.410,3.000)
  PASS-A(NF) | item= 983 NF zone=6 dims=(0.27x0.26x0.54) min_z=0.000 → xyz=(1.915,6.660,3.000)
  PASS-A(NF) | item= 544 NF zone=6 dims=(0.66x0.38x0.59) min_z=0.000 → xyz=(3.150,8.410,3.000)
  PASS-A(NF) | item= 627 NF zone=6 dims=(0.27x0.42x0.93) min_z=0.000 → xyz=(3.845,8.050,3.000)
  PASS-A(NF) | item= 991 NF zone=6 dims=(0.40x0.26x0.29) min_z=0.000 → xyz=(3.680,8.390,3.000)
  PASS-A(NF) | item= 214 NF zone=6 dims=(0.26x0.25x0.39) min_z=0.000 → xyz=(2.460,7.065,3.000)
  PASS-A(NF) | item= 626 NF zone=6 dims=(0.39x0.26x0.25) min_z=0.000 → xyz=(2.505,8.630,3.000)
  PASS-A(NF) | item= 843 NF zone=6 dims=(0.39x0.25x0.26) min_z=0.000 → xyz=(3.675,8.645,3.000)
  PASS-A(NF) | item= 833 NF zone=6 dims=(0.42x0.35x1.10) min_z=0.000 → xyz=(1.210,8.775,3.000)
  PASS-A(NF) | item= 519 NF zone=6 dims=(0.80x0.35x0.80) min_z=0.000 → xyz=(1.400,6.165,3.240)
  PASS-A(NF) | item=  48 NF zone=6 dims=(0.35x0.41x1.11) min_z=0.000 → xyz=(1.595,8.805,3.000)
  PASS-A(NF) | item= 359 NF zone=6 dims=(0.47x0.36x1.11) min_z=0.000 → xyz=(2.935,8.780,3.000)
  PASS-A(NF) | item= 185 NF zone=6 dims=(0.52x0.40x0.71) min_z=0.000 → xyz=(2.410,8.700,3.250)
  PASS-A(NF) | item= 959 NF zone=6 dims=(0.15x0.39x0.59) min_z=0.000 → xyz=(3.245,8.795,3.000)
  PASS-A(NF) | item= 288 NF zone=6 dims=(0.52x0.40x0.71) min_z=0.000 → xyz=(3.740,8.720,3.260)
  PASS-A(NF) | item= 233 NF zone=6 dims=(0.70x0.40x0.52) min_z=0.000 → xyz=(3.000,6.190,3.340)
  PASS-A(NF) | item= 914 NF zone=6 dims=(0.71x0.40x0.52) min_z=0.000 → xyz=(3.645,7.580,3.510)
  PASS-A(NF) | item= 401 NF zone=6 dims=(0.27x0.22x0.53) min_z=0.000 → xyz=(1.905,8.800,3.000)
  PASS-A(NF) | item=   6 NF zone=6 dims=(0.20x0.20x0.59) min_z=0.000 → xyz=(3.150,7.710,3.000)
  PASS-A(NF) | item= 701 NF zone=6 dims=(0.20x0.20x0.59) min_z=0.000 → xyz=(2.170,6.090,3.190)
  PASS-A(NF) | item= 996 NF zone=6 dims=(0.27x0.20x0.40) min_z=0.000 → xyz=(2.405,6.090,3.190)
  PASS-A(NF) | item= 892 NF zone=6 dims=(0.52x0.40x0.70) min_z=0.000 → xyz=(1.260,7.540,3.520)
  PASS-A(NF) | item= 664 NF zone=6 dims=(0.40x0.29x0.36) min_z=0.000 → xyz=(2.850,6.535,3.340)
  PASS-A(NF) | item= 832 NF zone=6 dims=(0.50x0.47x1.00) min_z=0.000 → xyz=(2.520,7.825,3.570)
  PASS-A(NF) | item= 822 NF zone=6 dims=(0.26x0.26x0.40) min_z=0.000 → xyz=(1.930,6.120,3.240)
  PASS-A(NF) | item= 135 NF zone=6 dims=(0.31x0.22x0.55) min_z=0.000 → xyz=(3.635,8.370,3.290)
  PASS-A(NF) | item= 707 NF zone=6 dims=(0.28x0.52x1.04) min_z=0.000 → xyz=(1.920,6.600,3.540)
  PASS-A(NF) | item= 969 NF zone=6 dims=(0.20x0.23x0.39) min_z=0.000 → xyz=(3.890,8.375,3.290)
  PASS-A(NF) | item= 284 NF zone=6 dims=(0.16x0.16x0.40) min_z=0.000 → xyz=(3.400,8.680,3.000)
  PASS-A(NF) | item= 510 NF zone=6 dims=(0.16x0.16x0.40) min_z=0.000 → xyz=(3.400,8.840,3.000)
  PASS-A(NF) | item= 950 NF zone=6 dims=(0.40x0.16x0.16) min_z=0.000 → xyz=(2.270,6.270,3.190)
  PASS-A(NF) | item= 753 NF zone=6 dims=(0.39x0.29x0.32) min_z=0.000 → xyz=(3.245,6.535,3.340)
  PASS-A(NF) | item= 883 NF zone=6 dims=(0.28x0.20x0.59) min_z=0.000 → xyz=(2.470,7.040,3.390)
  PASS-A(NF) | item= 770 NF zone=6 dims=(0.24x0.23x0.56) min_z=0.000 → xyz=(1.890,8.805,3.530)
  PASS-A(NF) | item= 404 NF zone=6 dims=(0.53x0.14x0.33) min_z=0.000 → xyz=(1.265,6.410,3.240)
  PASS-A(NF) | item=  47 NF zone=6 dims=(0.17x0.17x0.38) min_z=0.000 → xyz=(2.555,6.275,3.190)
  PASS-A(NF) | item= 469 NF zone=6 dims=(0.60x0.29x0.40) min_z=0.000 → xyz=(1.300,7.885,3.570)
  PASS-A(NF) | item= 472 NF zone=6 dims=(0.23x0.15x0.57) min_z=0.000 → xyz=(1.645,6.415,3.240)
  PASS-A(NF) | item= 917 NF zone=6 dims=(0.23x0.15x0.57) min_z=0.000 → xyz=(2.175,6.265,3.350)
  PASS-A(NF) | item= 993 NF zone=6 dims=(0.19x0.22x0.59) min_z=0.000 → xyz=(2.865,7.720,3.570)
  PASS-A(NF) | item= 655 NF zone=6 dims=(0.15x0.23x0.57) min_z=0.000 → xyz=(3.395,8.715,3.400)
  PASS-A(NF) | item= 480 NF zone=6 dims=(0.44x0.29x0.74) min_z=0.000 → xyz=(3.660,6.685,3.580)
  PASS-A(NF) | item= 672 NF zone=6 dims=(0.17x0.17x0.51) min_z=0.000 → xyz=(2.375,6.275,3.350)
  PASS-A(NF) | item= 952 NF zone=6 dims=(0.54x0.39x0.42) min_z=0.000 → xyz=(2.920,6.875,3.580)
  PASS-A(NF) | item= 486 NF zone=6 dims=(0.21x0.29x0.33) min_z=0.000 → xyz=(2.875,7.975,3.570)
  PASS-A(NF) | item= 796 NF zone=6 dims=(0.21x0.29x0.33) min_z=0.000 → xyz=(3.295,6.825,3.580)
  PASS-A(NF) | item= 999 NF zone=6 dims=(0.42x0.34x0.77) min_z=0.000 → xyz=(3.610,7.000,3.580)
  PASS-A(NF) | item= 799 NF zone=6 dims=(0.40x0.19x0.39) min_z=0.000 → xyz=(1.200,6.432,3.570)
  PASS-A(NF) | item= 365 NF zone=6 dims=(0.55x0.20x0.22) min_z=0.000 → xyz=(1.275,7.020,3.580)
  PASS-A(NF) | item= 641 NF zone=6 dims=(0.20x0.22x0.55) min_z=0.000 → xyz=(3.290,7.080,3.580)
  PASS-A(NF) | item= 568 NF zone=6 dims=(0.40x0.24x0.30) min_z=0.000 → xyz=(1.720,7.480,3.580)
  PASS-A(NF) | item= 334 NF zone=6 dims=(0.42x0.42x0.77) min_z=0.000 → xyz=(3.460,7.990,3.580)
  PASS-A(NF) | item= 387 NF zone=6 dims=(0.33x0.21x0.29) min_z=0.000 → xyz=(1.165,7.225,3.580)
  PASS-A(NF) | item= 176 NF zone=6 dims=(0.33x0.20x0.28) min_z=0.000 → xyz=(1.495,7.220,3.580)
  PASS-A(NF) | item= 958 NF zone=6 dims=(0.33x0.20x0.28) min_z=0.000 → xyz=(3.555,7.270,3.580)
  PASS-A(NF) | item= 376 NF zone=6 dims=(0.53x0.36x0.51) min_z=0.000 → xyz=(1.265,8.210,3.580)
  PASS-A(NF) | item= 148 NF zone=6 dims=(0.16x0.28x0.47) min_z=0.000 → xyz=(1.680,7.900,3.570)
  PASS-A(NF) | item= 302 NF zone=6 dims=(0.29x0.26x0.40) min_z=0.000 → xyz=(2.065,7.490,3.580)
  PASS-A(NF) | item= 133 NF zone=6 dims=(0.53x0.38x0.51) min_z=0.000 → xyz=(2.415,8.250,3.580)
  PASS-A(NF) | item= 906 NF zone=6 dims=(0.26x0.30x0.58) min_z=0.000 → xyz=(3.110,7.960,3.580)
  PASS-A(NF) | item= 363 NF zone=6 dims=(0.20x0.17x0.56) min_z=0.000 → xyz=(1.630,8.125,3.570)
  PASS-A(NF) | item= 589 NF zone=6 dims=(0.53x0.32x0.51) min_z=0.000 → xyz=(1.925,7.100,3.590)
  PASS-A(NF) | item= 432 NF zone=6 dims=(0.17x0.24x0.56) min_z=0.000 → xyz=(3.905,6.950,3.580)
  PASS-A(NF) | item= 475 NF zone=6 dims=(0.23x0.22x0.50) min_z=0.000 → xyz=(1.645,8.320,3.580)
  PASS-A(NF) | item=  58 NF zone=6 dims=(0.16x0.24x0.46) min_z=0.000 → xyz=(3.900,7.190,3.580)
  PASS-A(NF) | item= 186 NF zone=6 dims=(0.26x0.29x0.59) min_z=0.000 → xyz=(3.110,8.255,3.590)
  PASS-A(NF) | item=  67 NF zone=6 dims=(0.35x0.20x0.26) min_z=0.000 → xyz=(1.175,8.490,3.580)
  PASS-A(NF) | item= 315 NF zone=6 dims=(0.20x0.26x0.35) min_z=0.000 → xyz=(2.780,8.250,3.590)
  PASS-A(NF) | item= 859 NF zone=6 dims=(0.20x0.26x0.35) min_z=0.000 → xyz=(3.350,8.330,3.590)
  PASS-A(NF) | item= 158 NF zone=6 dims=(0.26x0.15x0.53) min_z=0.000 → xyz=(1.730,7.675,3.580)
  PASS-A(NF) | item= 712 NF zone=6 dims=(0.10x0.30x0.40) min_z=0.000 → xyz=(2.190,7.910,3.000)
  PASS-A(NF) | item= 383 NF zone=6 dims=(0.15x0.21x0.39) min_z=0.000 → xyz=(1.425,8.495,3.580)
  PASS-A(NF) | item= 467 NF zone=6 dims=(0.10x0.14x0.50) min_z=0.000 → xyz=(3.960,6.610,3.000)
  PASS-A(NF) | item= 727 NF zone=6 dims=(0.10x0.14x0.50) min_z=0.000 → xyz=(3.960,6.750,3.000)
  PASS-A(NF) | item= 215 NF zone=6 dims=(0.28x0.21x0.26) min_z=0.000 → xyz=(2.820,8.485,3.590)
  PASS-A(NF) | item= 850 NF zone=6 dims=(0.19x0.19x0.24) min_z=0.000 → xyz=(2.555,6.285,3.570)
  PASS-A(NF) | item= 524 NF zone=6 dims=(0.30x0.20x0.40) min_z=0.000 → xyz=(2.420,6.090,3.590)
  PASS-A(NF) | item=  91 NF zone=6 dims=(0.53x0.20x0.58) min_z=0.000 → xyz=(2.915,6.490,3.700)
  PASS-A(NF) | item= 896 NF zone=7 dims=(0.24x0.54x1.07) min_z=0.000 → xyz=(6.650,6.260,3.000)
  PASS-A(NF) | item= 216 NF zone=7 dims=(0.39x0.60x0.19) min_z=0.000 → xyz=(6.335,6.290,3.000)
  PASS-A(NF) | item= 416 NF zone=7 dims=(0.34x0.79x0.78) min_z=0.000 → xyz=(6.940,6.385,3.000)
  PASS-A(NF) | item=  33 NF zone=7 dims=(0.40x0.41x0.57) min_z=0.000 → xyz=(7.310,6.195,3.000)
  PASS-A(NF) | item= 878 NF zone=7 dims=(0.46x0.78x1.17) min_z=0.000 → xyz=(7.740,6.380,3.000)
  PASS-A(NF) | item=  75 NF zone=7 dims=(0.42x0.45x0.59) min_z=0.000 → xyz=(8.180,6.215,3.000)
  PASS-A(NF) | item= 137 NF zone=7 dims=(0.42x0.45x0.58) min_z=0.000 → xyz=(8.600,6.215,3.000)
  PASS-A(NF) | item= 402 NF zone=7 dims=(0.42x0.45x0.58) min_z=0.000 → xyz=(8.180,6.665,3.000)
  PASS-A(NF) | item=  42 NF zone=7 dims=(0.27x0.42x1.00) min_z=0.000 → xyz=(7.245,6.610,3.000)
  PASS-A(NF) | item= 162 NF zone=7 dims=(0.41x0.58x0.67) min_z=0.000 → xyz=(8.595,6.730,3.000)
  PASS-A(NF) | item= 471 NF zone=7 dims=(0.54x0.40x0.64) min_z=0.000 → xyz=(6.410,6.790,3.000)
  PASS-A(NF) | item= 953 NF zone=7 dims=(0.42x0.59x0.66) min_z=0.000 → xyz=(7.590,7.065,3.000)
  PASS-A(NF) | item= 719 NF zone=7 dims=(0.42x0.58x0.66) min_z=0.000 → xyz=(6.890,7.070,3.000)
  PASS-A(NF) | item= 195 NF zone=7 dims=(0.27x0.27x0.39) min_z=0.000 → xyz=(7.235,6.955,3.000)
  PASS-A(NF) | item= 237 NF zone=7 dims=(0.27x0.27x0.39) min_z=0.000 → xyz=(7.935,7.025,3.000)
  PASS-A(NF) | item= 570 NF zone=7 dims=(0.27x0.27x0.39) min_z=0.000 → xyz=(8.205,7.025,3.000)
  PASS-A(NF) | item= 839 NF zone=7 dims=(0.39x0.27x0.27) min_z=0.000 → xyz=(6.335,7.125,3.000)
  PASS-A(NF) | item= 154 NF zone=7 dims=(0.25x0.27x0.39) min_z=0.000 → xyz=(8.465,7.155,3.000)
  PASS-A(NF) | item= 348 NF zone=7 dims=(0.42x0.57x0.77) min_z=0.000 → xyz=(8.800,7.305,3.000)
  PASS-A(NF) | item= 779 NF zone=7 dims=(0.24x0.30x0.40) min_z=0.000 → xyz=(7.220,7.240,3.000)
  PASS-A(NF) | item= 545 NF zone=7 dims=(0.40x0.58x0.66) min_z=0.000 → xyz=(8.000,7.450,3.000)
  PASS-A(NF) | item= 202 NF zone=7 dims=(0.33x0.23x0.57) min_z=0.000 → xyz=(6.305,7.375,3.000)
  PASS-A(NF) | item= 713 NF zone=7 dims=(0.23x0.33x0.57) min_z=0.000 → xyz=(8.315,7.455,3.000)
  PASS-A(NF) | item=  73 NF zone=7 dims=(0.51x0.46x0.70) min_z=0.000 → xyz=(6.725,7.590,3.000)
  PASS-A(NF) | item= 338 NF zone=7 dims=(0.57x0.51x0.78) min_z=0.000 → xyz=(7.265,7.645,3.000)
  PASS-A(NF) | item=   3 NF zone=7 dims=(1.00x1.00x1.00) min_z=0.000 → xyz=(8.050,8.240,3.000)
  PASS-A(NF) | item= 380 NF zone=7 dims=(0.19x0.26x0.57) min_z=0.000 → xyz=(8.905,6.120,3.000)
  PASS-A(NF) | item= 211 NF zone=7 dims=(0.40x0.54x0.69) min_z=0.000 → xyz=(8.750,7.860,3.000)
  PASS-A(NF) | item= 279 NF zone=7 dims=(0.29x0.26x0.39) min_z=0.000 → xyz=(6.285,7.620,3.000)
  PASS-A(NF) | item= 358 NF zone=7 dims=(0.29x0.26x0.40) min_z=0.000 → xyz=(6.285,7.880,3.000)
  PASS-A(NF) | item= 482 NF zone=7 dims=(0.46x0.42x1.06) min_z=0.000 → xyz=(6.660,8.030,3.000)
  PASS-A(NF) | item=  85 NF zone=7 dims=(0.42x0.35x1.10) min_z=0.000 → xyz=(7.100,8.075,3.000)
  PASS-A(NF) | item= 907 NF zone=7 dims=(0.35x0.80x0.80) min_z=0.000 → xyz=(6.175,8.470,3.000)
  PASS-A(NF) | item= 564 NF zone=7 dims=(0.44x0.47x1.02) min_z=0.000 → xyz=(8.770,8.365,3.000)
  PASS-A(NF) | item=   7 NF zone=7 dims=(0.47x0.35x1.11) min_z=0.000 → xyz=(6.585,8.415,3.000)
  PASS-A(NF) | item= 438 NF zone=7 dims=(0.15x0.39x0.59) min_z=0.000 → xyz=(6.065,6.185,3.000)
  PASS-A(NF) | item= 806 NF zone=7 dims=(0.57x0.54x1.17) min_z=0.000 → xyz=(7.105,8.520,3.000)
  PASS-A(NF) | item= 623 NF zone=7 dims=(0.23x0.34x0.41) min_z=0.000 → xyz=(7.665,7.530,3.000)
  PASS-A(NF) | item= 184 NF zone=7 dims=(0.53x0.56x0.79) min_z=0.000 → xyz=(6.255,6.270,3.590)
  PASS-A(NF) | item= 281 NF zone=7 dims=(0.59x0.33x0.79) min_z=0.000 → xyz=(6.285,7.155,3.570)
  PASS-A(NF) | item= 575 NF zone=7 dims=(0.52x0.55x0.78) min_z=0.000 → xyz=(7.640,7.045,3.660)
  PASS-A(NF) | item= 258 NF zone=7 dims=(0.28x0.52x1.04) min_z=0.000 → xyz=(7.240,7.080,3.400)
  PASS-A(NF) | item= 117 NF zone=7 dims=(0.20x0.27x0.37) min_z=0.000 → xyz=(8.910,6.385,3.000)
  PASS-A(NF) | item= 257 NF zone=7 dims=(0.20x0.23x0.39) min_z=0.000 → xyz=(8.900,6.635,3.000)
  PASS-A(NF) | item= 283 NF zone=7 dims=(0.16x0.16x0.40) min_z=0.000 → xyz=(8.880,6.830,3.000)
  PASS-A(NF) | item= 345 NF zone=7 dims=(0.16x0.16x0.40) min_z=0.000 → xyz=(8.510,7.370,3.000)
  PASS-A(NF) | item= 523 NF zone=7 dims=(0.16x0.16x0.40) min_z=0.000 → xyz=(7.390,7.980,3.000)
  PASS-A(NF) | item= 491 NF zone=7 dims=(0.16x0.27x0.40) min_z=0.000 → xyz=(7.470,8.195,3.000)
  PASS-A(NF) | item= 323 NF zone=7 dims=(0.40x0.20x0.30) min_z=0.000 → xyz=(6.550,8.690,3.000)
  PASS-A(NF) | item= 610 NF zone=7 dims=(0.23x0.23x0.56) min_z=0.000 → xyz=(8.665,8.715,3.000)
  PASS-A(NF) | item= 634 NF zone=7 dims=(0.19x0.30x0.40) min_z=0.000 → xyz=(8.877,8.750,3.000)
  PASS-A(NF) | item= 349 NF zone=7 dims=(0.35x0.19x0.43) min_z=0.000 → xyz=(7.565,8.835,3.000)
  PASS-A(NF) | item= 847 NF zone=7 dims=(0.14x0.33x0.53) min_z=0.000 → xyz=(6.060,6.715,3.000)
  PASS-A(NF) | item= 899 NF zone=7 dims=(0.40x0.29x0.60) min_z=0.000 → xyz=(6.550,8.735,3.300)
  PASS-A(NF) | item= 492 NF zone=7 dims=(0.15x0.23x0.57) min_z=0.000 → xyz=(6.065,7.435,3.000)
  PASS-A(NF) | item=  53 NF zone=7 dims=(0.22x0.19x0.59) min_z=0.000 → xyz=(7.850,8.835,3.000)
  PASS-A(NF) | item= 649 NF zone=7 dims=(0.23x0.22x0.56) min_z=0.000 → xyz=(8.075,8.850,3.000)
  PASS-A(NF) | item= 755 NF zone=7 dims=(0.28x0.38x0.59) min_z=0.000 → xyz=(6.282,7.682,3.400)
  PASS-A(NF) | item= 434 NF zone=7 dims=(0.44x0.33x0.76) min_z=0.000 → xyz=(8.770,8.765,3.560)
  PASS-A(NF) | item=  35 NF zone=7 dims=(0.34x0.42x0.77) min_z=0.000 → xyz=(8.370,7.230,3.570)
  PASS-A(NF) | item=  32 NF zone=7 dims=(0.58x0.19x0.38) min_z=0.000 → xyz=(7.040,8.885,3.000)
  PASS-A(NF) | item= 518 NF zone=7 dims=(0.20x0.19x0.29) min_z=0.000 → xyz=(8.290,8.835,3.000)
  PASS-A(NF) | item= 656 NF zone=7 dims=(0.20x0.19x0.29) min_z=0.000 → xyz=(8.290,8.835,3.290)
  PASS-A(NF) | item= 403 NF zone=7 dims=(0.39x0.19x0.40) min_z=0.000 → xyz=(6.945,8.882,3.380)
  PASS-A(NF) | item= 347 NF zone=7 dims=(0.52x0.39x0.54) min_z=0.000 → xyz=(8.650,6.185,3.580)
  PASS-A(NF) | item= 630 NF zone=7 dims=(0.30x0.59x0.80) min_z=0.000 → xyz=(8.120,6.285,3.590)
  PASS-A(NF) | item= 428 NF zone=7 dims=(0.20x0.28x0.33) min_z=0.000 → xyz=(8.910,6.520,3.390)
  PASS-A(NF) | item=  97 NF zone=7 dims=(0.60x0.30x0.80) min_z=0.000 → xyz=(6.290,6.700,3.640)
  PASS-A(NF) | item= 172 NF zone=7 dims=(0.22x0.26x0.29) min_z=0.000 → xyz=(8.007,7.020,3.390)
  PASS-A(NF) | item= 532 NF zone=7 dims=(0.45x0.42x0.78) min_z=0.000 → xyz=(6.815,6.990,3.660)
  PASS-A(NF) | item= 768 NF zone=7 dims=(0.20x0.17x0.56) min_z=0.000 → xyz=(7.240,8.875,3.380)
  PASS-A(NF) | item= 987 NF zone=7 dims=(0.51x0.32x0.53) min_z=0.000 → xyz=(7.805,7.480,3.660)
  PASS-A(NF) | item= 143 NF zone=7 dims=(0.42x0.26x1.08) min_z=0.000 → xyz=(8.180,6.710,3.580)
  PASS-A(NF) | item= 269 NF zone=7 dims=(0.20x0.26x0.35) min_z=0.000 → xyz=(8.900,6.790,3.400)
  PASS-A(NF) | item= 621 NF zone=7 dims=(0.20x0.26x0.35) min_z=0.000 → xyz=(7.410,8.030,3.400)
  PASS-A(NF) | item= 962 NF zone=7 dims=(0.26x0.20x0.35) min_z=0.000 → xyz=(7.520,8.840,3.430)
  PASS-A(NF) | item=  41 NF zone=7 dims=(0.10x0.30x0.40) min_z=0.000 → xyz=(7.430,6.550,3.000)
  PASS-A(NF) | item= 678 NF zone=7 dims=(0.21x0.20x0.39) min_z=0.000 → xyz=(8.065,8.840,3.560)
  PASS-A(NF) | item= 565 NF zone=7 dims=(0.38x0.17x0.38) min_z=0.000 → xyz=(6.180,7.960,3.400)
  PASS-A(NF) | item= 831 NF zone=7 dims=(0.21x0.26x0.28) min_z=0.000 → xyz=(7.215,6.120,3.570)
  PASS-A(NF) | item= 441 NF zone=7 dims=(0.27x0.26x0.40) min_z=0.000 → xyz=(8.335,7.570,3.570)
  PASS-A(NF) | item= 742 NF zone=7 dims=(0.53x0.20x0.58) min_z=0.000 → xyz=(8.535,6.480,3.670)
--- PASS B: NF top-Z per zone: {0: np.float32(2.34), 1: np.float32(2.35), 2: np.float32(2.4), 3: np.float32(2.34), 4: np.float32(5.0), 5: np.float32(4.59), 6: np.float32(4.58), 7: np.float32(4.66)} ---
--- PASS C: 453 Fragile items ---
  PASS-C(FR) | item= 786 FR zone=0 dims=(0.76x0.21x1.18) min_z=0.000 → xyz=(1.380,1.555,0.520)
  PASS-C(FR) | item= 808 FR zone=0 dims=(0.50x0.76x0.74) min_z=0.000 → xyz=(1.780,2.040,1.100)
  PASS-C(FR) | item= 830 FR zone=0 dims=(0.50x0.75x0.74) min_z=0.000 → xyz=(1.680,3.435,1.170)
  PASS-C(FR) | item= 884 FR zone=0 dims=(0.79x0.55x0.59) min_z=0.000 → xyz=(2.325,2.915,1.430)
  PASS-C(FR) | item= 229 FR zone=0 dims=(0.38x0.74x0.62) min_z=0.000 → xyz=(2.120,3.570,1.170)
  PASS-C(FR) | item= 563 FR zone=0 dims=(0.53x0.77x0.65) min_z=0.000 → xyz=(2.505,1.935,1.530)
  PASS-C(FR) | item= 872 FR zone=0 dims=(0.54x0.54x0.78) min_z=0.000 → xyz=(2.510,1.260,1.580)
  PASS-C(FR) | item= 938 FR zone=0 dims=(0.54x0.54x0.78) min_z=0.000 → xyz=(3.720,3.560,1.660)
  PASS-C(FR) | item= 946 FR zone=0 dims=(0.52x0.53x0.78) min_z=0.000 → xyz=(1.260,1.925,1.630)
  PASS-C(FR) | item= 863 FR zone=0 dims=(0.78x0.54x0.51) min_z=0.000 → xyz=(1.390,1.260,1.700)
  PASS-C(FR) | item= 894 FR zone=0 dims=(0.79x0.50x0.53) min_z=0.000 → xyz=(3.165,2.030,1.710)
  PASS-C(FR) | item= 873 FR zone=0 dims=(0.50x0.78x0.53) min_z=0.000 → xyz=(3.730,2.670,1.710)
  PASS-C(FR) | item= 235 FR zone=0 dims=(0.48x0.76x0.47) min_z=0.000 → xyz=(2.170,3.570,1.790)
  PASS-C(FR) | item= 150 FR zone=0 dims=(0.38x0.50x0.71) min_z=0.000 → xyz=(1.190,3.740,1.170)
  PASS-C(FR) | item= 108 FR zone=0 dims=(0.59x0.80x0.48) min_z=0.000 → xyz=(1.815,1.930,1.840)
  PASS-C(FR) | item= 922 FR zone=0 dims=(0.50x0.54x1.08) min_z=0.000 → xyz=(1.680,3.330,1.910)
  PASS-C(FR) | item= 100 FR zone=0 dims=(0.42x0.50x0.74) min_z=0.000 → xyz=(1.990,1.240,1.650)
  PASS-C(FR) | item= 773 FR zone=0 dims=(0.42x0.50x0.74) min_z=0.000 → xyz=(3.770,2.030,1.710)
  PASS-C(FR) | item= 849 FR zone=0 dims=(0.80x0.55x0.48) min_z=0.000 → xyz=(2.510,2.595,2.020)
  PASS-C(FR) | item= 716 FR zone=0 dims=(0.48x0.56x0.80) min_z=0.000 → xyz=(2.350,1.810,2.180)
  PASS-C(FR) | item= 647 FR zone=0 dims=(0.56x0.79x0.52) min_z=0.000 → xyz=(3.190,2.675,2.180)
  PASS-C(FR) | item= 382 FR zone=0 dims=(0.38x0.50x1.13) min_z=0.000 → xyz=(3.220,3.320,1.720)
  PASS-C(FR) | item= 750 FR zone=0 dims=(0.81x0.46x0.64) min_z=0.000 → xyz=(2.995,2.010,2.240)
  PASS-C(FR) | item= 152 FR zone=0 dims=(0.50x0.80x0.59) min_z=0.000 → xyz=(3.720,2.680,2.240)
  PASS-C(FR) | item=  80 FR zone=0 dims=(0.51x1.08x0.54) min_z=0.000 → xyz=(2.185,3.410,2.260)
  PASS-C(FR) | item=  12 FR zone=0 dims=(0.52x0.57x0.79) min_z=0.000 → xyz=(1.260,1.275,2.210)
  PASS-C(FR) | item= 271 FR zone=0 dims=(0.46x1.15x0.63) min_z=0.000 → xyz=(1.750,2.065,2.320)
  PASS-C(FR) | item= 360 FR zone=0 dims=(0.52x0.80x0.59) min_z=0.000 → xyz=(1.260,2.590,2.270)
  PASS-C(FR) | item= 409 FR zone=0 dims=(1.18x0.78x0.36) min_z=0.000 → xyz=(3.370,1.380,2.340)
  PASS-C(FR) | item= 408 FR zone=0 dims=(0.80x0.40x0.55) min_z=0.000 → xyz=(1.400,3.800,1.910)
  PASS-C(FR) | item= 332 FR zone=0 dims=(1.17x0.78x0.26) min_z=0.000 → xyz=(3.175,1.380,2.700)
  PASS-C(FR) | item= 810 FR zone=0 dims=(1.07x0.48x0.54) min_z=0.000 → xyz=(2.055,1.230,2.390)
  PASS-C(FR) | item= 900 FR zone=0 dims=(0.36x0.43x1.14) min_z=0.000 → xyz=(3.210,3.785,1.720)
  PASS-C(FR) | item= 995 FR zone=0 dims=(0.43x1.06x0.54) min_z=0.000 → xyz=(2.655,3.400,2.270)
  PASS-C(FR) | item= 828 FR zone=0 dims=(0.56x0.20x1.09) min_z=0.000 → xyz=(3.690,3.180,1.710)
  PASS-C(FR) | item= 784 FR zone=0 dims=(1.09x0.55x0.20) min_z=0.000 → xyz=(2.525,2.515,2.700)
  PASS-C(FR) | item= 182 FR zone=0 dims=(1.09x0.56x0.21) min_z=0.000 → xyz=(3.455,3.720,2.790) [FALLBACK]
  PASS-C(FR) | item= 311 FR zone=0 dims=(1.16x0.41x0.38) min_z=0.000 → xyz=(3.420,3.795,2.620) [FALLBACK]
  PASS-C(FR) | item= 840 FR zone=0 dims=(1.18x0.40x0.40) min_z=0.000 → xyz=(3.410,3.800,2.600) [FALLBACK]
  PASS-C(FR) | item= 821 FR zone=0 dims=(1.17x0.40x0.40) min_z=0.000 → xyz=(3.415,3.800,2.600) [FALLBACK]
  PASS-C(FR) | item= 924 FR zone=0 dims=(0.79x0.41x0.56) min_z=0.000 → xyz=(3.605,3.795,2.440) [FALLBACK]
  PASS-C(FR) | item= 998 FR zone=0 dims=(1.05x0.77x0.30) min_z=0.000 → xyz=(3.475,3.615,2.700) [FALLBACK]
  PASS-C(FR) | item= 954 FR zone=0 dims=(0.85x0.68x0.39) min_z=0.000 → xyz=(3.575,3.660,2.610) [FALLBACK]
  PASS-C(FR) | item= 860 FR zone=0 dims=(1.05x0.61x0.23) min_z=0.000 → xyz=(3.475,3.695,2.770) [FALLBACK]
  PASS-C(FR) | item= 767 FR zone=0 dims=(1.17x0.42x0.37) min_z=0.000 → xyz=(3.415,3.790,2.630) [FALLBACK]
  PASS-C(FR) | item= 473 FR zone=0 dims=(0.33x0.33x0.78) min_z=0.000 → xyz=(1.165,3.225,2.160)
  PASS-C(FR) | item= 161 FR zone=0 dims=(0.79x0.33x0.33) min_z=0.000 → xyz=(1.395,3.765,2.460)
  PASS-C(FR) | item= 303 FR zone=0 dims=(0.78x0.33x0.33) min_z=0.000 → xyz=(3.610,3.835,2.670) [FALLBACK]
  PASS-C(FR) | item= 218 FR zone=0 dims=(1.17x0.40x0.42) min_z=0.000 → xyz=(3.415,3.800,2.580) [FALLBACK]
  PASS-C(FR) | item= 151 FR zone=0 dims=(1.14x0.46x0.47) min_z=0.000 → xyz=(3.430,3.770,2.530) [FALLBACK]
  PASS-C(FR) | item= 977 FR zone=0 dims=(1.18x0.79x0.55) min_z=0.000 → xyz=(3.410,3.605,2.450) [FALLBACK]
  PASS-C(FR) | item= 694 FR zone=0 dims=(0.76x0.39x0.56) min_z=0.000 → xyz=(3.620,3.805,2.440) [FALLBACK]
  PASS-C(FR) | item= 725 FR zone=0 dims=(1.14x0.32x0.46) min_z=0.000 → xyz=(3.430,3.840,2.540) [FALLBACK]
  PASS-C(FR) | item= 887 FR zone=0 dims=(1.12x0.48x0.23) min_z=0.000 → xyz=(3.440,3.760,2.770) [FALLBACK]
  PASS-C(FR) | item= 903 FR zone=0 dims=(1.18x0.39x0.44) min_z=0.000 → xyz=(3.410,3.805,2.560) [FALLBACK]
  PASS-C(FR) | item= 934 FR zone=0 dims=(1.12x0.46x0.44) min_z=0.000 → xyz=(3.440,3.770,2.560) [FALLBACK]
  PASS-C(FR) | item= 693 FR zone=0 dims=(1.18x0.78x0.51) min_z=0.000 → xyz=(3.410,3.610,2.490) [FALLBACK]
  PASS-C(FR) | item= 876 FR zone=0 dims=(1.18x0.40x0.41) min_z=0.000 → xyz=(3.410,3.800,2.590) [FALLBACK]
  PASS-C(FR) | item= 289 FR zone=0 dims=(1.18x0.79x0.55) min_z=0.000 → xyz=(3.410,3.605,2.450) [FALLBACK]
  PASS-C(FR) | item= 543 FR zone=0 dims=(0.78x0.53x0.38) min_z=0.000 → xyz=(3.610,3.735,2.620) [FALLBACK]
  PASS-C(FR) | item= 699 FR zone=0 dims=(0.74x0.51x0.65) min_z=0.000 → xyz=(3.630,3.745,2.350) [FALLBACK]
  PASS-C(FR) | item=  51 FR zone=0 dims=(1.19x0.79x0.56) min_z=0.000 → xyz=(3.405,3.605,2.440) [FALLBACK]
  PASS-C(FR) | item= 375 FR zone=1 dims=(0.21x0.76x1.18) min_z=0.000 → xyz=(8.895,1.370,0.000)
  PASS-C(FR) | item= 179 FR zone=1 dims=(0.50x0.76x0.73) min_z=0.000 → xyz=(6.250,2.830,1.170)
  PASS-C(FR) | item= 346 FR zone=1 dims=(0.50x0.75x0.75) min_z=0.000 → xyz=(6.250,3.585,1.180)
  PASS-C(FR) | item= 299 FR zone=1 dims=(0.48x0.58x0.79) min_z=0.000 → xyz=(8.070,2.860,0.800)
  PASS-C(FR) | item= 601 FR zone=1 dims=(0.47x0.62x0.75) min_z=0.000 → xyz=(6.735,3.690,1.180)
  PASS-C(FR) | item= 420 FR zone=1 dims=(0.47x0.78x0.55) min_z=0.000 → xyz=(6.235,1.380,1.280)
  PASS-C(FR) | item= 956 FR zone=1 dims=(0.53x0.77x0.65) min_z=0.000 → xyz=(7.875,1.375,1.310)
  PASS-C(FR) | item=  98 FR zone=1 dims=(0.54x0.54x0.78) min_z=0.000 → xyz=(8.580,2.050,1.370)
  PASS-C(FR) | item= 367 FR zone=1 dims=(0.53x0.53x0.78) min_z=0.000 → xyz=(6.735,1.255,1.390)
  PASS-C(FR) | item=  84 FR zone=1 dims=(0.53x0.53x0.78) min_z=0.000 → xyz=(8.095,2.835,1.590)
  PASS-C(FR) | item= 159 FR zone=1 dims=(0.78x0.49x1.16) min_z=0.000 → xyz=(6.380,2.185,1.630)
  PASS-C(FR) | item= 177 FR zone=1 dims=(0.78x0.53x0.49) min_z=0.000 → xyz=(8.530,1.255,1.710)
  PASS-C(FR) | item=  23 FR zone=1 dims=(0.54x0.56x0.78) min_z=0.000 → xyz=(7.270,1.270,1.710)
  PASS-C(FR) | item= 986 FR zone=1 dims=(0.50x0.79x0.56) min_z=0.000 → xyz=(7.700,2.155,1.740)
  PASS-C(FR) | item= 459 FR zone=1 dims=(0.50x0.54x1.08) min_z=0.000 → xyz=(6.240,2.700,1.900)
  PASS-C(FR) | item= 188 FR zone=1 dims=(0.53x0.79x0.55) min_z=0.000 → xyz=(6.255,3.365,1.930)
  PASS-C(FR) | item= 103 FR zone=1 dims=(0.48x0.80x0.55) min_z=0.000 → xyz=(6.230,1.390,1.830)
  PASS-C(FR) | item= 497 FR zone=1 dims=(0.48x0.56x0.80) min_z=0.000 → xyz=(6.760,3.660,1.930)
  PASS-C(FR) | item= 234 FR zone=1 dims=(0.52x0.56x0.79) min_z=0.000 → xyz=(7.800,1.270,1.960)
  PASS-C(FR) | item= 115 FR zone=1 dims=(0.50x0.80x0.59) min_z=0.000 → xyz=(8.310,1.920,2.150)
  PASS-C(FR) | item= 937 FR zone=1 dims=(0.48x0.58x0.80) min_z=0.000 → xyz=(6.710,1.280,2.170)
  PASS-C(FR) | item= 236 FR zone=1 dims=(1.09x0.54x0.51) min_z=0.000 → xyz=(7.495,1.820,2.300)
  PASS-C(FR) | item= 224 FR zone=1 dims=(0.51x1.08x0.54) min_z=0.000 → xyz=(7.025,2.630,2.310)
  PASS-C(FR) | item= 455 FR zone=1 dims=(0.51x1.08x0.54) min_z=0.000 → xyz=(7.535,2.630,2.310)
  PASS-C(FR) | item= 611 FR zone=1 dims=(0.46x1.15x0.63) min_z=0.000 → xyz=(8.590,2.895,2.350)
  PASS-C(FR) | item= 521 FR zone=1 dims=(0.31x1.14x0.78) min_z=0.000 → xyz=(8.715,1.560,2.200)
  PASS-C(FR) | item= 783 FR zone=1 dims=(1.18x0.79x0.31) min_z=0.000 → xyz=(7.590,3.565,2.350)
  PASS-C(FR) | item=  99 FR zone=1 dims=(0.50x1.10x0.27) min_z=0.000 → xyz=(8.040,2.870,2.660)
  PASS-C(FR) | item= 605 FR zone=1 dims=(1.10x0.50x0.27) min_z=0.000 → xyz=(7.550,3.670,2.660)
  PASS-C(FR) | item= 351 FR zone=1 dims=(1.07x0.54x0.48) min_z=0.000 → xyz=(6.535,3.730,2.520) [FALLBACK]
  PASS-C(FR) | item= 508 FR zone=1 dims=(0.43x0.36x1.14) min_z=0.000 → xyz=(6.685,1.750,1.680)
  PASS-C(FR) | item=  52 FR zone=1 dims=(1.18x0.78x0.33) min_z=0.000 → xyz=(6.590,3.610,2.670) [FALLBACK]
  PASS-C(FR) | item= 320 FR zone=1 dims=(1.16x0.37x0.50) min_z=0.000 → xyz=(6.580,3.815,2.500) [FALLBACK]
  PASS-C(FR) | item= 325 FR zone=1 dims=(0.79x0.52x0.52) min_z=0.000 → xyz=(6.395,3.740,2.480) [FALLBACK]
  PASS-C(FR) | item= 851 FR zone=1 dims=(1.17x0.40x0.40) min_z=0.000 → xyz=(6.585,3.800,2.600) [FALLBACK]
  PASS-C(FR) | item= 862 FR zone=1 dims=(1.18x0.40x0.40) min_z=0.000 → xyz=(6.590,3.800,2.600) [FALLBACK]
  PASS-C(FR) | item= 885 FR zone=1 dims=(1.18x0.40x0.40) min_z=0.000 → xyz=(6.590,3.800,2.600) [FALLBACK]
  PASS-C(FR) | item= 677 FR zone=1 dims=(1.12x0.44x0.39) min_z=0.000 → xyz=(6.560,3.780,2.610) [FALLBACK]
  PASS-C(FR) | item= 972 FR zone=1 dims=(0.95x0.64x0.35) min_z=0.000 → xyz=(6.566,3.680,2.650) [FALLBACK]
  PASS-C(FR) | item= 877 FR zone=1 dims=(1.09x0.64x0.23) min_z=0.000 → xyz=(6.585,3.680,2.770) [FALLBACK]
  PASS-C(FR) | item= 447 FR zone=1 dims=(0.23x0.61x1.05) min_z=0.000 → xyz=(6.635,2.735,1.930)
  PASS-C(FR) | item= 425 FR zone=1 dims=(0.33x0.33x0.79) min_z=0.000 → xyz=(8.785,3.665,1.140)
  PASS-C(FR) | item= 395 FR zone=1 dims=(0.33x0.81x0.59) min_z=0.000 → xyz=(6.155,1.395,2.380)
  PASS-C(FR) | item= 879 FR zone=1 dims=(0.33x0.33x0.78) min_z=0.000 → xyz=(8.785,3.665,1.930)
  PASS-C(FR) | item=  63 FR zone=1 dims=(0.33x0.33x0.78) min_z=0.000 → xyz=(8.225,1.155,2.200)
  PASS-C(FR) | item=  39 FR zone=1 dims=(0.78x0.33x0.34) min_z=0.000 → xyz=(6.448,3.835,2.660) [FALLBACK]
  PASS-C(FR) | item= 805 FR zone=1 dims=(1.17x0.40x0.42) min_z=0.000 → xyz=(6.585,3.800,2.580) [FALLBACK]
  PASS-C(FR) | item= 295 FR zone=1 dims=(1.18x0.39x0.43) min_z=0.000 → xyz=(6.590,3.805,2.570) [FALLBACK]
  PASS-C(FR) | item= 648 FR zone=1 dims=(1.11x0.47x0.44) min_z=0.000 → xyz=(6.555,3.765,2.560) [FALLBACK]
  PASS-C(FR) | item= 927 FR zone=1 dims=(1.11x0.48x0.43) min_z=0.000 → xyz=(6.555,3.760,2.570) [FALLBACK]
  PASS-C(FR) | item=  14 FR zone=1 dims=(1.12x0.44x0.59) min_z=0.000 → xyz=(6.560,3.780,2.410) [FALLBACK]
  PASS-C(FR) | item=  60 FR zone=1 dims=(1.17x0.79x0.51) min_z=0.000 → xyz=(6.585,3.605,2.490) [FALLBACK]
  PASS-C(FR) | item= 191 FR zone=1 dims=(0.83x0.67x0.38) min_z=0.000 → xyz=(6.415,3.665,2.620) [FALLBACK]
  PASS-C(FR) | item= 104 FR zone=1 dims=(1.18x0.78x0.51) min_z=0.000 → xyz=(6.590,3.610,2.490) [FALLBACK]
  PASS-C(FR) | item= 131 FR zone=1 dims=(1.18x0.40x0.41) min_z=0.000 → xyz=(6.590,3.800,2.590) [FALLBACK]
  PASS-C(FR) | item= 675 FR zone=1 dims=(1.18x0.80x0.56) min_z=0.000 → xyz=(6.590,3.600,2.440) [FALLBACK]
  PASS-C(FR) | item= 170 FR zone=1 dims=(1.18x0.79x0.55) min_z=0.000 → xyz=(6.590,3.605,2.450) [FALLBACK]
  PASS-C(FR) | item= 633 FR zone=1 dims=(1.19x0.79x0.56) min_z=0.000 → xyz=(6.595,3.605,2.440) [FALLBACK]
  PASS-C(FR) | item= 201 FR zone=2 dims=(0.18x0.76x1.19) min_z=0.000 → xyz=(1.630,6.380,0.680)
  PASS-C(FR) | item= 478 FR zone=2 dims=(0.76x0.50x0.74) min_z=0.000 → xyz=(2.140,6.240,1.300)
  PASS-C(FR) | item= 422 FR zone=2 dims=(0.75x0.50x0.74) min_z=0.000 → xyz=(2.485,7.580,1.320)
  PASS-C(FR) | item= 483 FR zone=2 dims=(0.59x0.55x0.79) min_z=0.000 → xyz=(3.065,8.675,1.170)
  PASS-C(FR) | item= 494 FR zone=2 dims=(0.76x0.50x0.66) min_z=0.000 → xyz=(2.540,6.740,1.670)
  PASS-C(FR) | item= 372 FR zone=2 dims=(0.38x0.57x0.75) min_z=0.000 → xyz=(3.810,7.125,1.170)
  PASS-C(FR) | item= 562 FR zone=2 dims=(0.50x0.37x0.70) min_z=0.000 → xyz=(1.250,6.645,1.320)
  PASS-C(FR) | item= 141 FR zone=2 dims=(0.54x0.54x0.78) min_z=0.000 → xyz=(3.190,7.110,1.710)
  PASS-C(FR) | item= 778 FR zone=2 dims=(0.53x0.53x0.78) min_z=0.000 → xyz=(1.825,7.945,1.740)
  PASS-C(FR) | item= 766 FR zone=2 dims=(0.53x0.53x0.78) min_z=0.000 → xyz=(1.265,8.095,1.900)
  PASS-C(FR) | item= 855 FR zone=2 dims=(0.78x0.49x1.16) min_z=0.000 → xyz=(1.390,8.735,1.710)
  PASS-C(FR) | item= 105 FR zone=2 dims=(0.53x0.49x0.78) min_z=0.000 → xyz=(2.785,6.235,1.700)
  PASS-C(FR) | item= 797 FR zone=2 dims=(0.54x0.56x0.78) min_z=0.000 → xyz=(3.730,7.120,1.920)
  PASS-C(FR) | item= 720 FR zone=2 dims=(0.59x0.48x0.80) min_z=0.000 → xyz=(3.155,7.620,1.710)
  PASS-C(FR) | item= 834 FR zone=2 dims=(0.79x0.55x0.53) min_z=0.000 → xyz=(3.445,6.265,1.960)
  PASS-C(FR) | item= 908 FR zone=2 dims=(0.55x0.49x0.79) min_z=0.000 → xyz=(3.045,8.625,1.960)
  PASS-C(FR) | item= 631 FR zone=2 dims=(0.57x0.52x0.79) min_z=0.000 → xyz=(1.285,6.250,2.020)
  PASS-C(FR) | item= 809 FR zone=2 dims=(0.80x0.48x0.59) min_z=0.000 → xyz=(1.970,6.230,2.040)
  PASS-C(FR) | item= 714 FR zone=2 dims=(0.55x0.52x0.79) min_z=0.000 → xyz=(1.275,6.770,2.020)
  PASS-C(FR) | item= 944 FR zone=2 dims=(0.60x0.53x0.78) min_z=0.000 → xyz=(2.410,7.255,2.060)
  PASS-C(FR) | item= 340 FR zone=2 dims=(0.64x0.46x0.81) min_z=0.000 → xyz=(2.430,7.750,2.070)
  PASS-C(FR) | item= 697 FR zone=2 dims=(0.51x1.09x0.54) min_z=0.000 → xyz=(3.705,7.945,2.270)
  PASS-C(FR) | item= 661 FR zone=2 dims=(0.54x1.08x0.51) min_z=0.000 → xyz=(1.840,7.010,2.400)
  PASS-C(FR) | item= 866 FR zone=2 dims=(1.08x0.54x0.51) min_z=0.000 → xyz=(2.910,6.260,2.490)
  PASS-C(FR) | item= 603 FR zone=2 dims=(0.53x0.43x0.78) min_z=0.000 → xyz=(3.015,8.075,2.070)
  PASS-C(FR) | item=  56 FR zone=2 dims=(0.53x0.97x0.52) min_z=0.000 → xyz=(2.355,8.465,2.350)
  PASS-C(FR) | item= 374 FR zone=2 dims=(0.67x1.12x0.49) min_z=0.000 → xyz=(3.085,7.090,2.510)
  PASS-C(FR) | item= 588 FR zone=2 dims=(1.13x0.48x0.66) min_z=0.000 → xyz=(3.435,6.240,2.340) [FALLBACK]
  PASS-C(FR) | item= 272 FR zone=2 dims=(1.07x0.54x0.47) min_z=0.000 → xyz=(3.465,6.270,2.530) [FALLBACK]
  PASS-C(FR) | item= 335 FR zone=2 dims=(1.07x0.54x0.43) min_z=0.000 → xyz=(3.465,6.270,2.570) [FALLBACK]
  PASS-C(FR) | item= 689 FR zone=2 dims=(1.18x0.78x0.33) min_z=0.000 → xyz=(3.410,6.390,2.670) [FALLBACK]
  PASS-C(FR) | item= 167 FR zone=2 dims=(0.53x0.26x1.10) min_z=0.000 → xyz=(3.685,8.790,1.090)
  PASS-C(FR) | item= 585 FR zone=2 dims=(0.56x1.09x0.29) min_z=0.000 → xyz=(1.280,7.575,2.680)
  PASS-C(FR) | item= 608 FR zone=2 dims=(1.09x0.56x0.21) min_z=0.000 → xyz=(3.455,6.280,2.790) [FALLBACK]
  PASS-C(FR) | item= 431 FR zone=2 dims=(1.18x0.40x0.40) min_z=0.000 → xyz=(3.410,6.200,2.600) [FALLBACK]
  PASS-C(FR) | item= 243 FR zone=2 dims=(1.17x0.40x0.40) min_z=0.000 → xyz=(3.415,6.200,2.600) [FALLBACK]
  PASS-C(FR) | item=  21 FR zone=2 dims=(0.79x0.41x0.56) min_z=0.000 → xyz=(3.605,6.205,2.440) [FALLBACK]
  PASS-C(FR) | item= 128 FR zone=2 dims=(1.05x0.77x0.30) min_z=0.000 → xyz=(3.475,6.385,2.700) [FALLBACK]
  PASS-C(FR) | item= 561 FR zone=2 dims=(0.85x0.68x0.39) min_z=0.000 → xyz=(3.575,6.340,2.610) [FALLBACK]
  PASS-C(FR) | item=  93 FR zone=2 dims=(1.16x0.42x0.36) min_z=0.000 → xyz=(3.420,6.210,2.640) [FALLBACK]
  PASS-C(FR) | item= 638 FR zone=2 dims=(0.33x0.33x0.79) min_z=0.000 → xyz=(3.585,8.825,2.190)
  PASS-C(FR) | item= 337 FR zone=2 dims=(1.11x0.50x0.44) min_z=0.000 → xyz=(3.445,6.250,2.560) [FALLBACK]
  PASS-C(FR) | item= 793 FR zone=2 dims=(0.33x0.78x0.33) min_z=0.000 → xyz=(1.725,7.940,2.520)
  PASS-C(FR) | item= 427 FR zone=2 dims=(0.78x0.33x0.32) min_z=0.000 → xyz=(1.960,6.155,2.630)
  PASS-C(FR) | item= 381 FR zone=2 dims=(1.18x0.79x0.25) min_z=0.000 → xyz=(3.410,6.395,2.750) [FALLBACK]
  PASS-C(FR) | item=  36 FR zone=2 dims=(1.11x0.47x0.44) min_z=0.000 → xyz=(3.445,6.235,2.560) [FALLBACK]
  PASS-C(FR) | item= 536 FR zone=2 dims=(1.11x0.48x0.43) min_z=0.000 → xyz=(3.445,6.240,2.570) [FALLBACK]
  PASS-C(FR) | item= 538 FR zone=2 dims=(1.12x0.46x0.45) min_z=0.000 → xyz=(3.440,6.230,2.550) [FALLBACK]
  PASS-C(FR) | item= 415 FR zone=2 dims=(0.76x0.39x0.56) min_z=0.000 → xyz=(3.620,6.195,2.440) [FALLBACK]
  PASS-C(FR) | item=  16 FR zone=2 dims=(1.14x0.32x0.46) min_z=0.000 → xyz=(3.430,6.160,2.540) [FALLBACK]
  PASS-C(FR) | item= 488 FR zone=2 dims=(1.12x0.48x0.23) min_z=0.000 → xyz=(3.440,6.240,2.770) [FALLBACK]
  PASS-C(FR) | item= 513 FR zone=2 dims=(1.18x0.39x0.44) min_z=0.000 → xyz=(3.410,6.195,2.560) [FALLBACK]
  PASS-C(FR) | item= 439 FR zone=2 dims=(1.12x0.46x0.44) min_z=0.000 → xyz=(3.440,6.230,2.560) [FALLBACK]
  PASS-C(FR) | item= 963 FR zone=2 dims=(1.18x0.41x0.37) min_z=0.000 → xyz=(3.410,6.205,2.630) [FALLBACK]
  PASS-C(FR) | item= 741 FR zone=2 dims=(1.15x0.32x0.46) min_z=0.000 → xyz=(3.425,6.160,2.540) [FALLBACK]
  PASS-C(FR) | item= 891 FR zone=2 dims=(0.79x0.60x0.58) min_z=0.000 → xyz=(3.605,6.300,2.420) [FALLBACK]
  PASS-C(FR) | item= 651 FR zone=2 dims=(1.13x0.30x0.45) min_z=0.000 → xyz=(3.435,6.150,2.550) [FALLBACK]
  PASS-C(FR) | item= 212 FR zone=2 dims=(1.08x0.44x0.43) min_z=0.000 → xyz=(3.460,6.220,2.570) [FALLBACK]
  PASS-C(FR) | item= 852 FR zone=2 dims=(1.08x0.44x0.43) min_z=0.000 → xyz=(3.460,6.220,2.570) [FALLBACK]
  PASS-C(FR) | item= 990 FR zone=2 dims=(0.74x0.39x0.55) min_z=0.000 → xyz=(3.630,6.195,2.450) [FALLBACK]
  PASS-C(FR) | item= 412 FR zone=2 dims=(0.74x0.51x0.65) min_z=0.000 → xyz=(3.630,6.255,2.350) [FALLBACK]
  PASS-C(FR) | item=  13 FR zone=2 dims=(0.75x0.39x0.56) min_z=0.000 → xyz=(3.625,6.195,2.440) [FALLBACK]
  PASS-C(FR) | item= 111 FR zone=2 dims=(1.18x0.79x0.55) min_z=0.000 → xyz=(3.410,6.395,2.450) [FALLBACK]
  PASS-C(FR) | item= 965 FR zone=3 dims=(0.73x0.50x0.76) min_z=0.000 → xyz=(7.465,7.880,1.090)
  PASS-C(FR) | item= 718 FR zone=3 dims=(0.75x0.50x0.75) min_z=0.000 → xyz=(6.905,7.120,1.170)
  PASS-C(FR) | item= 836 FR zone=3 dims=(0.48x0.58x0.79) min_z=0.000 → xyz=(6.230,7.650,1.170)
  PASS-C(FR) | item=1001 FR zone=3 dims=(0.47x0.62x0.75) min_z=0.000 → xyz=(8.725,8.110,1.180)
  PASS-C(FR) | item= 827 FR zone=3 dims=(0.55x0.47x0.78) min_z=0.000 → xyz=(6.265,8.175,1.170)
  PASS-C(FR) | item= 920 FR zone=3 dims=(0.57x0.38x0.75) min_z=0.000 → xyz=(7.385,8.320,1.170)
  PASS-C(FR) | item= 462 FR zone=3 dims=(0.54x0.54x0.78) min_z=0.000 → xyz=(7.940,7.900,1.890)
  PASS-C(FR) | item= 774 FR zone=3 dims=(0.54x0.54x0.78) min_z=0.000 → xyz=(7.940,8.440,1.890)
  PASS-C(FR) | item= 294 FR zone=3 dims=(0.53x0.52x0.78) min_z=0.000 → xyz=(8.475,8.680,1.890)
  PASS-C(FR) | item= 451 FR zone=3 dims=(0.54x0.51x0.78) min_z=0.000 → xyz=(6.740,7.125,1.920)
  PASS-C(FR) | item= 499 FR zone=3 dims=(0.53x0.50x0.79) min_z=0.000 → xyz=(7.165,8.760,1.820)
  PASS-C(FR) | item= 464 FR zone=3 dims=(0.53x0.50x0.78) min_z=0.000 → xyz=(7.365,7.880,1.850)
  PASS-C(FR) | item= 765 FR zone=3 dims=(0.78x0.49x0.53) min_z=0.000 → xyz=(6.380,6.235,1.900)
  PASS-C(FR) | item= 203 FR zone=3 dims=(0.50x0.56x0.79) min_z=0.000 → xyz=(7.260,7.280,1.920)
  PASS-C(FR) | item= 410 FR zone=3 dims=(0.38x0.49x0.71) min_z=0.000 → xyz=(6.180,7.115,1.520)
  PASS-C(FR) | item= 426 FR zone=3 dims=(0.53x0.55x0.79) min_z=0.000 → xyz=(8.475,8.075,1.930)
  PASS-C(FR) | item= 520 FR zone=3 dims=(0.55x0.49x0.79) min_z=0.000 → xyz=(7.045,6.235,1.900)
  PASS-C(FR) | item= 291 FR zone=3 dims=(0.79x0.52x0.57) min_z=0.000 → xyz=(6.385,8.670,1.930)
  PASS-C(FR) | item= 392 FR zone=3 dims=(0.48x0.59x0.80) min_z=0.000 → xyz=(6.230,7.655,1.960)
  PASS-C(FR) | item= 129 FR zone=3 dims=(0.52x0.55x0.79) min_z=0.000 → xyz=(7.770,7.275,1.970)
  PASS-C(FR) | item= 550 FR zone=3 dims=(0.53x0.60x0.78) min_z=0.000 → xyz=(7.585,6.290,1.990)
  PASS-C(FR) | item= 249 FR zone=3 dims=(0.48x0.80x0.58) min_z=0.000 → xyz=(6.230,6.880,2.230)
  PASS-C(FR) | item= 109 FR zone=3 dims=(0.49x0.80x0.59) min_z=0.000 → xyz=(8.095,6.390,2.260)
  PASS-C(FR) | item= 606 FR zone=3 dims=(0.50x0.80x0.59) min_z=0.000 → xyz=(8.590,6.390,2.260)
  PASS-C(FR) | item= 901 FR zone=3 dims=(1.08x0.54x0.51) min_z=0.000 → xyz=(6.540,6.270,2.490) [FALLBACK]
  PASS-C(FR) | item= 667 FR zone=3 dims=(0.52x0.79x0.57) min_z=0.000 → xyz=(6.730,7.775,2.270)
  PASS-C(FR) | item=1003 FR zone=3 dims=(0.43x0.78x0.53) min_z=0.000 → xyz=(8.245,7.180,2.340)
  PASS-C(FR) | item= 668 FR zone=3 dims=(0.52x0.97x0.53) min_z=0.000 → xyz=(8.720,7.275,2.340)
  PASS-C(FR) | item= 255 FR zone=3 dims=(1.18x0.79x0.31) min_z=0.000 → xyz=(6.580,8.565,2.610)
  PASS-C(FR) | item= 985 FR zone=3 dims=(1.13x0.48x0.66) min_z=0.000 → xyz=(6.565,6.240,2.340) [FALLBACK]
  PASS-C(FR) | item= 698 FR zone=3 dims=(1.07x0.54x0.47) min_z=0.000 → xyz=(6.535,6.270,2.530) [FALLBACK]
  PASS-C(FR) | item= 744 FR zone=3 dims=(1.07x0.54x0.43) min_z=0.000 → xyz=(6.535,6.270,2.570) [FALLBACK]
  PASS-C(FR) | item= 597 FR zone=3 dims=(1.06x0.54x0.43) min_z=0.000 → xyz=(6.530,6.270,2.570) [FALLBACK]
  PASS-C(FR) | item= 247 FR zone=3 dims=(0.56x0.20x1.09) min_z=0.000 → xyz=(7.710,8.810,1.180)
  PASS-C(FR) | item= 297 FR zone=3 dims=(0.20x0.55x1.09) min_z=0.000 → xyz=(8.840,8.695,1.890)
  PASS-C(FR) | item= 318 FR zone=3 dims=(0.66x0.43x0.59) min_z=0.000 → xyz=(6.352,6.215,2.410) [FALLBACK]
  PASS-C(FR) | item= 440 FR zone=3 dims=(1.17x0.40x0.40) min_z=0.000 → xyz=(6.585,6.200,2.600) [FALLBACK]
  PASS-C(FR) | item= 450 FR zone=3 dims=(1.18x0.40x0.40) min_z=0.000 → xyz=(6.590,6.200,2.600) [FALLBACK]
  PASS-C(FR) | item= 484 FR zone=3 dims=(1.18x0.40x0.40) min_z=0.000 → xyz=(6.590,6.200,2.600) [FALLBACK]
  PASS-C(FR) | item= 277 FR zone=3 dims=(1.12x0.44x0.39) min_z=0.000 → xyz=(6.560,6.220,2.610) [FALLBACK]
  PASS-C(FR) | item= 574 FR zone=3 dims=(0.64x0.35x0.95) min_z=0.000 → xyz=(7.330,6.765,1.990)
  PASS-C(FR) | item=  74 FR zone=3 dims=(0.64x1.09x0.23) min_z=0.000 → xyz=(7.490,8.105,2.670)
  PASS-C(FR) | item= 607 FR zone=3 dims=(1.16x0.42x0.36) min_z=0.000 → xyz=(6.580,6.210,2.640) [FALLBACK]
  PASS-C(FR) | item= 310 FR zone=3 dims=(1.17x0.42x0.37) min_z=0.000 → xyz=(6.585,6.210,2.630) [FALLBACK]
  PASS-C(FR) | item= 826 FR zone=3 dims=(1.11x0.50x0.44) min_z=0.000 → xyz=(6.555,6.250,2.560) [FALLBACK]
  PASS-C(FR) | item= 838 FR zone=3 dims=(0.33x0.32x0.78) min_z=0.000 → xyz=(6.635,6.700,1.960)
  PASS-C(FR) | item= 260 FR zone=3 dims=(0.67x1.09x0.26) min_z=0.000 → xyz=(8.145,8.305,2.720)
  PASS-C(FR) | item= 966 FR zone=3 dims=(1.18x0.39x0.43) min_z=0.000 → xyz=(6.590,6.195,2.570) [FALLBACK]
  PASS-C(FR) | item= 578 FR zone=3 dims=(1.18x0.79x0.55) min_z=0.000 → xyz=(6.590,6.395,2.450) [FALLBACK]
  PASS-C(FR) | item= 645 FR zone=3 dims=(1.12x0.44x0.59) min_z=0.000 → xyz=(6.560,6.220,2.410) [FALLBACK]
  PASS-C(FR) | item= 604 FR zone=3 dims=(1.17x0.79x0.51) min_z=0.000 → xyz=(6.585,6.395,2.490) [FALLBACK]
  PASS-C(FR) | item= 309 FR zone=3 dims=(1.18x0.41x0.37) min_z=0.000 → xyz=(6.590,6.205,2.630) [FALLBACK]
  PASS-C(FR) | item= 193 FR zone=3 dims=(1.15x0.32x0.46) min_z=0.000 → xyz=(6.575,6.160,2.540) [FALLBACK]
  PASS-C(FR) | item= 495 FR zone=3 dims=(0.79x0.60x0.58) min_z=0.000 → xyz=(6.395,6.300,2.420) [FALLBACK]
  PASS-C(FR) | item=   8 FR zone=3 dims=(1.13x0.30x0.45) min_z=0.000 → xyz=(6.565,6.150,2.550) [FALLBACK]
  PASS-C(FR) | item= 110 FR zone=3 dims=(1.18x0.80x0.56) min_z=0.000 → xyz=(6.590,6.400,2.440) [FALLBACK]
  PASS-C(FR) | item= 590 FR zone=3 dims=(0.74x0.39x0.55) min_z=0.000 → xyz=(6.480,6.195,2.450) [FALLBACK]
  PASS-C(FR) | item= 683 FR zone=3 dims=(1.18x0.79x0.55) min_z=0.000 → xyz=(6.590,6.395,2.450) [FALLBACK]
  PASS-C(FR) | item= 723 FR zone=3 dims=(1.18x0.79x0.55) min_z=0.000 → xyz=(6.590,6.395,2.450) [FALLBACK]
  PASS-C(FR) | item= 904 FR zone=4 dims=(0.55x0.79x1.18) min_z=3.000 → xyz=(1.275,1.385,3.830)
  PASS-C(FR) | item= 868 FR zone=4 dims=(0.48x0.78x1.18) min_z=3.000 → xyz=(1.630,2.960,3.770)
  PASS-C(FR) | item= 481 FR zone=4 dims=(0.35x0.52x0.76) min_z=3.000 → xyz=(1.780,1.650,3.705)
  PASS-C(FR) | item= 189 FR zone=4 dims=(0.79x0.56x1.18) min_z=3.000 → xyz=(1.395,3.630,4.110)
  PASS-C(FR) | item= 776 FR zone=4 dims=(0.42x0.43x1.08) min_z=3.000 → xyz=(1.830,2.125,3.750)
  PASS-C(FR) | item= 290 FR zone=4 dims=(0.41x0.70x0.77) min_z=3.000 → xyz=(2.245,2.100,3.920)
  PASS-C(FR) | item= 964 FR zone=4 dims=(0.43x0.44x1.07) min_z=3.000 → xyz=(3.275,2.260,4.070)
  PASS-C(FR) | item= 732 FR zone=4 dims=(0.34x0.79x0.79) min_z=3.000 → xyz=(1.170,2.925,3.930)
  PASS-C(FR) | item= 973 FR zone=4 dims=(0.79x0.33x0.78) min_z=3.000 → xyz=(2.625,1.155,4.070)
  PASS-C(FR) | item= 292 FR zone=4 dims=(0.79x0.36x0.78) min_z=3.000 → xyz=(3.485,3.520,4.120)
  PASS-C(FR) | item= 691 FR zone=4 dims=(0.38x0.32x1.18) min_z=3.000 → xyz=(1.395,1.950,3.790)
  PASS-C(FR) | item= 992 FR zone=4 dims=(0.42x0.44x0.58) min_z=3.000 → xyz=(3.700,2.260,4.070)
  PASS-C(FR) | item= 739 FR zone=4 dims=(0.43x0.40x1.11) min_z=3.000 → xyz=(1.765,1.190,4.110)
  PASS-C(FR) | item= 726 FR zone=4 dims=(0.58x0.41x0.66) min_z=3.000 → xyz=(1.290,2.315,4.140)
  PASS-C(FR) | item= 711 FR zone=4 dims=(0.58x0.66x0.41) min_z=3.000 → xyz=(3.360,2.810,4.170)
  PASS-C(FR) | item= 121 FR zone=4 dims=(0.67x0.41x0.58) min_z=3.000 → xyz=(2.315,1.525,4.230)
  PASS-C(FR) | item= 705 FR zone=4 dims=(0.38x0.77x0.57) min_z=3.000 → xyz=(3.210,1.375,4.340)
  PASS-C(FR) | item= 458 FR zone=4 dims=(0.40x0.66x0.58) min_z=3.000 → xyz=(2.650,2.060,4.410)
  PASS-C(FR) | item= 702 FR zone=4 dims=(0.57x0.38x0.66) min_z=3.000 → xyz=(2.735,2.580,4.410)
  PASS-C(FR) | item= 242 FR zone=4 dims=(0.58x0.39x0.78) min_z=3.000 → xyz=(3.690,1.725,4.430)
  PASS-C(FR) | item= 724 FR zone=4 dims=(0.58x0.38x0.66) min_z=3.000 → xyz=(3.690,1.180,4.570)
  PASS-C(FR) | item= 881 FR zone=4 dims=(0.54x0.59x1.15) min_z=3.000 → xyz=(3.380,2.775,4.580)
  PASS-C(FR) | item=  89 FR zone=4 dims=(0.39x0.78x1.17) min_z=3.000 → xyz=(2.235,2.120,4.690)
  PASS-C(FR) | item=  94 FR zone=4 dims=(0.33x0.60x0.78) min_z=3.000 → xyz=(3.825,2.860,4.080)
  PASS-C(FR) | item= 198 FR zone=4 dims=(0.42x0.35x1.11) min_z=3.000 → xyz=(1.760,1.565,4.465)
  PASS-C(FR) | item= 261 FR zone=4 dims=(0.35x0.49x0.96) min_z=3.000 → xyz=(3.665,2.235,4.650)
  PASS-C(FR) | item= 354 FR zone=4 dims=(0.40x0.26x0.89) min_z=3.000 → xyz=(3.700,3.830,3.710)
  PASS-C(FR) | item= 596 FR zone=4 dims=(0.36x0.79x0.59) min_z=3.000 → xyz=(1.180,2.915,4.720)
  PASS-C(FR) | item=  87 FR zone=4 dims=(0.47x0.35x1.11) min_z=3.000 → xyz=(1.235,2.285,4.800)
  PASS-C(FR) | item= 898 FR zone=4 dims=(1.18x0.54x0.59) min_z=3.000 → xyz=(2.570,1.260,4.910)
  PASS-C(FR) | item= 308 FR zone=4 dims=(0.34x0.75x0.47) min_z=3.000 → xyz=(1.755,2.115,4.830)
  PASS-C(FR) | item= 943 FR zone=4 dims=(0.52x0.71x0.40) min_z=3.000 → xyz=(3.370,3.425,4.900)
  PASS-C(FR) | item= 361 FR zone=4 dims=(0.52x0.40x0.71) min_z=3.000 → xyz=(3.110,1.730,4.910)
  PASS-C(FR) | item= 687 FR zone=4 dims=(0.56x0.77x0.40) min_z=3.000 → xyz=(1.640,2.875,4.950)
  PASS-C(FR) | item= 541 FR zone=4 dims=(0.52x0.28x1.05) min_z=3.000 → xyz=(2.180,2.650,4.170)
  PASS-C(FR) | item= 333 FR zone=4 dims=(0.36x0.54x0.41) min_z=3.000 → xyz=(3.830,2.750,4.860)
  PASS-C(FR) | item=  31 FR zone=4 dims=(0.39x0.58x0.56) min_z=3.000 → xyz=(2.625,1.820,4.990)
  PASS-C(FR) | item= 400 FR zone=4 dims=(0.30x0.79x0.59) min_z=3.000 → xyz=(3.800,3.415,4.900)
  PASS-C(FR) | item= 230 FR zone=4 dims=(0.45x0.97x0.43) min_z=3.000 → xyz=(2.675,3.255,5.000)
  PASS-C(FR) | item= 168 FR zone=4 dims=(0.53x0.79x0.55) min_z=3.000 → xyz=(2.185,3.185,5.000)
  PASS-C(FR) | item= 301 FR zone=4 dims=(0.40x0.33x0.53) min_z=3.000 → xyz=(1.200,1.945,4.970)
  PASS-C(FR) | item= 251 FR zone=4 dims=(0.43x0.42x0.76) min_z=3.000 → xyz=(2.135,3.790,5.000)
  PASS-C(FR) | item= 751 FR zone=4 dims=(0.42x0.77x0.43) min_z=3.000 → xyz=(1.200,1.375,5.010)
  PASS-C(FR) | item= 445 FR zone=4 dims=(0.41x0.41x0.75) min_z=3.000 → xyz=(2.645,2.315,5.070)
  PASS-C(FR) | item= 245 FR zone=4 dims=(0.50x0.54x0.32) min_z=3.000 → xyz=(3.100,2.200,5.140)
  PASS-C(FR) | item= 312 FR zone=4 dims=(0.57x0.25x0.30) min_z=3.000 → xyz=(2.735,3.865,5.000)
  PASS-C(FR) | item= 406 FR zone=4 dims=(0.26x0.55x0.67) min_z=3.000 → xyz=(3.530,1.645,5.210)
  PASS-C(FR) | item= 533 FR zone=5 dims=(0.43x0.44x1.10) min_z=3.000 → xyz=(7.375,3.400,3.710)
  PASS-C(FR) | item= 114 FR zone=5 dims=(0.39x0.41x1.19) min_z=3.000 → xyz=(7.425,2.365,3.670)
  PASS-C(FR) | item= 537 FR zone=5 dims=(0.56x0.41x0.69) min_z=3.000 → xyz=(6.535,2.635,3.690)
  PASS-C(FR) | item= 522 FR zone=5 dims=(0.79x0.55x1.18) min_z=3.000 → xyz=(7.205,1.795,3.780)
  PASS-C(FR) | item= 136 FR zone=5 dims=(0.53x1.18x0.78) min_z=3.000 → xyz=(7.885,2.890,4.000)
  PASS-C(FR) | item= 149 FR zone=5 dims=(0.39x0.62x0.40) min_z=3.000 → xyz=(7.795,1.810,3.850)
  PASS-C(FR) | item= 819 FR zone=5 dims=(0.40x0.39x0.62) min_z=3.000 → xyz=(8.350,2.495,3.900)
  PASS-C(FR) | item= 259 FR zone=5 dims=(0.42x0.43x1.07) min_z=3.000 → xyz=(6.900,3.625,3.930)
  PASS-C(FR) | item= 960 FR zone=5 dims=(0.53x0.78x1.18) min_z=3.000 → xyz=(8.625,3.490,4.020)
  PASS-C(FR) | item= 446 FR zone=5 dims=(0.34x0.35x1.01) min_z=3.000 → xyz=(8.840,1.775,3.665)
  PASS-C(FR) | item= 364 FR zone=5 dims=(0.42x0.43x1.08) min_z=3.000 → xyz=(6.200,3.055,4.060)
  PASS-C(FR) | item= 861 FR zone=5 dims=(0.34x0.34x1.02) min_z=3.000 → xyz=(7.600,1.160,3.780)
  PASS-C(FR) | item= 569 FR zone=5 dims=(0.44x0.43x1.07) min_z=3.000 → xyz=(6.210,3.485,4.080)
  PASS-C(FR) | item= 794 FR zone=5 dims=(0.42x0.40x0.58) min_z=3.000 → xyz=(8.360,2.890,4.000)
  PASS-C(FR) | item= 748 FR zone=5 dims=(0.40x0.35x1.19) min_z=3.000 → xyz=(6.450,2.245,3.830)
  PASS-C(FR) | item= 785 FR zone=5 dims=(0.40x0.58x0.42) min_z=3.000 → xyz=(6.190,1.280,4.050)
  PASS-C(FR) | item= 282 FR zone=5 dims=(0.33x0.79x0.78) min_z=3.000 → xyz=(8.835,2.345,4.130)
  PASS-C(FR) | item= 433 FR zone=5 dims=(0.79x0.34x0.78) min_z=3.000 → xyz=(6.385,1.740,4.160)
  PASS-C(FR) | item= 227 FR zone=5 dims=(0.32x0.38x1.18) min_z=3.000 → xyz=(8.430,1.180,3.870)
  PASS-C(FR) | item= 542 FR zone=5 dims=(0.42x0.44x0.59) min_z=3.000 → xyz=(6.640,3.160,4.110)
  PASS-C(FR) | item=  38 FR zone=5 dims=(0.42x0.58x0.45) min_z=3.000 → xyz=(6.600,1.280,4.170)
  PASS-C(FR) | item= 324 FR zone=5 dims=(0.42x0.60x0.46) min_z=3.000 → xyz=(7.060,2.870,4.170)
  PASS-C(FR) | item= 435 FR zone=5 dims=(0.42x0.58x0.67) min_z=3.000 → xyz=(8.200,1.790,4.220)
  PASS-C(FR) | item= 120 FR zone=5 dims=(0.42x0.58x0.66) min_z=3.000 → xyz=(8.800,1.280,4.270)
  PASS-C(FR) | item= 650 FR zone=5 dims=(0.58x0.41x0.67) min_z=3.000 → xyz=(7.910,3.685,4.370)
  PASS-C(FR) | item= 369 FR zone=5 dims=(0.58x0.41x0.66) min_z=3.000 → xyz=(6.940,2.275,4.380)
  PASS-C(FR) | item= 869 FR zone=5 dims=(0.66x0.40x0.58) min_z=3.000 → xyz=(6.320,2.620,4.380)
  PASS-C(FR) | item= 206 FR zone=5 dims=(0.24x0.58x0.77) min_z=3.000 → xyz=(6.550,3.670,4.080)
  PASS-C(FR) | item= 479 FR zone=5 dims=(0.37x0.79x0.79) min_z=3.000 → xyz=(7.805,1.895,4.250)
  PASS-C(FR) | item=   9 FR zone=5 dims=(0.44x0.57x0.77) min_z=3.000 → xyz=(8.370,2.365,4.520)
  PASS-C(FR) | item= 246 FR zone=5 dims=(0.38x0.58x0.66) min_z=3.000 → xyz=(6.180,1.280,4.470)
  PASS-C(FR) | item= 734 FR zone=5 dims=(0.58x0.38x0.67) min_z=3.000 → xyz=(7.100,1.180,4.570)
  PASS-C(FR) | item= 659 FR zone=5 dims=(0.39x0.78x1.17) min_z=3.000 → xyz=(6.845,2.870,4.700)
  PASS-C(FR) | item= 975 FR zone=5 dims=(0.33x0.60x0.78) min_z=3.000 → xyz=(7.435,2.870,4.090)
  PASS-C(FR) | item= 602 FR zone=5 dims=(0.54x0.60x1.18) min_z=3.000 → xyz=(7.870,2.870,4.780)
  PASS-C(FR) | item= 880 FR zone=5 dims=(0.49x0.41x0.87) min_z=3.000 → xyz=(8.395,2.855,4.580)
  PASS-C(FR) | item= 352 FR zone=5 dims=(1.18x0.60x0.54) min_z=3.000 → xyz=(6.960,1.670,4.960)
  PASS-C(FR) | item= 818 FR zone=5 dims=(0.53x0.40x0.70) min_z=3.000 → xyz=(7.815,1.190,4.800)
  PASS-C(FR) | item= 465 FR zone=5 dims=(0.40x0.71x0.52) min_z=3.000 → xyz=(7.310,3.525,4.810)
  PASS-C(FR) | item= 788 FR zone=5 dims=(0.47x0.34x0.75) min_z=3.000 → xyz=(8.775,1.770,4.675)
  PASS-C(FR) | item= 101 FR zone=5 dims=(0.40x0.52x0.70) min_z=3.000 → xyz=(7.240,2.740,4.870)
  PASS-C(FR) | item= 514 FR zone=5 dims=(0.40x0.70x0.52) min_z=3.000 → xyz=(8.280,1.720,4.890)
  PASS-C(FR) | item= 686 FR zone=5 dims=(0.37x0.58x0.78) min_z=3.000 → xyz=(8.815,2.240,4.910)
  PASS-C(FR) | item= 192 FR zone=5 dims=(0.38x0.53x0.76) min_z=3.000 → xyz=(8.780,1.255,4.930)
  PASS-C(FR) | item= 909 FR zone=5 dims=(0.58x0.39x0.56) min_z=3.000 → xyz=(6.280,2.615,4.960)
  PASS-C(FR) | item=  92 FR zone=5 dims=(0.35x0.59x0.78) min_z=3.000 → xyz=(6.605,3.555,5.000)
  PASS-C(FR) | item= 313 FR zone=5 dims=(0.33x0.51x0.53) min_z=3.000 → xyz=(7.395,2.225,4.960)
  PASS-C(FR) | item= 902 FR zone=5 dims=(0.53x0.40x0.51) min_z=3.000 → xyz=(6.255,2.170,5.020)
  PASS-C(FR) | item=  45 FR zone=5 dims=(0.39x0.54x0.51) min_z=3.000 → xyz=(7.745,1.660,5.040)
  PASS-C(FR) | item= 580 FR zone=5 dims=(0.40x0.32x0.52) min_z=3.000 → xyz=(6.570,1.150,4.620)
  PASS-C(FR) | item= 945 FR zone=5 dims=(0.78x0.17x1.14) min_z=3.000 → xyz=(7.900,3.255,4.810)
  PASS-C(FR) | item= 653 FR zone=5 dims=(0.51x0.55x0.79) min_z=3.000 → xyz=(7.815,2.205,5.040)
  PASS-C(FR) | item= 858 FR zone=5 dims=(0.41x0.41x0.75) min_z=3.000 → xyz=(6.725,2.175,5.040)
  PASS-C(FR) | item= 865 FR zone=5 dims=(0.32x0.53x0.51) min_z=3.000 → xyz=(6.940,3.525,5.000)
  PASS-C(FR) | item= 453 FR zone=5 dims=(0.47x0.22x0.66) min_z=3.000 → xyz=(7.745,3.450,5.040)
  PASS-C(FR) | item= 328 FR zone=5 dims=(0.45x0.22x0.65) min_z=3.000 → xyz=(7.735,3.670,5.040)
  PASS-C(FR) | item= 949 FR zone=6 dims=(0.43x0.44x1.10) min_z=3.000 → xyz=(3.565,6.210,3.770)
  PASS-C(FR) | item= 829 FR zone=6 dims=(0.41x0.39x1.19) min_z=3.000 → xyz=(2.975,7.265,3.610)
  PASS-C(FR) | item= 326 FR zone=6 dims=(0.56x0.78x1.18) min_z=3.000 → xyz=(3.530,8.590,3.970)
  PASS-C(FR) | item= 515 FR zone=6 dims=(0.55x0.79x1.18) min_z=3.000 → xyz=(2.335,6.385,3.990)
  PASS-C(FR) | item= 457 FR zone=6 dims=(0.78x0.48x1.18) min_z=3.000 → xyz=(1.390,6.230,4.040)
  PASS-C(FR) | item= 507 FR zone=6 dims=(0.78x0.53x1.18) min_z=3.000 → xyz=(3.570,7.455,4.040)
  PASS-C(FR) | item= 173 FR zone=6 dims=(0.79x0.33x0.78) min_z=3.000 → xyz=(1.915,7.425,3.980)
  PASS-C(FR) | item= 287 FR zone=6 dims=(0.43x0.42x1.10) min_z=3.000 → xyz=(1.215,7.130,3.870)
  PASS-C(FR) | item= 803 FR zone=6 dims=(0.41x0.70x0.77) min_z=3.000 → xyz=(1.205,8.090,4.090)
  PASS-C(FR) | item= 386 FR zone=6 dims=(0.58x0.40x0.42) min_z=3.000 → xyz=(2.900,6.190,3.860)
  PASS-C(FR) | item= 139 FR zone=6 dims=(0.35x0.40x1.19) min_z=3.000 → xyz=(1.935,8.310,3.660)
  PASS-C(FR) | item= 169 FR zone=6 dims=(0.42x0.40x0.58) min_z=3.000 → xyz=(2.360,8.640,3.960)
  PASS-C(FR) | item= 253 FR zone=6 dims=(0.41x0.40x0.57) min_z=3.000 → xyz=(2.395,6.980,3.980)
  PASS-C(FR) | item= 336 FR zone=6 dims=(0.57x0.40x0.41) min_z=3.000 → xyz=(2.895,6.790,4.000)
  PASS-C(FR) | item= 293 FR zone=6 dims=(0.41x0.40x0.57) min_z=3.000 → xyz=(2.775,8.310,4.090)
  PASS-C(FR) | item= 837 FR zone=6 dims=(0.79x0.36x0.78) min_z=3.000 → xyz=(1.395,8.760,4.110)
  PASS-C(FR) | item= 984 FR zone=6 dims=(0.58x0.42x0.44) min_z=3.000 → xyz=(2.860,8.720,4.110)
  PASS-C(FR) | item= 592 FR zone=6 dims=(0.58x0.42x0.44) min_z=3.000 → xyz=(1.810,7.800,4.140)
  PASS-C(FR) | item= 304 FR zone=6 dims=(0.43x0.40x1.11) min_z=3.000 → xyz=(2.525,7.380,4.100)
  PASS-C(FR) | item= 262 FR zone=6 dims=(0.41x0.58x0.66) min_z=3.000 → xyz=(2.975,7.750,4.160)
  PASS-C(FR) | item=  62 FR zone=6 dims=(0.58x0.41x0.66) min_z=3.000 → xyz=(1.290,6.675,4.170)
  PASS-C(FR) | item= 620 FR zone=6 dims=(0.66x0.42x0.58) min_z=3.000 → xyz=(2.940,6.200,4.280)
  PASS-C(FR) | item=   4 FR zone=6 dims=(0.57x0.38x0.77) min_z=3.000 → xyz=(1.865,7.050,4.170)
  PASS-C(FR) | item= 618 FR zone=6 dims=(0.38x0.37x1.16) min_z=3.000 → xyz=(2.330,8.245,4.090)
  PASS-C(FR) | item= 223 FR zone=6 dims=(0.67x0.39x0.58) min_z=3.000 → xyz=(3.515,6.625,4.320)
  PASS-C(FR) | item= 530 FR zone=6 dims=(0.26x0.40x0.96) min_z=3.000 → xyz=(3.800,7.980,3.930)
  PASS-C(FR) | item= 298 FR zone=6 dims=(0.38x0.58x0.66) min_z=3.000 → xyz=(2.800,6.700,4.410)
  PASS-C(FR) | item= 476 FR zone=6 dims=(0.59x0.54x1.15) min_z=3.000 → xyz=(2.815,8.330,4.660)
  PASS-C(FR) | item= 331 FR zone=6 dims=(0.38x0.58x0.78) min_z=3.000 → xyz=(2.330,8.720,4.540)
  PASS-C(FR) | item= 835 FR zone=6 dims=(0.60x0.54x1.18) min_z=3.000 → xyz=(1.730,7.510,4.760)
  PASS-C(FR) | item= 205 FR zone=6 dims=(0.59x1.18x0.54) min_z=3.000 → xyz=(1.295,8.370,4.890)
  PASS-C(FR) | item= 789 FR zone=6 dims=(0.26x0.40x0.89) min_z=3.000 → xyz=(1.920,8.780,4.090)
  PASS-C(FR) | item= 390 FR zone=6 dims=(0.79x0.30x1.17) min_z=3.000 → xyz=(3.575,6.970,4.350)
  PASS-C(FR) | item= 506 FR zone=6 dims=(0.54x1.18x0.59) min_z=3.000 → xyz=(1.860,8.370,4.980)
  PASS-C(FR) | item= 874 FR zone=6 dims=(0.71x0.40x0.52) min_z=3.000 → xyz=(2.875,8.800,4.550)
  PASS-C(FR) | item= 549 FR zone=6 dims=(0.52x0.40x0.71) min_z=3.000 → xyz=(2.390,7.790,4.570)
  PASS-C(FR) | item= 811 FR zone=6 dims=(0.40x0.52x0.70) min_z=3.000 → xyz=(2.940,7.250,4.820)
  PASS-C(FR) | item= 174 FR zone=6 dims=(0.56x0.40x0.77) min_z=3.000 → xyz=(3.390,7.980,4.820)
  PASS-C(FR) | item= 557 FR zone=6 dims=(0.51x0.41x0.73) min_z=3.000 → xyz=(1.255,6.675,4.830)
  PASS-C(FR) | item= 452 FR zone=6 dims=(0.35x0.50x0.82) min_z=3.000 → xyz=(2.915,7.760,4.820)
  PASS-C(FR) | item= 220 FR zone=6 dims=(0.56x0.55x0.54) min_z=3.000 → xyz=(3.270,6.265,4.900)
  PASS-C(FR) | item= 329 FR zone=6 dims=(0.43x0.31x0.78) min_z=3.000 → xyz=(1.215,7.495,4.220)
  PASS-C(FR) | item= 635 FR zone=6 dims=(0.53x0.33x0.51) min_z=3.000 → xyz=(1.775,6.635,4.830)
  PASS-C(FR) | item= 296 FR zone=6 dims=(0.42x0.48x0.93) min_z=3.000 → xyz=(3.760,6.230,4.900)
  PASS-C(FR) | item= 848 FR zone=6 dims=(0.54x0.39x0.51) min_z=3.000 → xyz=(2.310,6.975,4.940)
  PASS-C(FR) | item= 729 FR zone=6 dims=(0.33x0.40x0.53) min_z=3.000 → xyz=(2.775,6.190,4.860)
  PASS-C(FR) | item= 256 FR zone=6 dims=(0.79x0.51x0.55) min_z=3.000 → xyz=(3.505,8.435,5.150)
  PASS-C(FR) | item= 540 FR zone=6 dims=(1.12x0.18x0.74) min_z=3.000 → xyz=(3.170,6.630,5.070)
  PASS-C(FR) | item= 342 FR zone=6 dims=(0.25x0.47x0.42) min_z=3.000 → xyz=(1.905,6.225,4.580)
  PASS-C(FR) | item= 554 FR zone=6 dims=(0.53x0.38x0.42) min_z=3.000 → xyz=(1.775,6.990,4.940)
  PASS-C(FR) | item= 864 FR zone=6 dims=(0.47x0.22x0.66) min_z=3.000 → xyz=(1.235,6.990,4.970)
  PASS-C(FR) | item= 923 FR zone=6 dims=(0.45x0.22x0.65) min_z=3.000 → xyz=(2.835,6.830,5.070)
  PASS-C(FR) | item= 468 FR zone=7 dims=(0.43x0.44x1.10) min_z=3.000 → xyz=(8.765,7.810,3.690)
  PASS-C(FR) | item= 343 FR zone=7 dims=(0.55x0.79x1.18) min_z=3.000 → xyz=(7.045,6.385,4.000)
  PASS-C(FR) | item= 910 FR zone=7 dims=(0.79x0.55x1.18) min_z=3.000 → xyz=(7.705,7.915,4.000)
  PASS-C(FR) | item= 737 FR zone=7 dims=(0.78x0.53x1.18) min_z=3.000 → xyz=(7.780,8.455,4.000)
  PASS-C(FR) | item= 637 FR zone=7 dims=(0.43x0.42x1.07) min_z=3.000 → xyz=(6.640,7.530,3.700)
  PASS-C(FR) | item= 882 FR zone=7 dims=(0.52x0.35x0.76) min_z=3.000 → xyz=(8.650,6.755,3.750)
  PASS-C(FR) | item= 142 FR zone=7 dims=(0.35x0.78x0.79) min_z=3.000 → xyz=(6.165,8.265,3.800)
  PASS-C(FR) | item= 853 FR zone=7 dims=(0.79x0.35x0.78) min_z=3.000 → xyz=(6.385,8.830,3.900)
  PASS-C(FR) | item= 971 FR zone=7 dims=(0.34x0.35x1.01) min_z=3.000 → xyz=(8.710,7.105,3.770)
  PASS-C(FR) | item= 449 FR zone=7 dims=(0.34x0.34x1.02) min_z=3.000 → xyz=(7.025,7.510,3.780)
  PASS-C(FR) | item= 587 FR zone=7 dims=(0.78x0.44x1.18) min_z=3.000 → xyz=(8.560,8.250,4.020)
  PASS-C(FR) | item= 178 FR zone=7 dims=(0.79x0.34x0.79) min_z=3.000 → xyz=(6.735,7.910,4.100)
  PASS-C(FR) | item= 669 FR zone=7 dims=(0.41x0.40x0.57) min_z=3.000 → xyz=(6.195,7.520,3.990)
  PASS-C(FR) | item= 745 FR zone=7 dims=(0.40x0.41x0.57) min_z=3.000 → xyz=(8.300,7.645,4.000)
  PASS-C(FR) | item= 405 FR zone=7 dims=(0.41x0.41x0.57) min_z=3.000 → xyz=(6.545,8.285,4.110)
  PASS-C(FR) | item= 138 FR zone=7 dims=(0.43x0.44x1.08) min_z=3.000 → xyz=(7.535,6.210,4.170)
  PASS-C(FR) | item=  37 FR zone=7 dims=(0.44x0.42x0.58) min_z=3.000 → xyz=(6.970,8.290,4.170)
  PASS-C(FR) | item= 933 FR zone=7 dims=(0.44x0.42x0.59) min_z=3.000 → xyz=(7.000,8.710,4.170)
  PASS-C(FR) | item= 759 FR zone=7 dims=(0.42x0.45x0.58) min_z=3.000 → xyz=(8.480,6.215,4.250)
  PASS-C(FR) | item= 738 FR zone=7 dims=(0.46x0.42x0.60) min_z=3.000 → xyz=(8.400,8.680,4.320)
  PASS-C(FR) | item= 845 FR zone=7 dims=(0.42x0.58x0.67) min_z=3.000 → xyz=(8.110,7.130,4.340)
  PASS-C(FR) | item= 199 FR zone=7 dims=(0.58x0.42x0.66) min_z=3.000 → xyz=(6.280,7.060,4.360)
  PASS-C(FR) | item= 584 FR zone=7 dims=(0.66x0.41x0.58) min_z=3.000 → xyz=(6.320,6.195,4.380)
  PASS-C(FR) | item=  40 FR zone=7 dims=(0.38x0.37x1.16) min_z=3.000 → xyz=(8.820,8.655,4.320)
  PASS-C(FR) | item= 368 FR zone=7 dims=(0.38x0.57x0.66) min_z=3.000 → xyz=(7.940,6.275,4.390)
  PASS-C(FR) | item= 710 FR zone=7 dims=(0.67x0.39x0.58) min_z=3.000 → xyz=(6.325,6.595,4.440)
  PASS-C(FR) | item= 240 FR zone=7 dims=(0.53x0.57x0.78) min_z=3.000 → xyz=(7.585,6.845,4.440)
  PASS-C(FR) | item= 749 FR zone=7 dims=(0.57x0.44x0.77) min_z=3.000 → xyz=(6.945,7.000,4.440)
  PASS-C(FR) | item= 275 FR zone=7 dims=(0.58x0.38x0.67) min_z=3.000 → xyz=(7.520,7.320,4.440)
  PASS-C(FR) | item= 118 FR zone=7 dims=(0.40x0.49x0.78) min_z=3.000 → xyz=(8.590,6.685,4.510)
  PASS-C(FR) | item=  19 FR zone=7 dims=(0.60x0.54x1.18) min_z=3.000 → xyz=(6.290,8.350,4.680)
  PASS-C(FR) | item= 411 FR zone=7 dims=(0.60x0.27x0.79) min_z=3.000 → xyz=(7.850,8.875,3.950)
  PASS-C(FR) | item= 107 FR zone=7 dims=(0.40x0.54x0.69) min_z=3.000 → xyz=(8.300,7.710,4.570)
  PASS-C(FR) | item= 814 FR zone=7 dims=(0.35x0.49x0.96) min_z=3.000 → xyz=(6.165,7.515,4.560)
  PASS-C(FR) | item= 231 FR zone=7 dims=(0.49x0.41x0.87) min_z=3.000 → xyz=(6.835,8.285,4.750)
  PASS-C(FR) | item= 940 FR zone=7 dims=(0.79x0.30x1.17) min_z=3.000 → xyz=(6.385,8.770,4.680)
  PASS-C(FR) | item= 263 FR zone=7 dims=(0.53x0.40x0.70) min_z=3.000 → xyz=(7.045,8.720,4.760)
  PASS-C(FR) | item= 460 FR zone=7 dims=(0.53x0.40x0.70) min_z=3.000 → xyz=(8.615,7.130,4.780)
  PASS-C(FR) | item=   5 FR zone=7 dims=(0.51x0.56x1.10) min_z=3.000 → xyz=(8.755,7.720,4.790)
  PASS-C(FR) | item=  22 FR zone=7 dims=(0.15x0.46x0.63) min_z=3.000 → xyz=(8.885,6.220,4.120)
  PASS-C(FR) | item= 856 FR zone=7 dims=(0.15x0.46x0.63) min_z=3.000 → xyz=(8.875,6.680,4.510)
  PASS-C(FR) | item= 316 FR zone=7 dims=(0.48x0.20x0.72) min_z=3.000 → xyz=(8.090,6.660,4.660)
  PASS-C(FR) | item= 377 FR zone=7 dims=(0.58x0.37x0.78) min_z=3.000 → xyz=(6.860,7.405,4.800)
  PASS-C(FR) | item= 932 FR zone=7 dims=(0.52x0.28x1.05) min_z=3.000 → xyz=(7.650,8.860,4.740)
  PASS-C(FR) | item= 911 FR zone=7 dims=(0.36x0.41x0.54) min_z=3.000 → xyz=(8.310,6.195,4.830)
  PASS-C(FR) | item= 399 FR zone=7 dims=(0.30x0.43x0.78) min_z=3.000 → xyz=(8.840,6.205,4.750)
  PASS-C(FR) | item= 274 FR zone=7 dims=(0.46x0.42x0.99) min_z=3.000 → xyz=(6.570,7.800,4.890)
  PASS-C(FR) | item= 511 FR zone=7 dims=(0.51x0.40x0.53) min_z=3.000 → xyz=(7.055,7.790,4.890)
  PASS-C(FR) | item= 740 FR zone=7 dims=(0.42x0.48x0.93) min_z=3.000 → xyz=(8.380,8.710,4.920)
  PASS-C(FR) | item= 551 FR zone=7 dims=(0.17x1.14x0.78) min_z=3.000 → xyz=(6.075,6.560,5.020)
  PASS-C(FR) | item= 503 FR zone=7 dims=(0.54x0.39x0.50) min_z=3.000 → xyz=(6.430,6.185,4.960)
  PASS-C(FR) | item= 341 FR zone=7 dims=(0.42x0.43x0.77) min_z=3.000 → xyz=(8.060,6.975,5.010)
  PASS-C(FR) | item= 931 FR zone=7 dims=(0.18x1.12x0.74) min_z=3.000 → xyz=(6.430,6.940,5.020)
  PASS-C(FR) | item= 454 FR zone=7 dims=(0.32x0.51x0.53) min_z=3.000 → xyz=(7.910,6.245,5.050)
  PASS-C(FR) | item= 905 FR zone=7 dims=(0.30x0.25x0.57) min_z=3.000 → xyz=(6.140,7.885,4.590)
  PASS-C(FR) | item= 815 FR zone=7 dims=(0.55x0.26x0.67) min_z=3.000 → xyz=(7.505,7.260,5.110)
--- ZONE SUMMARY ---
  Zone 0: total=111 nf_top=2.3399999141693115 z_min=0.0 z_max=2.7899999618530273
  Zone 1: total=105 nf_top=2.3499999046325684 z_min=0.0 z_max=2.7699999809265137
  Zone 2: total=115 nf_top=2.4000000953674316 z_min=0.0 z_max=2.7899999618530273
  Zone 3: total=110 nf_top=2.3399999141693115 z_min=0.0 z_max=2.72
  Zone 4: total=129 nf_top=5.0 z_min=3.0 z_max=5.21
  Zone 5: total=144 nf_top=4.590000152587891 z_min=3.0 z_max=5.04
  Zone 6: total=152 nf_top=4.579999923706055 z_min=3.0 z_max=5.15
  Zone 7: total=138 nf_top=4.659999847412109 z_min=3.0 z_max=5.11
--- END ---

================================================================================
repair_solution_compact  [2026-04-05 19:15:35]
WAREHOUSE  length=10.0  width=10.0  height=6.0  volume=600.00
  items=1004  nf=551  fr=453  total_item_vol=177.47  theoretical_util=29.6%
ZONES  count=8
  Zone 0 "Shelf A (Bottom)" [allocation]
    x=[1.00, 4.00]  y=[1.00, 4.00]  z=[0.00, 3.00]
    size=(3.00 x 3.00 x 3.00)  floor_area=9.00  volume=27.00
    assigned: 52 NF (12.50 vol) + 63 FR (14.03 vol)  load=98.3%
  Zone 1 "Shelf B (Bottom)" [allocation]
    x=[6.00, 9.00]  y=[1.00, 4.00]  z=[0.00, 3.00]
    size=(3.00 x 3.00 x 3.00)  floor_area=9.00  volume=27.00
    assigned: 47 NF (12.33 vol) + 58 FR (14.17 vol)  load=98.2%
  Zone 2 "Shelf C (Bottom)" [allocation]
    x=[1.00, 4.00]  y=[6.00, 9.00]  z=[0.00, 3.00]
    size=(3.00 x 3.00 x 3.00)  floor_area=9.00  volume=27.00
    assigned: 51 NF (12.57 vol) + 59 FR (14.05 vol)  load=98.6%
  Zone 3 "Shelf D (Bottom)" [allocation]
    x=[6.00, 9.00]  y=[6.00, 9.00]  z=[0.00, 3.00]
    size=(3.00 x 3.00 x 3.00)  floor_area=9.00  volume=27.00
    assigned: 49 NF (12.50 vol) + 62 FR (13.89 vol)  load=97.7%
  Zone 4 "Shelf A (Top)" [allocation]
    x=[1.00, 4.00]  y=[1.00, 4.00]  z=[3.00, 6.00]
    size=(3.00 x 3.00 x 3.00)  floor_area=9.00  volume=27.00
    assigned: 82 NF (9.05 vol) + 47 FR (8.80 vol)  load=66.1%
  Zone 5 "Shelf B (Top)" [allocation]
    x=[6.00, 9.00]  y=[1.00, 4.00]  z=[3.00, 6.00]
    size=(3.00 x 3.00 x 3.00)  floor_area=9.00  volume=27.00
    assigned: 100 NF (8.11 vol) + 52 FR (9.76 vol)  load=66.2%
  Zone 6 "Shelf C (Top)" [allocation]
    x=[1.00, 4.00]  y=[6.00, 9.00]  z=[3.00, 6.00]
    size=(3.00 x 3.00 x 3.00)  floor_area=9.00  volume=27.00
    assigned: 82 NF (8.11 vol) + 56 FR (9.74 vol)  load=66.1%
  Zone 7 "Shelf D (Top)" [allocation]
    x=[6.00, 9.00]  y=[6.00, 9.00]  z=[3.00, 6.00]
    size=(3.00 x 3.00 x 3.00)  floor_area=9.00  volume=27.00
    assigned: 88 NF (8.06 vol) + 56 FR (9.79 vol)  load=66.1%
--- PASS A: 551 NF items ---
  PASS-A(NF) | item=  44 NF zone=0 dims=(0.76x0.68x0.53) min_z=0.000 → xyz=(1.380,1.340,0.000)
  PASS-A(NF) | item=  61 NF zone=0 dims=(0.78x0.54x0.53) min_z=0.000 → xyz=(2.150,1.270,0.000)
  PASS-A(NF) | item= 252 NF zone=0 dims=(0.53x0.78x0.53) min_z=0.000 → xyz=(2.805,1.390,0.000)
  PASS-A(NF) | item= 854 NF zone=0 dims=(0.54x0.78x0.52) min_z=0.000 → xyz=(3.340,1.390,0.000)
  PASS-A(NF) | item=  11 NF zone=0 dims=(0.78x0.54x0.52) min_z=0.000 → xyz=(2.150,1.810,0.000)
  PASS-A(NF) | item= 666 NF zone=0 dims=(0.53x0.78x0.53) min_z=0.000 → xyz=(1.265,2.070,0.000)
  PASS-A(NF) | item= 102 NF zone=0 dims=(1.08x0.55x0.51) min_z=0.000 → xyz=(3.080,2.055,0.000)
  PASS-A(NF) | item=  78 NF zone=0 dims=(0.79x0.55x0.52) min_z=0.000 → xyz=(1.925,2.355,0.000)
  PASS-A(NF) | item= 591 NF zone=0 dims=(1.08x0.52x0.54) min_z=0.000 → xyz=(2.860,2.590,0.000)
  PASS-A(NF) | item= 979 NF zone=0 dims=(0.48x0.59x0.80) min_z=0.000 → xyz=(3.640,2.625,0.000)
  PASS-A(NF) | item= 696 NF zone=0 dims=(0.51x0.54x1.08) min_z=0.000 → xyz=(1.255,2.730,0.000)
  PASS-A(NF) | item= 124 NF zone=0 dims=(0.55x0.51x1.09) min_z=0.000 → xyz=(1.785,2.885,0.000)
  PASS-A(NF) | item= 175 NF zone=0 dims=(1.08x0.51x0.54) min_z=0.000 → xyz=(2.600,3.105,0.000)
  PASS-A(NF) | item= 632 NF zone=0 dims=(0.79x0.52x0.57) min_z=0.000 → xyz=(3.535,3.180,0.000)
  PASS-A(NF) | item= 663 NF zone=0 dims=(0.79x0.52x0.57) min_z=0.000 → xyz=(1.395,3.400,0.000)
  PASS-A(NF) | item= 870 NF zone=0 dims=(1.13x0.41x0.56) min_z=0.000 → xyz=(2.355,3.565,0.000)
  PASS-A(NF) | item= 775 NF zone=0 dims=(1.08x0.48x0.54) min_z=0.000 → xyz=(3.460,3.680,0.000)
  PASS-A(NF) | item= 546 NF zone=0 dims=(0.27x0.78x1.17) min_z=0.000 → xyz=(3.745,1.390,0.000)
  PASS-A(NF) | item= 846 NF zone=0 dims=(0.79x0.28x1.17) min_z=0.000 → xyz=(1.395,3.800,0.000)
  PASS-A(NF) | item= 370 NF zone=0 dims=(1.17x0.49x0.62) min_z=0.000 → xyz=(3.125,2.025,0.510)
  PASS-A(NF) | item= 577 NF zone=0 dims=(0.52x0.54x0.79) min_z=0.000 → xyz=(3.330,1.270,0.520)
  PASS-A(NF) | item= 356 NF zone=0 dims=(1.09x0.21x0.57) min_z=0.000 → xyz=(2.335,3.875,0.000)
  PASS-A(NF) | item= 267 NF zone=0 dims=(0.76x0.59x0.49) min_z=0.000 → xyz=(2.140,1.835,0.520)
  PASS-A(NF) | item= 112 NF zone=0 dims=(0.54x0.43x1.06) min_z=0.000 → xyz=(1.800,2.345,0.520)
  PASS-A(NF) | item= 389 NF zone=0 dims=(0.21x0.55x1.08) min_z=0.000 → xyz=(3.815,2.055,0.000)
  PASS-A(NF) | item= 183 NF zone=0 dims=(0.78x0.53x0.36) min_z=0.000 → xyz=(1.390,1.265,0.530)
  PASS-A(NF) | item=  88 NF zone=0 dims=(0.22x0.55x1.09) min_z=0.000 → xyz=(2.180,2.405,0.520)
  PASS-A(NF) | item= 241 NF zone=0 dims=(1.17x0.40x0.40) min_z=0.000 → xyz=(2.365,1.200,0.530)
  PASS-A(NF) | item= 248 NF zone=0 dims=(0.32x0.78x0.98) min_z=0.000 → xyz=(1.160,1.920,0.530)
  PASS-A(NF) | item= 163 NF zone=0 dims=(0.40x0.40x1.18) min_z=0.000 → xyz=(1.520,1.730,0.530)
  PASS-A(NF) | item=  18 NF zone=0 dims=(1.08x0.22x0.56) min_z=0.000 → xyz=(3.060,1.650,0.530)
  PASS-A(NF) | item= 579 NF zone=0 dims=(0.79x0.56x0.41) min_z=0.000 → xyz=(2.685,2.550,0.540)
  PASS-A(NF) | item=  59 NF zone=0 dims=(0.79x0.60x0.67) min_z=0.000 → xyz=(2.455,3.130,0.560)
  PASS-A(NF) | item= 153 NF zone=0 dims=(0.48x0.43x1.12) min_z=0.000 → xyz=(3.160,3.655,0.540)
  PASS-A(NF) | item= 397 NF zone=0 dims=(0.32x0.33x0.79) min_z=0.000 → xyz=(3.240,2.435,0.540)
  PASS-A(NF) | item= 493 NF zone=0 dims=(0.33x0.33x0.78) min_z=0.000 → xyz=(3.565,3.605,0.540)
  PASS-A(NF) | item= 208 NF zone=0 dims=(0.78x0.33x0.33) min_z=0.000 → xyz=(2.180,3.595,0.560)
  PASS-A(NF) | item= 278 NF zone=0 dims=(0.52x0.33x0.78) min_z=0.000 → xyz=(3.110,2.995,0.570)
  PASS-A(NF) | item= 652 NF zone=0 dims=(0.42x0.40x1.17) min_z=0.000 → xyz=(3.580,3.120,0.570)
  PASS-A(NF) | item= 625 NF zone=0 dims=(0.47x0.46x1.11) min_z=0.000 → xyz=(1.235,3.230,0.570)
  PASS-A(NF) | item= 743 NF zone=0 dims=(0.45x0.47x1.12) min_z=0.000 → xyz=(3.625,2.565,0.800)
  PASS-A(NF) | item= 598 NF zone=0 dims=(0.32x0.45x1.15) min_z=0.000 → xyz=(1.630,3.365,0.570)
  PASS-A(NF) | item=  64 NF zone=0 dims=(0.43x0.39x1.18) min_z=0.000 → xyz=(1.215,1.195,0.890)
  PASS-A(NF) | item=  54 NF zone=0 dims=(1.11x0.44x0.46) min_z=0.000 → xyz=(2.345,3.650,0.890)
  PASS-A(NF) | item= 330 NF zone=0 dims=(0.34x0.51x0.77) min_z=0.000 → xyz=(1.600,1.255,0.890)
  PASS-A(NF) | item= 688 NF zone=0 dims=(1.14x0.46x0.30) min_z=0.000 → xyz=(2.340,1.230,0.930)
  PASS-A(NF) | item=  30 NF zone=0 dims=(0.78x0.50x1.18) min_z=0.000 → xyz=(2.680,2.520,0.950)
  PASS-A(NF) | item= 418 NF zone=0 dims=(0.36x0.34x1.04) min_z=0.000 → xyz=(1.950,1.630,1.010)
  PASS-A(NF) | item=  65 NF zone=0 dims=(0.78x0.56x1.18) min_z=0.000 → xyz=(2.520,1.740,1.130)
  PASS-A(NF) | item= 394 NF zone=0 dims=(0.78x0.56x1.18) min_z=0.000 → xyz=(3.300,1.820,1.170)
  PASS-A(NF) | item=  49 NF zone=0 dims=(0.79x0.56x1.18) min_z=0.000 → xyz=(2.185,3.050,1.230)
  PASS-A(NF) | item= 571 NF zone=0 dims=(0.79x0.55x1.18) min_z=0.000 → xyz=(2.975,3.045,1.350)
  PASS-A(NF) | item=  28 NF zone=1 dims=(0.74x0.75x0.49) min_z=0.000 → xyz=(6.370,1.375,0.000)
  PASS-A(NF) | item= 505 NF zone=1 dims=(0.48x0.76x0.48) min_z=0.000 → xyz=(6.980,1.380,0.000)
  PASS-A(NF) | item= 752 NF zone=1 dims=(0.53x0.78x0.54) min_z=0.000 → xyz=(7.485,1.390,0.000)
  PASS-A(NF) | item= 967 NF zone=1 dims=(0.53x0.78x0.53) min_z=0.000 → xyz=(8.015,1.390,0.000)
  PASS-A(NF) | item= 391 NF zone=1 dims=(0.51x0.78x0.53) min_z=0.000 → xyz=(8.535,1.390,0.000)
  PASS-A(NF) | item= 265 NF zone=1 dims=(0.53x0.78x0.49) min_z=0.000 → xyz=(6.265,2.140,0.000)
  PASS-A(NF) | item= 582 NF zone=1 dims=(0.45x1.10x0.51) min_z=0.000 → xyz=(6.755,2.310,0.000)
  PASS-A(NF) | item= 925 NF zone=1 dims=(0.48x0.79x0.54) min_z=0.000 → xyz=(7.220,2.175,0.000)
  PASS-A(NF) | item= 134 NF zone=1 dims=(0.46x1.10x0.50) min_z=0.000 → xyz=(7.690,2.330,0.000)
  PASS-A(NF) | item= 119 NF zone=1 dims=(0.48x0.80x0.59) min_z=0.000 → xyz=(8.160,2.180,0.000)
  PASS-A(NF) | item= 916 NF zone=1 dims=(0.57x0.75x0.73) min_z=0.000 → xyz=(8.685,2.155,0.000)
  PASS-A(NF) | item= 616 NF zone=1 dims=(0.53x0.79x1.17) min_z=0.000 → xyz=(6.265,2.925,0.000)
  PASS-A(NF) | item= 823 NF zone=1 dims=(0.51x0.54x1.08) min_z=0.000 → xyz=(8.655,2.800,0.000)
  PASS-A(NF) | item= 424 NF zone=1 dims=(0.57x0.52x0.79) min_z=0.000 → xyz=(6.815,3.120,0.000)
  PASS-A(NF) | item= 553 NF zone=1 dims=(0.47x0.60x0.80) min_z=0.000 → xyz=(8.155,2.880,0.000)
  PASS-A(NF) | item= 268 NF zone=1 dims=(0.56x0.41x1.13) min_z=0.000 → xyz=(7.380,3.085,0.000)
  PASS-A(NF) | item= 196 NF zone=1 dims=(0.48x0.54x1.08) min_z=0.000 → xyz=(8.630,3.340,0.000)
  PASS-A(NF) | item= 982 NF zone=1 dims=(0.43x0.54x1.06) min_z=0.000 → xyz=(7.875,3.450,0.000)
  PASS-A(NF) | item= 321 NF zone=1 dims=(0.28x0.79x1.17) min_z=0.000 → xyz=(8.230,3.575,0.000)
  PASS-A(NF) | item= 912 NF zone=1 dims=(0.54x0.45x1.07) min_z=0.000 → xyz=(7.370,3.515,0.000)
  PASS-A(NF) | item= 955 NF zone=1 dims=(0.79x0.29x1.18) min_z=0.000 → xyz=(6.395,3.525,0.000)
  PASS-A(NF) | item= 816 NF zone=1 dims=(0.43x0.36x1.14) min_z=0.000 → xyz=(8.585,3.790,0.000)
  PASS-A(NF) | item= 662 NF zone=1 dims=(0.79x0.26x1.18) min_z=0.000 → xyz=(6.395,3.800,0.000)
  PASS-A(NF) | item= 146 NF zone=1 dims=(0.47x0.53x0.91) min_z=0.000 → xyz=(6.975,1.265,0.480)
  PASS-A(NF) | item=  76 NF zone=1 dims=(0.40x0.79x0.55) min_z=0.000 → xyz=(6.200,1.395,0.490)
  PASS-A(NF) | item= 276 NF zone=1 dims=(0.24x0.55x1.08) min_z=0.000 → xyz=(6.910,3.655,0.000)
  PASS-A(NF) | item= 504 NF zone=1 dims=(0.48x0.66x1.14) min_z=0.000 → xyz=(6.240,2.120,0.490)
  PASS-A(NF) | item= 556 NF zone=1 dims=(0.40x0.40x1.18) min_z=0.000 → xyz=(7.660,1.980,0.500)
  PASS-A(NF) | item=  10 NF zone=1 dims=(0.37x0.43x1.17) min_z=0.000 → xyz=(7.645,2.395,0.500)
  PASS-A(NF) | item= 640 NF zone=1 dims=(0.40x0.41x1.17) min_z=0.000 → xyz=(6.680,1.735,0.510)
  PASS-A(NF) | item= 239 NF zone=1 dims=(0.32x0.52x0.79) min_z=0.000 → xyz=(6.560,1.260,0.490)
  PASS-A(NF) | item=  77 NF zone=1 dims=(0.38x0.67x0.85) min_z=0.000 → xyz=(6.720,2.275,0.510)
  PASS-A(NF) | item= 684 NF zone=1 dims=(0.31x0.79x0.53) min_z=0.000 → xyz=(8.075,1.385,0.530)
  PASS-A(NF) | item= 703 NF zone=1 dims=(0.55x0.79x1.18) min_z=0.000 → xyz=(8.505,1.385,0.530)
  PASS-A(NF) | item= 160 NF zone=1 dims=(0.40x0.42x1.17) min_z=0.000 → xyz=(7.410,1.200,0.540)
  PASS-A(NF) | item= 144 NF zone=1 dims=(0.46x1.11x0.47) min_z=0.000 → xyz=(7.140,2.085,0.540)
  PASS-A(NF) | item= 353 NF zone=1 dims=(0.45x0.47x1.12) min_z=0.000 → xyz=(8.085,2.015,0.590)
  PASS-A(NF) | item= 355 NF zone=1 dims=(0.43x0.36x0.77) min_z=0.000 → xyz=(7.585,1.590,0.540)
  PASS-A(NF) | item= 997 NF zone=1 dims=(0.45x0.32x1.15) min_z=0.000 → xyz=(8.055,2.410,0.590)
  PASS-A(NF) | item=  90 NF zone=1 dims=(0.51x0.74x0.64) min_z=0.000 → xyz=(8.565,2.150,0.730)
  PASS-A(NF) | item= 517 NF zone=1 dims=(0.31x0.46x1.14) min_z=0.000 → xyz=(6.685,2.840,0.790)
  PASS-A(NF) | item= 781 NF zone=1 dims=(0.46x0.31x1.15) min_z=0.000 → xyz=(6.760,3.225,0.790)
  PASS-A(NF) | item= 166 NF zone=1 dims=(0.54x0.79x1.18) min_z=0.000 → xyz=(7.180,2.165,1.010)
  PASS-A(NF) | item= 430 NF zone=1 dims=(0.79x0.55x1.18) min_z=0.000 → xyz=(7.425,3.565,1.070)
  PASS-A(NF) | item= 657 NF zone=1 dims=(0.54x0.79x1.18) min_z=0.000 → xyz=(8.640,2.915,1.080)
  PASS-A(NF) | item= 429 NF zone=1 dims=(0.79x0.55x1.18) min_z=0.000 → xyz=(7.385,2.885,1.130)
  PASS-A(NF) | item= 970 NF zone=1 dims=(0.79x0.56x1.18) min_z=0.000 → xyz=(8.215,3.590,1.170)
  PASS-A(NF) | item= 941 NF zone=2 dims=(0.76x0.52x0.69) min_z=0.000 → xyz=(1.380,6.260,0.000)
  PASS-A(NF) | item= 379 NF zone=2 dims=(0.78x0.53x0.51) min_z=0.000 → xyz=(2.150,6.265,0.000)
  PASS-A(NF) | item= 419 NF zone=2 dims=(0.78x0.53x0.50) min_z=0.000 → xyz=(2.930,6.265,0.000)
  PASS-A(NF) | item= 443 NF zone=2 dims=(0.54x0.52x0.78) min_z=0.000 → xyz=(3.590,6.260,0.000)
  PASS-A(NF) | item= 534 NF zone=2 dims=(0.54x0.53x0.78) min_z=0.000 → xyz=(1.270,6.785,0.000)
  PASS-A(NF) | item= 264 NF zone=2 dims=(0.53x0.53x0.78) min_z=0.000 → xyz=(3.585,6.785,0.000)
  PASS-A(NF) | item= 200 NF zone=2 dims=(0.78x0.49x0.53) min_z=0.000 → xyz=(1.930,6.775,0.000)
  PASS-A(NF) | item= 535 NF zone=2 dims=(0.79x0.48x0.54) min_z=0.000 → xyz=(2.715,6.770,0.000)
  PASS-A(NF) | item= 126 NF zone=2 dims=(0.80x0.48x0.59) min_z=0.000 → xyz=(2.720,7.250,0.000)
  PASS-A(NF) | item= 123 NF zone=2 dims=(0.59x0.48x0.81) min_z=0.000 → xyz=(1.835,7.260,0.000)
  PASS-A(NF) | item= 528 NF zone=2 dims=(0.75x0.57x0.73) min_z=0.000 → xyz=(3.495,7.335,0.000)
  PASS-A(NF) | item= 226 NF zone=2 dims=(0.53x0.79x1.17) min_z=0.000 → xyz=(1.265,7.445,0.000)
  PASS-A(NF) | item= 113 NF zone=2 dims=(0.54x0.51x1.08) min_z=0.000 → xyz=(2.400,7.745,0.000)
  PASS-A(NF) | item= 344 NF zone=2 dims=(0.57x0.52x0.79) min_z=0.000 → xyz=(1.815,7.760,0.000)
  PASS-A(NF) | item= 314 NF zone=2 dims=(0.79x0.52x0.57) min_z=0.000 → xyz=(3.065,7.880,0.000)
  PASS-A(NF) | item= 660 NF zone=2 dims=(0.52x0.57x0.79) min_z=0.000 → xyz=(3.720,7.905,0.000)
  PASS-A(NF) | item= 704 NF zone=2 dims=(0.36x0.78x1.16) min_z=0.000 → xyz=(1.180,8.230,0.000)
  PASS-A(NF) | item= 219 NF zone=2 dims=(0.54x0.79x1.17) min_z=0.000 → xyz=(2.370,8.395,0.000)
  PASS-A(NF) | item= 525 NF zone=2 dims=(0.54x0.45x1.07) min_z=0.000 → xyz=(1.630,8.245,0.000)
  PASS-A(NF) | item= 147 NF zone=2 dims=(0.79x0.29x1.18) min_z=0.000 → xyz=(3.035,8.285,0.000)
  PASS-A(NF) | item= 407 NF zone=2 dims=(0.43x0.36x1.14) min_z=0.000 → xyz=(3.645,8.370,0.000)
  PASS-A(NF) | item=  20 NF zone=2 dims=(0.79x0.26x1.18) min_z=0.000 → xyz=(3.035,8.560,0.000)
  PASS-A(NF) | item= 671 NF zone=2 dims=(0.54x0.43x1.06) min_z=0.000 → xyz=(1.630,8.685,0.000)
  PASS-A(NF) | item= 583 NF zone=2 dims=(0.56x0.21x1.07) min_z=0.000 → xyz=(3.710,8.655,0.000)
  PASS-A(NF) | item= 951 NF zone=2 dims=(0.78x0.53x0.36) min_z=0.000 → xyz=(2.930,6.265,0.500)
  PASS-A(NF) | item= 673 NF zone=2 dims=(0.55x0.22x1.09) min_z=0.000 → xyz=(2.915,8.800,0.000)
  PASS-A(NF) | item= 636 NF zone=2 dims=(0.40x0.40x1.17) min_z=0.000 → xyz=(1.960,6.200,0.510)
  PASS-A(NF) | item= 613 NF zone=2 dims=(0.78x0.32x0.98) min_z=0.000 → xyz=(1.930,6.680,0.530)
  PASS-A(NF) | item= 769 NF zone=2 dims=(0.40x0.40x1.18) min_z=0.000 → xyz=(2.520,6.730,0.540)
  PASS-A(NF) | item= 254 NF zone=2 dims=(0.41x0.40x1.17) min_z=0.000 → xyz=(2.925,6.730,0.540)
  PASS-A(NF) | item= 978 NF zone=2 dims=(0.41x0.56x0.79) min_z=0.000 → xyz=(2.875,7.770,0.570)
  PASS-A(NF) | item= 807 NF zone=2 dims=(0.33x0.52x0.78) min_z=0.000 → xyz=(2.325,6.260,0.510)
  PASS-A(NF) | item= 285 NF zone=2 dims=(0.79x0.31x0.53) min_z=0.000 → xyz=(2.525,7.085,0.590)
  PASS-A(NF) | item= 628 NF zone=2 dims=(0.48x0.43x1.12) min_z=0.000 → xyz=(1.240,6.215,0.690)
  PASS-A(NF) | item= 593 NF zone=2 dims=(0.33x0.52x0.78) min_z=0.000 → xyz=(3.245,7.880,0.570)
  PASS-A(NF) | item= 890 NF zone=2 dims=(0.33x0.33x0.78) min_z=0.000 → xyz=(1.165,8.785,0.000)
  PASS-A(NF) | item= 680 NF zone=2 dims=(0.33x0.33x0.78) min_z=0.000 → xyz=(3.085,7.095,0.730)
  PASS-A(NF) | item= 595 NF zone=2 dims=(0.40x0.40x1.18) min_z=0.000 → xyz=(3.450,7.250,0.730)
  PASS-A(NF) | item= 322 NF zone=2 dims=(0.44x0.71x0.77) min_z=0.000 → xyz=(3.540,6.355,0.780)
  PASS-A(NF) | item= 690 NF zone=2 dims=(0.46x0.46x1.12) min_z=0.000 → xyz=(1.230,6.660,0.780)
  PASS-A(NF) | item= 371 NF zone=2 dims=(0.70x0.34x1.11) min_z=0.000 → xyz=(3.600,6.880,0.780)
  PASS-A(NF) | item= 646 NF zone=2 dims=(0.43x0.39x1.18) min_z=0.000 → xyz=(3.625,7.645,0.790)
  PASS-A(NF) | item= 733 NF zone=2 dims=(0.46x0.44x1.11) min_z=0.000 → xyz=(1.760,7.720,0.790)
  PASS-A(NF) | item=  81 NF zone=2 dims=(0.46x0.31x1.15) min_z=0.000 → xyz=(3.660,7.995,0.790)
  PASS-A(NF) | item= 280 NF zone=2 dims=(0.45x0.30x1.11) min_z=0.000 → xyz=(1.755,6.990,0.810)
  PASS-A(NF) | item= 617 NF zone=2 dims=(0.78x0.50x1.18) min_z=0.000 → xyz=(2.880,6.250,0.860)
  PASS-A(NF) | item= 825 NF zone=2 dims=(0.36x0.34x1.04) min_z=0.000 → xyz=(3.830,7.220,0.730)
  PASS-A(NF) | item= 682 NF zone=2 dims=(0.56x0.78x1.18) min_z=0.000 → xyz=(1.640,8.330,1.070)
  PASS-A(NF) | item= 466 NF zone=2 dims=(0.57x0.79x1.18) min_z=0.000 → xyz=(2.275,7.325,1.120)
  PASS-A(NF) | item= 787 NF zone=2 dims=(0.56x0.79x1.18) min_z=0.000 → xyz=(3.710,8.545,1.140)
  PASS-A(NF) | item= 968 NF zone=2 dims=(0.55x0.79x1.18) min_z=0.000 → xyz=(2.265,8.115,1.170)
  PASS-A(NF) | item= 547 NF zone=3 dims=(0.76x0.52x0.69) min_z=0.000 → xyz=(6.380,6.260,0.000)
  PASS-A(NF) | item= 679 NF zone=3 dims=(0.51x0.53x0.78) min_z=0.000 → xyz=(7.015,6.265,0.000)
  PASS-A(NF) | item= 792 NF zone=3 dims=(0.50x0.53x0.78) min_z=0.000 → xyz=(7.520,6.265,0.000)
  PASS-A(NF) | item= 357 NF zone=3 dims=(0.52x0.53x0.78) min_z=0.000 → xyz=(8.030,6.265,0.000)
  PASS-A(NF) | item= 791 NF zone=3 dims=(0.51x0.53x0.78) min_z=0.000 → xyz=(8.545,6.265,0.000)
  PASS-A(NF) | item= 722 NF zone=3 dims=(0.53x0.49x0.78) min_z=0.000 → xyz=(6.265,6.765,0.000)
  PASS-A(NF) | item= 980 NF zone=3 dims=(0.51x0.45x1.10) min_z=0.000 → xyz=(6.785,6.755,0.000)
  PASS-A(NF) | item= 558 NF zone=3 dims=(0.53x0.55x0.78) min_z=0.000 → xyz=(7.305,6.805,0.000)
  PASS-A(NF) | item= 609 NF zone=3 dims=(0.46x0.50x1.10) min_z=0.000 → xyz=(7.800,6.780,0.000)
  PASS-A(NF) | item= 581 NF zone=3 dims=(0.48x0.59x0.80) min_z=0.000 → xyz=(8.270,6.825,0.000)
  PASS-A(NF) | item=  15 NF zone=3 dims=(0.51x0.54x1.08) min_z=0.000 → xyz=(6.785,7.250,0.000)
  PASS-A(NF) | item= 516 NF zone=3 dims=(0.51x0.54x1.08) min_z=0.000 → xyz=(6.255,7.280,0.000)
  PASS-A(NF) | item= 735 NF zone=3 dims=(0.55x0.51x1.09) min_z=0.000 → xyz=(7.315,7.335,0.000)
  PASS-A(NF) | item= 225 NF zone=3 dims=(0.51x0.55x0.79) min_z=0.000 → xyz=(7.845,7.395,0.000)
  PASS-A(NF) | item= 736 NF zone=3 dims=(0.52x0.57x0.79) min_z=0.000 → xyz=(8.360,7.405,0.000)
  PASS-A(NF) | item= 388 NF zone=3 dims=(0.52x0.57x0.79) min_z=0.000 → xyz=(6.770,7.805,0.000)
  PASS-A(NF) | item= 210 NF zone=3 dims=(0.36x0.78x1.16) min_z=0.000 → xyz=(8.800,6.920,0.000)
  PASS-A(NF) | item= 373 NF zone=3 dims=(0.43x0.54x1.06) min_z=0.000 → xyz=(6.215,7.820,0.000)
  PASS-A(NF) | item= 643 NF zone=3 dims=(0.54x0.79x1.17) min_z=0.000 → xyz=(7.300,7.985,0.000)
  PASS-A(NF) | item= 780 NF zone=3 dims=(0.49x0.62x1.17) min_z=0.000 → xyz=(7.815,7.980,0.000)
  PASS-A(NF) | item= 976 NF zone=3 dims=(0.52x0.54x0.79) min_z=0.000 → xyz=(8.320,7.960,0.000)
  PASS-A(NF) | item= 795 NF zone=3 dims=(0.21x0.57x1.09) min_z=0.000 → xyz=(8.725,7.595,0.000)
  PASS-A(NF) | item= 936 NF zone=3 dims=(0.76x0.49x0.59) min_z=0.000 → xyz=(6.380,8.335,0.000)
  PASS-A(NF) | item= 642 NF zone=3 dims=(0.53x0.47x0.91) min_z=0.000 → xyz=(8.325,8.465,0.000)
  PASS-A(NF) | item= 981 NF zone=3 dims=(0.21x0.56x1.07) min_z=0.000 → xyz=(8.695,8.160,0.000)
  PASS-A(NF) | item= 676 NF zone=3 dims=(0.24x0.55x1.08) min_z=0.000 → xyz=(6.880,8.365,0.000)
  PASS-A(NF) | item= 897 NF zone=3 dims=(0.48x0.66x1.14) min_z=0.000 → xyz=(7.810,8.620,0.000)
  PASS-A(NF) | item= 947 NF zone=3 dims=(0.40x0.40x1.18) min_z=0.000 → xyz=(7.200,8.580,0.000)
  PASS-A(NF) | item= 758 NF zone=3 dims=(0.37x0.43x1.17) min_z=0.000 → xyz=(8.775,8.655,0.000)
  PASS-A(NF) | item= 385 NF zone=3 dims=(0.56x0.41x0.79) min_z=0.000 → xyz=(6.280,8.785,0.000)
  PASS-A(NF) | item= 619 NF zone=3 dims=(0.52x0.32x0.79) min_z=0.000 → xyz=(6.260,8.250,0.590)
  PASS-A(NF) | item= 165 NF zone=3 dims=(0.52x0.33x0.78) min_z=0.000 → xyz=(6.260,6.165,0.690)
  PASS-A(NF) | item= 477 NF zone=3 dims=(0.38x0.41x1.15) min_z=0.000 → xyz=(6.710,6.205,0.780)
  PASS-A(NF) | item= 140 NF zone=3 dims=(0.79x0.55x1.18) min_z=0.000 → xyz=(7.985,7.395,0.790)
  PASS-A(NF) | item= 994 NF zone=3 dims=(0.40x0.40x1.18) min_z=0.000 → xyz=(7.100,6.200,0.780)
  PASS-A(NF) | item= 228 NF zone=3 dims=(0.65x0.28x0.98) min_z=0.000 → xyz=(7.625,6.140,0.780)
  PASS-A(NF) | item=  55 NF zone=3 dims=(0.46x0.46x1.12) min_z=0.000 → xyz=(8.180,6.230,0.780)
  PASS-A(NF) | item= 362 NF zone=3 dims=(0.45x0.46x1.14) min_z=0.000 → xyz=(8.635,6.230,0.780)
  PASS-A(NF) | item= 500 NF zone=3 dims=(0.45x0.31x1.14) min_z=0.000 → xyz=(6.225,6.485,0.780)
  PASS-A(NF) | item= 747 NF zone=3 dims=(0.51x0.64x0.74) min_z=0.000 → xyz=(7.295,6.720,0.780)
  PASS-A(NF) | item= 190 NF zone=3 dims=(0.46x0.30x1.14) min_z=0.000 → xyz=(8.280,8.850,0.000)
  PASS-A(NF) | item= 171 NF zone=3 dims=(0.46x0.30x1.14) min_z=0.000 → xyz=(6.230,6.790,0.780)
  PASS-A(NF) | item= 685 NF zone=3 dims=(0.79x0.54x1.18) min_z=0.000 → xyz=(6.395,7.820,1.060)
  PASS-A(NF) | item= 157 NF zone=3 dims=(0.73x0.50x0.65) min_z=0.000 → xyz=(6.365,8.660,0.790)
  PASS-A(NF) | item=  69 NF zone=3 dims=(0.79x0.54x1.18) min_z=0.000 → xyz=(8.455,8.150,1.070)
  PASS-A(NF) | item= 875 NF zone=3 dims=(0.79x0.57x1.18) min_z=0.000 → xyz=(6.395,7.265,1.080)
  PASS-A(NF) | item= 531 NF zone=3 dims=(0.79x0.56x1.18) min_z=0.000 → xyz=(7.945,6.740,1.100)
  PASS-A(NF) | item= 498 NF zone=3 dims=(0.43x0.43x1.10) min_z=0.000 → xyz=(7.005,7.255,1.090)
  PASS-A(NF) | item= 893 NF zone=3 dims=(0.43x0.43x1.10) min_z=0.000 → xyz=(8.595,7.525,1.090)
  PASS-A(NF) | item= 813 NF zone=4 dims=(1.17x0.55x0.53) min_z=0.000 → xyz=(1.585,1.275,3.000)
  PASS-A(NF) | item= 746 NF zone=4 dims=(0.57x0.41x0.40) min_z=0.000 → xyz=(2.455,1.205,3.000)
  PASS-A(NF) | item=1000 NF zone=4 dims=(0.55x0.77x0.46) min_z=0.000 → xyz=(3.015,1.385,3.000)
  PASS-A(NF) | item= 622 NF zone=4 dims=(0.58x0.79x0.56) min_z=0.000 → xyz=(3.580,1.395,3.000)
  PASS-A(NF) | item= 442 NF zone=4 dims=(0.57x0.42x0.40) min_z=0.000 → xyz=(2.455,1.620,3.000)
  PASS-A(NF) | item= 754 NF zone=4 dims=(0.59x0.45x0.42) min_z=0.000 → xyz=(1.295,1.775,3.000)
  PASS-A(NF) | item= 708 NF zone=4 dims=(0.58x0.45x0.42) min_z=0.000 → xyz=(1.880,1.775,3.000)
  PASS-A(NF) | item= 527 NF zone=4 dims=(0.43x0.40x1.11) min_z=0.000 → xyz=(2.955,1.970,3.000)
  PASS-A(NF) | item= 639 NF zone=4 dims=(0.67x0.58x0.41) min_z=0.000 → xyz=(3.505,2.080,3.000)
  PASS-A(NF) | item= 366 NF zone=4 dims=(0.50x0.36x0.75) min_z=0.000 → xyz=(2.420,2.010,3.000)
  PASS-A(NF) | item= 319 NF zone=4 dims=(0.67x0.42x0.58) min_z=0.000 → xyz=(1.335,2.210,3.000)
  PASS-A(NF) | item=  66 NF zone=4 dims=(0.40x0.37x1.14) min_z=0.000 → xyz=(1.870,2.185,3.000)
  PASS-A(NF) | item= 529 NF zone=4 dims=(0.39x0.27x0.27) min_z=0.000 → xyz=(2.865,2.305,3.000)
  PASS-A(NF) | item= 798 NF zone=4 dims=(0.39x0.27x0.27) min_z=0.000 → xyz=(2.265,2.325,3.000)
  PASS-A(NF) | item=  86 NF zone=4 dims=(0.39x0.25x0.27) min_z=0.000 → xyz=(1.865,2.495,3.000)
  PASS-A(NF) | item= 384 NF zone=4 dims=(0.39x0.25x0.27) min_z=0.000 → xyz=(3.255,2.495,3.000)
  PASS-A(NF) | item= 612 NF zone=4 dims=(0.42x0.57x0.77) min_z=0.000 → xyz=(3.660,2.655,3.000)
  PASS-A(NF) | item= 125 NF zone=4 dims=(0.41x0.78x1.17) min_z=0.000 → xyz=(1.205,2.810,3.000)
  PASS-A(NF) | item= 501 NF zone=4 dims=(0.58x0.39x0.67) min_z=0.000 → xyz=(2.750,2.635,3.000)
  PASS-A(NF) | item=   0 NF zone=4 dims=(1.00x1.00x1.00) min_z=0.000 → xyz=(1.910,3.120,3.000)
  PASS-A(NF) | item= 273 NF zone=4 dims=(0.40x0.49x0.77) min_z=0.000 → xyz=(3.240,2.865,3.000)
  PASS-A(NF) | item= 270 NF zone=4 dims=(0.42x0.27x0.93) min_z=0.000 → xyz=(2.620,2.965,3.000)
  PASS-A(NF) | item= 116 NF zone=4 dims=(0.40x0.24x0.30) min_z=0.000 → xyz=(3.640,3.060,3.000)
  PASS-A(NF) | item= 421 NF zone=4 dims=(0.51x0.37x0.42) min_z=0.000 → xyz=(2.665,3.285,3.000)
  PASS-A(NF) | item=  26 NF zone=4 dims=(0.39x0.25x0.26) min_z=0.000 → xyz=(3.115,3.235,3.000)
  PASS-A(NF) | item= 573 NF zone=4 dims=(0.39x0.25x0.26) min_z=0.000 → xyz=(3.505,3.305,3.000)
  PASS-A(NF) | item= 764 NF zone=4 dims=(0.26x0.25x0.39) min_z=0.000 → xyz=(3.830,3.305,3.000)
  PASS-A(NF) | item= 145 NF zone=4 dims=(0.35x0.42x1.10) min_z=0.000 → xyz=(1.175,3.410,3.000)
  PASS-A(NF) | item= 654 NF zone=4 dims=(0.36x0.41x1.12) min_z=0.000 → xyz=(3.100,3.565,3.000)
  PASS-A(NF) | item= 988 NF zone=4 dims=(0.44x0.38x1.09) min_z=0.000 → xyz=(3.500,3.620,3.000)
  PASS-A(NF) | item= 957 NF zone=4 dims=(0.47x0.44x1.02) min_z=0.000 → xyz=(2.645,3.690,3.000)
  PASS-A(NF) | item= 624 NF zone=4 dims=(1.11x0.35x0.47) min_z=0.000 → xyz=(1.555,3.795,3.000)
  PASS-A(NF) | item= 448 NF zone=4 dims=(0.54x0.57x1.17) min_z=0.000 → xyz=(2.440,1.285,3.400)
  PASS-A(NF) | item= 487 NF zone=4 dims=(0.52x0.40x0.71) min_z=0.000 → xyz=(3.700,3.140,3.390)
  PASS-A(NF) | item= 238 NF zone=4 dims=(0.20x0.20x0.59) min_z=0.000 → xyz=(2.560,2.290,3.000)
  PASS-A(NF) | item=  82 NF zone=4 dims=(0.20x0.27x0.40) min_z=0.000 → xyz=(2.930,2.965,3.000)
  PASS-A(NF) | item= 496 NF zone=4 dims=(0.70x0.52x0.40) min_z=0.000 → xyz=(3.520,2.050,3.410)
  PASS-A(NF) | item= 204 NF zone=4 dims=(0.29x0.36x0.40) min_z=0.000 → xyz=(3.865,3.610,3.000)
  PASS-A(NF) | item=  24 NF zone=4 dims=(0.47x0.50x1.00) min_z=0.000 → xyz=(2.945,1.250,3.460)
  PASS-A(NF) | item= 926 NF zone=4 dims=(0.25x0.21x0.57) min_z=0.000 → xyz=(2.235,3.725,3.000)
  PASS-A(NF) | item= 756 NF zone=4 dims=(0.51x1.01x0.47) min_z=0.000 → xyz=(1.255,1.495,3.530)
  PASS-A(NF) | item= 929 NF zone=4 dims=(0.16x0.16x0.40) min_z=0.000 → xyz=(1.490,2.500,3.000)
  PASS-A(NF) | item= 127 NF zone=4 dims=(0.39x0.29x0.32) min_z=0.000 → xyz=(2.265,2.335,3.270)
  PASS-A(NF) | item= 586 NF zone=4 dims=(0.28x0.20x0.59) min_z=0.000 → xyz=(3.020,3.870,3.000)
  PASS-A(NF) | item=  79 NF zone=4 dims=(0.24x0.23x0.56) min_z=0.000 → xyz=(3.040,3.225,3.260)
  PASS-A(NF) | item= 886 NF zone=4 dims=(0.43x0.19x0.35) min_z=0.000 → xyz=(3.375,3.905,3.000)
  PASS-A(NF) | item= 555 NF zone=4 dims=(0.41x0.31x0.77) min_z=0.000 → xyz=(3.245,2.465,3.410)
  PASS-A(NF) | item=  29 NF zone=4 dims=(0.22x0.19x0.59) min_z=0.000 → xyz=(3.830,3.885,3.000)
  PASS-A(NF) | item= 339 NF zone=4 dims=(0.23x0.22x0.56) min_z=0.000 → xyz=(3.275,3.220,3.260)
  PASS-A(NF) | item= 180 NF zone=4 dims=(0.28x0.38x0.59) min_z=0.000 → xyz=(3.863,3.532,3.400)
  PASS-A(NF) | item= 539 NF zone=4 dims=(0.36x0.25x0.32) min_z=0.000 → xyz=(2.850,2.295,3.270)
  PASS-A(NF) | item= 474 NF zone=4 dims=(0.17x0.17x0.51) min_z=0.000 → xyz=(2.195,3.915,3.000)
  PASS-A(NF) | item= 559 NF zone=4 dims=(0.54x0.42x0.39) min_z=0.000 → xyz=(1.780,1.760,3.420)
  PASS-A(NF) | item= 155 NF zone=4 dims=(0.33x0.21x0.29) min_z=0.000 → xyz=(1.835,2.475,3.270)
  PASS-A(NF) | item= 700 NF zone=4 dims=(0.33x0.21x0.29) min_z=0.000 → xyz=(2.335,1.675,3.400)
  PASS-A(NF) | item= 599 NF zone=4 dims=(0.42x0.34x0.77) min_z=0.000 → xyz=(2.620,3.270,3.420)
  PASS-A(NF) | item= 300 NF zone=4 dims=(0.39x0.18x0.39) min_z=0.000 → xyz=(3.355,3.900,3.350)
  PASS-A(NF) | item= 763 NF zone=4 dims=(0.17x0.26x0.39) min_z=0.000 → xyz=(2.912,2.962,3.400)
  PASS-A(NF) | item= 566 NF zone=4 dims=(0.22x0.20x0.55) min_z=0.000 → xyz=(2.610,1.670,3.400)
  PASS-A(NF) | item= 790 NF zone=4 dims=(0.22x0.20x0.55) min_z=0.000 → xyz=(1.520,2.520,3.400)
  PASS-A(NF) | item= 974 NF zone=4 dims=(0.40x0.24x0.30) min_z=0.000 → xyz=(2.920,1.620,3.460)
  PASS-A(NF) | item= 217 NF zone=4 dims=(0.80x0.30x0.59) min_z=0.000 → xyz=(1.400,3.770,3.470)
  PASS-A(NF) | item= 567 NF zone=4 dims=(0.29x0.21x0.33) min_z=0.000 → xyz=(1.945,3.725,3.470)
  PASS-A(NF) | item= 398 NF zone=4 dims=(0.33x0.28x0.20) min_z=0.000 → xyz=(1.675,1.130,3.530)
  PASS-A(NF) | item=  70 NF zone=4 dims=(0.28x0.28x0.20) min_z=0.000 → xyz=(1.983,1.133,3.530)
  PASS-A(NF) | item= 804 NF zone=4 dims=(0.53x0.36x0.51) min_z=0.000 → xyz=(3.445,1.170,3.560)
  PASS-A(NF) | item= 800 NF zone=4 dims=(0.28x0.16x0.47) min_z=0.000 → xyz=(1.940,3.910,3.470)
  PASS-A(NF) | item= 801 NF zone=4 dims=(0.29x0.26x0.40) min_z=0.000 → xyz=(1.655,1.400,3.530)
  PASS-A(NF) | item= 919 NF zone=4 dims=(0.78x0.42x0.45) min_z=0.000 → xyz=(3.570,1.560,3.560)
  PASS-A(NF) | item= 489 NF zone=4 dims=(0.54x0.34x0.49) min_z=0.000 → xyz=(1.270,2.170,3.580)
  PASS-A(NF) | item= 194 NF zone=4 dims=(0.24x0.17x0.56) min_z=0.000 → xyz=(2.200,3.915,3.510)
  PASS-A(NF) | item= 782 NF zone=4 dims=(0.26x0.42x1.08) min_z=0.000 → xyz=(2.200,2.400,3.590)
  PASS-A(NF) | item= 393 NF zone=4 dims=(0.35x0.26x0.20) min_z=0.000 → xyz=(1.975,1.405,3.530)
  PASS-A(NF) | item= 889 NF zone=4 dims=(0.26x0.20x0.35) min_z=0.000 → xyz=(3.840,1.090,3.560)
  PASS-A(NF) | item= 658 NF zone=4 dims=(0.26x0.15x0.53) min_z=0.000 → xyz=(3.840,1.265,3.560)
  PASS-A(NF) | item=  68 NF zone=4 dims=(0.39x0.20x0.21) min_z=0.000 → xyz=(1.865,2.470,3.560)
  PASS-A(NF) | item= 948 NF zone=4 dims=(0.21x0.15x0.39) min_z=0.000 → xyz=(2.195,3.695,3.570)
  PASS-A(NF) | item= 306 NF zone=4 dims=(0.26x0.20x0.26) min_z=0.000 → xyz=(2.800,2.270,3.590)
  PASS-A(NF) | item= 417 NF zone=4 dims=(0.24x0.19x0.19) min_z=0.000 → xyz=(2.450,2.285,3.590)
  PASS-A(NF) | item=  25 NF zone=4 dims=(0.26x0.16x0.26) min_z=0.000 → xyz=(3.850,3.805,3.590)
  PASS-A(NF) | item= 841 NF zone=4 dims=(0.40x0.20x0.30) min_z=0.000 → xyz=(2.770,2.470,3.670)
  PASS-A(NF) | item=   1 NF zone=4 dims=(1.00x1.00x1.00) min_z=0.000 → xyz=(1.500,1.490,4.000)
  PASS-A(NF) | item= 502 NF zone=5 dims=(1.07x0.54x0.24) min_z=0.000 → xyz=(6.675,1.260,3.000)
  PASS-A(NF) | item= 216 NF zone=5 dims=(0.19x0.60x0.39) min_z=0.000 → xyz=(7.305,1.290,3.000)
  PASS-A(NF) | item= 961 NF zone=5 dims=(0.34x0.79x0.78) min_z=0.000 → xyz=(7.570,1.385,3.000)
  PASS-A(NF) | item= 600 NF zone=5 dims=(0.46x0.77x0.55) min_z=0.000 → xyz=(7.970,1.375,3.000)
  PASS-A(NF) | item= 197 NF zone=5 dims=(0.56x0.79x0.58) min_z=0.000 → xyz=(8.480,1.385,3.000)
  PASS-A(NF) | item= 437 NF zone=5 dims=(0.39x1.17x0.78) min_z=0.000 → xyz=(6.285,2.115,3.000)
  PASS-A(NF) | item= 665 NF zone=5 dims=(0.42x0.58x0.45) min_z=0.000 → xyz=(6.690,1.820,3.000)
  PASS-A(NF) | item= 164 NF zone=5 dims=(0.42x0.67x0.58) min_z=0.000 → xyz=(7.110,1.925,3.000)
  PASS-A(NF) | item= 867 NF zone=5 dims=(0.42x0.67x0.58) min_z=0.000 → xyz=(7.950,2.095,3.000)
  PASS-A(NF) | item= 560 NF zone=5 dims=(0.42x0.66x0.59) min_z=0.000 → xyz=(7.530,2.110,3.000)
  PASS-A(NF) | item=  96 NF zone=5 dims=(0.42x0.66x0.58) min_z=0.000 → xyz=(8.370,2.110,3.000)
  PASS-A(NF) | item= 594 NF zone=5 dims=(0.40x1.10x0.44) min_z=0.000 → xyz=(8.780,2.330,3.000)
  PASS-A(NF) | item= 232 NF zone=5 dims=(0.42x0.52x0.61) min_z=0.000 → xyz=(6.690,2.370,3.000)
  PASS-A(NF) | item= 942 NF zone=5 dims=(0.42x0.52x0.61) min_z=0.000 → xyz=(7.110,2.520,3.000)
  PASS-A(NF) | item= 939 NF zone=5 dims=(0.40x0.58x0.66) min_z=0.000 → xyz=(7.940,2.720,3.000)
  PASS-A(NF) | item= 762 NF zone=5 dims=(0.70x0.46x0.51) min_z=0.000 → xyz=(6.440,2.930,3.000)
  PASS-A(NF) | item= 930 NF zone=5 dims=(0.51x0.57x0.78) min_z=0.000 → xyz=(7.045,3.065,3.000)
  PASS-A(NF) | item= 213 NF zone=5 dims=(0.46x0.57x0.77) min_z=0.000 → xyz=(8.370,3.165,3.000)
  PASS-A(NF) | item=  83 NF zone=5 dims=(0.35x0.37x1.14) min_z=0.000 → xyz=(7.495,2.625,3.000)
  PASS-A(NF) | item=  72 NF zone=5 dims=(0.38x0.58x0.66) min_z=0.000 → xyz=(7.490,3.100,3.000)
  PASS-A(NF) | item= 761 NF zone=5 dims=(0.38x0.58x0.66) min_z=0.000 → xyz=(8.790,3.170,3.000)
  PASS-A(NF) | item= 221 NF zone=5 dims=(0.38x0.58x0.67) min_z=0.000 → xyz=(7.870,3.300,3.000)
  PASS-A(NF) | item= 709 NF zone=5 dims=(0.67x0.38x0.58) min_z=0.000 → xyz=(6.425,3.350,3.000)
  PASS-A(NF) | item= 983 NF zone=5 dims=(0.26x0.27x0.54) min_z=0.000 → xyz=(8.270,2.575,3.000)
  PASS-A(NF) | item= 544 NF zone=5 dims=(0.38x0.59x0.66) min_z=0.000 → xyz=(6.950,3.645,3.000)
  PASS-A(NF) | item= 627 NF zone=5 dims=(0.42x0.27x0.93) min_z=0.000 → xyz=(7.350,3.525,3.000)
  PASS-A(NF) | item= 991 NF zone=5 dims=(0.26x0.29x0.40) min_z=0.000 → xyz=(8.190,3.595,3.000)
  PASS-A(NF) | item= 214 NF zone=5 dims=(0.25x0.39x0.26) min_z=0.000 → xyz=(8.885,1.185,3.000)
  PASS-A(NF) | item= 626 NF zone=5 dims=(0.25x0.39x0.26) min_z=0.000 → xyz=(8.885,1.575,3.000)
  PASS-A(NF) | item= 843 NF zone=5 dims=(0.25x0.26x0.39) min_z=0.000 → xyz=(8.445,3.580,3.000)
  PASS-A(NF) | item= 833 NF zone=5 dims=(0.35x0.42x1.10) min_z=0.000 → xyz=(8.745,3.670,3.000)
  PASS-A(NF) | item= 519 NF zone=5 dims=(0.80x0.35x0.80) min_z=0.000 → xyz=(7.540,3.835,3.000)
  PASS-A(NF) | item=  48 NF zone=5 dims=(0.41x0.35x1.11) min_z=0.000 → xyz=(6.295,3.715,3.000)
  PASS-A(NF) | item= 359 NF zone=5 dims=(1.11x0.47x0.36) min_z=0.000 → xyz=(6.645,1.225,3.240)
  PASS-A(NF) | item= 185 NF zone=5 dims=(0.40x0.52x0.71) min_z=0.000 → xyz=(8.260,3.710,3.400)
  PASS-A(NF) | item= 959 NF zone=5 dims=(0.15x0.39x0.59) min_z=0.000 → xyz=(8.475,2.635,3.000)
  PASS-A(NF) | item= 288 NF zone=5 dims=(0.40x0.52x0.71) min_z=0.000 → xyz=(8.780,2.040,3.440)
  PASS-A(NF) | item= 233 NF zone=5 dims=(0.40x0.52x0.70) min_z=0.000 → xyz=(8.780,2.560,3.440)
  PASS-A(NF) | item= 914 NF zone=5 dims=(0.40x0.52x0.71) min_z=0.000 → xyz=(6.680,1.720,3.450)
  PASS-A(NF) | item= 401 NF zone=5 dims=(0.22x0.27x0.53) min_z=0.000 → xyz=(6.610,3.675,3.000)
  PASS-A(NF) | item=   6 NF zone=5 dims=(0.20x0.20x0.59) min_z=0.000 → xyz=(6.600,3.910,3.000)
  PASS-A(NF) | item= 701 NF zone=5 dims=(0.20x0.59x0.20) min_z=0.000 → xyz=(8.860,1.285,3.260)
  PASS-A(NF) | item= 996 NF zone=5 dims=(0.20x0.40x0.27) min_z=0.000 → xyz=(7.300,1.190,3.390)
  PASS-A(NF) | item= 892 NF zone=5 dims=(0.70x0.40x0.52) min_z=0.000 → xyz=(6.440,2.900,3.510)
  PASS-A(NF) | item= 664 NF zone=5 dims=(0.29x0.40x0.36) min_z=0.000 → xyz=(7.885,1.190,3.550)
  PASS-A(NF) | item= 832 NF zone=5 dims=(0.47x1.00x0.50) min_z=0.000 → xyz=(8.265,1.490,3.580)
  PASS-A(NF) | item= 822 NF zone=5 dims=(0.26x0.26x0.40) min_z=0.000 → xyz=(6.630,3.670,3.530)
  PASS-A(NF) | item= 135 NF zone=5 dims=(0.22x0.31x0.55) min_z=0.000 → xyz=(8.870,1.145,3.460)
  PASS-A(NF) | item= 707 NF zone=5 dims=(0.28x1.04x0.52) min_z=0.000 → xyz=(7.880,1.910,3.580)
  PASS-A(NF) | item= 969 NF zone=5 dims=(0.23x0.20x0.39) min_z=0.000 → xyz=(8.875,1.680,3.260)
  PASS-A(NF) | item= 284 NF zone=5 dims=(0.16x0.16x0.40) min_z=0.000 → xyz=(8.220,2.790,3.000)
  PASS-A(NF) | item= 510 NF zone=5 dims=(0.16x0.16x0.40) min_z=0.000 → xyz=(7.280,1.470,3.390)
  PASS-A(NF) | item= 950 NF zone=5 dims=(0.16x0.16x0.40) min_z=0.000 → xyz=(8.220,2.790,3.400)
  PASS-A(NF) | item= 753 NF zone=5 dims=(0.29x0.39x0.32) min_z=0.000 → xyz=(7.025,1.655,3.580)
  PASS-A(NF) | item= 883 NF zone=5 dims=(0.20x0.28x0.59) min_z=0.000 → xyz=(8.860,1.440,3.460)
  PASS-A(NF) | item= 770 NF zone=5 dims=(0.23x0.24x0.56) min_z=0.000 → xyz=(8.255,2.560,3.540)
  PASS-A(NF) | item= 404 NF zone=5 dims=(0.14x0.33x0.53) min_z=0.000 → xyz=(8.570,1.155,3.580)
  PASS-A(NF) | item=  47 NF zone=5 dims=(0.17x0.38x0.17) min_z=0.000 → xyz=(8.585,1.510,3.580)
  PASS-A(NF) | item= 469 NF zone=5 dims=(0.29x0.40x0.60) min_z=0.000 → xyz=(7.045,2.050,3.580)
  PASS-A(NF) | item= 472 NF zone=5 dims=(0.15x0.23x0.57) min_z=0.000 → xyz=(7.245,1.665,3.580)
  PASS-A(NF) | item= 917 NF zone=5 dims=(0.15x0.23x0.57) min_z=0.000 → xyz=(8.095,2.105,3.580)
  PASS-A(NF) | item= 993 NF zone=5 dims=(0.19x0.22x0.59) min_z=0.000 → xyz=(8.265,2.100,3.580)
  PASS-A(NF) | item= 655 NF zone=5 dims=(0.15x0.23x0.57) min_z=0.000 → xyz=(8.435,2.105,3.580)
  PASS-A(NF) | item= 480 NF zone=5 dims=(0.44x0.29x0.74) min_z=0.000 → xyz=(6.310,3.245,3.580)
  PASS-A(NF) | item= 672 NF zone=5 dims=(0.17x0.17x0.51) min_z=0.000 → xyz=(8.255,2.295,3.580)
  PASS-A(NF) | item= 952 NF zone=5 dims=(0.39x0.42x0.54) min_z=0.000 → xyz=(7.385,1.990,3.590)
  PASS-A(NF) | item= 486 NF zone=5 dims=(0.21x0.29x0.33) min_z=0.000 → xyz=(6.635,3.245,3.580)
  PASS-A(NF) | item= 796 NF zone=5 dims=(0.29x0.21x0.33) min_z=0.000 → xyz=(7.465,2.305,3.590)
  PASS-A(NF) | item= 999 NF zone=5 dims=(0.77x0.42x0.34) min_z=0.000 → xyz=(6.475,1.200,3.600)
  PASS-A(NF) | item= 799 NF zone=5 dims=(0.19x0.39x0.40) min_z=0.000 → xyz=(8.462,2.415,3.590)
  PASS-A(NF) | item= 365 NF zone=5 dims=(0.20x0.22x0.55) min_z=0.000 → xyz=(8.470,2.720,3.590)
  PASS-A(NF) | item= 641 NF zone=5 dims=(0.22x0.20x0.55) min_z=0.000 → xyz=(6.610,3.900,3.590)
  PASS-A(NF) | item= 568 NF zone=5 dims=(0.24x0.40x0.30) min_z=0.000 → xyz=(6.980,1.190,3.600)
  PASS-A(NF) | item= 334 NF zone=5 dims=(0.42x0.42x0.77) min_z=0.000 → xyz=(6.690,2.190,3.610)
  PASS-A(NF) | item= 387 NF zone=5 dims=(0.29x0.21x0.33) min_z=0.000 → xyz=(7.045,2.355,3.610)
  PASS-A(NF) | item= 176 NF zone=5 dims=(0.33x0.20x0.28) min_z=0.000 → xyz=(6.645,2.500,3.610)
  PASS-A(NF) | item= 958 NF zone=5 dims=(0.28x0.20x0.33) min_z=0.000 → xyz=(6.950,2.560,3.610)
  PASS-A(NF) | item= 376 NF zone=5 dims=(0.36x0.51x0.53) min_z=0.000 → xyz=(7.850,2.685,3.660)
  PASS-A(NF) | item= 148 NF zone=5 dims=(0.16x0.28x0.47) min_z=0.000 → xyz=(7.660,1.920,3.590)
  PASS-A(NF) | item= 302 NF zone=5 dims=(0.26x0.40x0.29) min_z=0.000 → xyz=(7.230,1.190,3.660)
  PASS-A(NF) | item= 133 NF zone=5 dims=(0.38x0.51x0.53) min_z=0.000 → xyz=(8.790,3.075,3.660)
  PASS-A(NF) | item= 906 NF zone=5 dims=(0.30x0.26x0.58) min_z=0.000 → xyz=(7.450,2.940,3.660)
  PASS-A(NF) | item= 363 NF zone=5 dims=(0.20x0.17x0.56) min_z=0.000 → xyz=(7.190,2.545,3.610)
  PASS-A(NF) | item= 589 NF zone=5 dims=(0.32x0.51x0.53) min_z=0.000 → xyz=(6.920,3.605,3.660)
  PASS-A(NF) | item= 432 NF zone=5 dims=(0.24x0.17x0.56) min_z=0.000 → xyz=(8.790,1.665,3.650)
  PASS-A(NF) | item= 475 NF zone=5 dims=(0.23x0.22x0.50) min_z=0.000 → xyz=(7.415,3.180,3.660)
  PASS-A(NF) | item=  58 NF zone=5 dims=(0.24x0.16x0.46) min_z=0.000 → xyz=(7.720,3.020,3.670)
  PASS-A(NF) | item= 186 NF zone=5 dims=(0.29x0.26x0.59) min_z=0.000 → xyz=(7.985,3.070,3.670)
  PASS-A(NF) | item=  67 NF zone=5 dims=(0.26x0.20x0.35) min_z=0.000 → xyz=(7.660,3.200,3.670)
  PASS-A(NF) | item= 315 NF zone=5 dims=(0.26x0.20x0.35) min_z=0.000 → xyz=(7.920,3.300,3.670)
  PASS-A(NF) | item= 859 NF zone=5 dims=(0.20x0.26x0.35) min_z=0.000 → xyz=(7.660,3.430,3.670)
  PASS-A(NF) | item= 158 NF zone=5 dims=(0.53x0.15x0.26) min_z=0.000 → xyz=(6.355,3.465,3.580)
  PASS-A(NF) | item= 712 NF zone=5 dims=(0.10x0.40x0.30) min_z=0.000 → xyz=(6.040,1.190,3.000)
  PASS-A(NF) | item= 383 NF zone=5 dims=(0.15x0.21x0.39) min_z=0.000 → xyz=(8.095,2.325,3.580)
  PASS-A(NF) | item= 467 NF zone=5 dims=(0.10x0.50x0.14) min_z=0.000 → xyz=(6.040,1.640,3.000)
  PASS-A(NF) | item= 727 NF zone=5 dims=(0.10x0.14x0.50) min_z=0.000 → xyz=(6.040,1.960,3.000)
  PASS-A(NF) | item= 215 NF zone=5 dims=(0.26x0.21x0.28) min_z=0.000 → xyz=(7.920,3.505,3.670)
  PASS-A(NF) | item= 850 NF zone=5 dims=(0.19x0.24x0.19) min_z=0.000 → xyz=(8.595,1.440,3.750)
  PASS-A(NF) | item= 524 NF zone=5 dims=(0.20x0.30x0.40) min_z=0.000 → xyz=(8.470,2.980,3.770)
  PASS-A(NF) | item=  91 NF zone=5 dims=(0.53x0.20x0.58) min_z=0.000 → xyz=(8.315,3.300,3.770)
  PASS-A(NF) | item= 896 NF zone=6 dims=(1.07x0.54x0.24) min_z=0.000 → xyz=(2.075,6.260,3.000)
  PASS-A(NF) | item= 928 NF zone=6 dims=(0.39x0.60x0.19) min_z=0.000 → xyz=(1.345,6.290,3.000)
  PASS-A(NF) | item= 416 NF zone=6 dims=(0.79x0.78x0.34) min_z=0.000 → xyz=(3.005,6.380,3.000)
  PASS-A(NF) | item=  33 NF zone=6 dims=(0.57x0.41x0.40) min_z=0.000 → xyz=(3.685,6.195,3.000)
  PASS-A(NF) | item= 878 NF zone=6 dims=(0.46x0.78x1.17) min_z=0.000 → xyz=(3.630,6.790,3.000)
  PASS-A(NF) | item=  75 NF zone=6 dims=(0.59x0.42x0.45) min_z=0.000 → xyz=(1.835,6.740,3.000)
  PASS-A(NF) | item= 137 NF zone=6 dims=(0.45x0.42x0.58) min_z=0.000 → xyz=(2.355,6.740,3.000)
  PASS-A(NF) | item= 402 NF zone=6 dims=(0.42x0.45x0.58) min_z=0.000 → xyz=(1.210,6.825,3.000)
  PASS-A(NF) | item=  42 NF zone=6 dims=(0.42x0.27x1.00) min_z=0.000 → xyz=(2.790,6.905,3.000)
  PASS-A(NF) | item= 162 NF zone=6 dims=(0.67x0.41x0.58) min_z=0.000 → xyz=(1.755,7.155,3.000)
  PASS-A(NF) | item= 471 NF zone=6 dims=(0.40x0.54x0.64) min_z=0.000 → xyz=(3.200,7.040,3.000)
  PASS-A(NF) | item= 953 NF zone=6 dims=(0.42x0.59x0.66) min_z=0.000 → xyz=(2.300,7.245,3.000)
  PASS-A(NF) | item= 719 NF zone=6 dims=(0.42x0.58x0.66) min_z=0.000 → xyz=(2.720,7.330,3.000)
  PASS-A(NF) | item= 195 NF zone=6 dims=(0.39x0.27x0.27) min_z=0.000 → xyz=(1.195,7.185,3.000)
  PASS-A(NF) | item= 237 NF zone=6 dims=(0.39x0.27x0.27) min_z=0.000 → xyz=(3.595,7.315,3.000)
  PASS-A(NF) | item= 570 NF zone=6 dims=(0.39x0.27x0.27) min_z=0.000 → xyz=(3.125,7.445,3.000)
  PASS-A(NF) | item= 839 NF zone=6 dims=(0.39x0.27x0.27) min_z=0.000 → xyz=(1.195,7.455,3.000)
  PASS-A(NF) | item= 154 NF zone=6 dims=(0.39x0.25x0.27) min_z=0.000 → xyz=(1.585,7.485,3.000)
  PASS-A(NF) | item= 348 NF zone=6 dims=(0.57x0.42x0.77) min_z=0.000 → xyz=(3.605,7.660,3.000)
  PASS-A(NF) | item= 779 NF zone=6 dims=(0.30x0.24x0.40) min_z=0.000 → xyz=(1.930,7.480,3.000)
  PASS-A(NF) | item= 545 NF zone=6 dims=(0.40x0.58x0.66) min_z=0.000 → xyz=(2.280,7.830,3.000)
  PASS-A(NF) | item= 202 NF zone=6 dims=(0.33x0.23x0.57) min_z=0.000 → xyz=(3.095,7.695,3.000)
  PASS-A(NF) | item= 713 NF zone=6 dims=(0.33x0.23x0.57) min_z=0.000 → xyz=(1.165,7.705,3.000)
  PASS-A(NF) | item=  73 NF zone=6 dims=(0.70x0.46x0.51) min_z=0.000 → xyz=(1.680,7.840,3.000)
  PASS-A(NF) | item= 338 NF zone=6 dims=(0.78x0.51x0.57) min_z=0.000 → xyz=(2.870,8.065,3.000)
  PASS-A(NF) | item=   3 NF zone=6 dims=(1.00x1.00x1.00) min_z=0.000 → xyz=(1.500,8.320,3.510)
  PASS-A(NF) | item= 380 NF zone=6 dims=(0.19x0.26x0.57) min_z=0.000 → xyz=(3.885,7.310,3.000)
  PASS-A(NF) | item= 211 NF zone=6 dims=(0.69x0.40x0.54) min_z=0.000 → xyz=(3.605,8.070,3.000)
  PASS-A(NF) | item= 279 NF zone=6 dims=(0.39x0.26x0.29) min_z=0.000 → xyz=(2.195,8.250,3.000)
  PASS-A(NF) | item= 358 NF zone=6 dims=(0.40x0.26x0.29) min_z=0.000 → xyz=(3.460,8.400,3.000)
  PASS-A(NF) | item= 482 NF zone=6 dims=(0.46x0.42x1.06) min_z=0.000 → xyz=(2.620,8.530,3.000)
  PASS-A(NF) | item=  85 NF zone=6 dims=(0.35x0.42x1.10) min_z=0.000 → xyz=(3.835,8.480,3.000)
  PASS-A(NF) | item= 907 NF zone=6 dims=(0.80x0.35x0.80) min_z=0.000 → xyz=(3.250,8.705,3.000)
  PASS-A(NF) | item= 564 NF zone=6 dims=(0.47x0.44x1.02) min_z=0.000 → xyz=(1.235,6.210,3.190)
  PASS-A(NF) | item=   7 NF zone=6 dims=(0.35x0.47x1.11) min_z=0.000 → xyz=(2.175,8.615,3.000)
  PASS-A(NF) | item= 438 NF zone=6 dims=(0.15x0.39x0.59) min_z=0.000 → xyz=(3.935,6.595,3.000)
  PASS-A(NF) | item= 806 NF zone=6 dims=(0.57x0.54x1.17) min_z=0.000 → xyz=(1.755,6.260,3.240)
  PASS-A(NF) | item= 623 NF zone=6 dims=(0.34x0.23x0.41) min_z=0.000 → xyz=(3.820,8.805,3.000)
  PASS-A(NF) | item= 184 NF zone=6 dims=(0.56x0.53x0.79) min_z=0.000 → xyz=(2.320,6.255,3.240)
  PASS-A(NF) | item= 281 NF zone=6 dims=(0.79x0.59x0.33) min_z=0.000 → xyz=(2.995,6.285,3.340)
  PASS-A(NF) | item= 575 NF zone=6 dims=(0.78x0.52x0.55) min_z=0.000 → xyz=(2.870,7.880,3.570)
  PASS-A(NF) | item= 258 NF zone=6 dims=(0.28x0.52x1.04) min_z=0.000 → xyz=(1.140,7.310,3.270)
  PASS-A(NF) | item= 117 NF zone=6 dims=(0.37x0.20x0.27) min_z=0.000 → xyz=(3.035,8.420,3.000)
  PASS-A(NF) | item= 257 NF zone=6 dims=(0.39x0.20x0.23) min_z=0.000 → xyz=(2.545,8.840,3.000)
  PASS-A(NF) | item= 283 NF zone=6 dims=(0.40x0.16x0.16) min_z=0.000 → xyz=(1.200,8.900,3.000)
  PASS-A(NF) | item= 345 NF zone=6 dims=(0.40x0.16x0.16) min_z=0.000 → xyz=(1.600,8.900,3.000)
  PASS-A(NF) | item= 523 NF zone=6 dims=(0.16x0.16x0.40) min_z=0.000 → xyz=(1.880,8.900,3.000)
  PASS-A(NF) | item= 491 NF zone=6 dims=(0.27x0.16x0.40) min_z=0.000 → xyz=(2.095,8.930,3.000)
  PASS-A(NF) | item= 323 NF zone=6 dims=(0.40x0.20x0.30) min_z=0.000 → xyz=(2.550,8.840,3.230)
  PASS-A(NF) | item= 610 NF zone=6 dims=(0.23x0.23x0.56) min_z=0.000 → xyz=(3.515,7.295,3.270)
  PASS-A(NF) | item= 634 NF zone=6 dims=(0.30x0.19x0.40) min_z=0.000 → xyz=(3.080,7.407,3.270)
  PASS-A(NF) | item= 349 NF zone=6 dims=(0.43x0.19x0.35) min_z=0.000 → xyz=(1.215,8.915,3.160)
  PASS-A(NF) | item= 847 NF zone=6 dims=(0.14x0.33x0.53) min_z=0.000 → xyz=(3.930,6.955,3.000)
  PASS-A(NF) | item= 899 NF zone=6 dims=(0.60x0.40x0.29) min_z=0.000 → xyz=(3.690,6.190,3.400)
  PASS-A(NF) | item= 492 NF zone=6 dims=(0.23x0.15x0.57) min_z=0.000 → xyz=(1.545,8.895,3.160)
  PASS-A(NF) | item=  53 NF zone=6 dims=(0.22x0.19x0.59) min_z=0.000 → xyz=(1.390,7.455,3.270)
  PASS-A(NF) | item= 649 NF zone=6 dims=(0.23x0.22x0.56) min_z=0.000 → xyz=(1.615,7.470,3.270)
  PASS-A(NF) | item= 755 NF zone=6 dims=(0.59x0.28x0.38) min_z=0.000 → xyz=(1.715,6.672,3.450)
  PASS-A(NF) | item= 434 NF zone=6 dims=(0.33x0.44x0.76) min_z=0.000 → xyz=(1.895,7.580,3.510)
  PASS-A(NF) | item=  35 NF zone=6 dims=(0.42x0.34x0.77) min_z=0.000 → xyz=(3.470,8.040,3.540)
  PASS-A(NF) | item=  32 NF zone=6 dims=(0.38x0.19x0.58) min_z=0.000 → xyz=(3.040,8.415,3.270)
  PASS-A(NF) | item= 518 NF zone=6 dims=(0.29x0.19x0.20) min_z=0.000 → xyz=(2.145,8.215,3.290)
  PASS-A(NF) | item= 656 NF zone=6 dims=(0.19x0.20x0.29) min_z=0.000 → xyz=(2.385,8.220,3.290)
  PASS-A(NF) | item= 403 NF zone=6 dims=(0.40x0.19x0.39) min_z=0.000 → xyz=(3.460,8.362,3.290)
  PASS-A(NF) | item= 347 NF zone=6 dims=(0.39x0.52x0.54) min_z=0.000 → xyz=(1.195,6.690,3.580)
  PASS-A(NF) | item= 630 NF zone=6 dims=(0.59x0.30x0.80) min_z=0.000 → xyz=(1.685,6.965,3.580)
  PASS-A(NF) | item= 428 NF zone=6 dims=(0.33x0.20x0.28) min_z=0.000 → xyz=(3.815,8.790,3.410)
  PASS-A(NF) | item=  97 NF zone=6 dims=(0.30x0.60x0.80) min_z=0.000 → xyz=(3.150,6.880,3.640)
  PASS-A(NF) | item= 172 NF zone=6 dims=(0.26x0.22x0.29) min_z=0.000 → xyz=(2.130,8.227,3.490)
  PASS-A(NF) | item= 532 NF zone=6 dims=(0.45x0.42x0.78) min_z=0.000 → xyz=(2.265,6.730,3.580)
  PASS-A(NF) | item= 768 NF zone=6 dims=(0.20x0.17x0.56) min_z=0.000 → xyz=(2.680,6.665,3.340)
  PASS-A(NF) | item= 987 NF zone=6 dims=(0.53x0.32x0.51) min_z=0.000 → xyz=(2.245,7.100,3.660)
  PASS-A(NF) | item= 143 NF zone=6 dims=(0.42x0.26x1.08) min_z=0.000 → xyz=(2.560,8.870,3.530)
  PASS-A(NF) | item= 269 NF zone=6 dims=(0.35x0.20x0.26) min_z=0.000 → xyz=(1.505,7.680,3.510)
  PASS-A(NF) | item= 621 NF zone=6 dims=(0.26x0.20x0.35) min_z=0.000 → xyz=(3.810,7.970,3.540)
  PASS-A(NF) | item= 962 NF zone=6 dims=(0.26x0.20x0.35) min_z=0.000 → xyz=(3.810,8.170,3.540)
  PASS-A(NF) | item=  41 NF zone=6 dims=(0.10x0.30x0.40) min_z=0.000 → xyz=(3.940,7.590,3.000)
  PASS-A(NF) | item= 678 NF zone=6 dims=(0.21x0.20x0.39) min_z=0.000 → xyz=(3.735,7.280,3.570)
  PASS-A(NF) | item= 565 NF zone=6 dims=(0.38x0.17x0.38) min_z=0.000 → xyz=(1.190,8.905,3.510)
  PASS-A(NF) | item= 831 NF zone=6 dims=(0.28x0.21x0.26) min_z=0.000 → xyz=(1.140,7.675,3.570)
  PASS-A(NF) | item= 441 NF zone=6 dims=(0.26x0.27x0.40) min_z=0.000 → xyz=(2.640,7.175,3.660)
  PASS-A(NF) | item= 742 NF zone=6 dims=(0.53x0.20x0.58) min_z=0.000 → xyz=(1.545,7.215,3.580)
  PASS-A(NF) | item= 207 NF zone=7 dims=(1.17x0.53x0.55) min_z=0.000 → xyz=(6.585,6.255,3.000)
  PASS-A(NF) | item= 209 NF zone=7 dims=(0.40x0.41x0.57) min_z=0.000 → xyz=(7.370,6.195,3.000)
  PASS-A(NF) | item= 470 NF zone=7 dims=(0.46x0.78x1.17) min_z=0.000 → xyz=(7.800,6.380,3.000)
  PASS-A(NF) | item= 721 NF zone=7 dims=(0.39x0.78x1.17) min_z=0.000 → xyz=(8.225,6.380,3.000)
  PASS-A(NF) | item= 915 NF zone=7 dims=(0.40x0.43x1.11) min_z=0.000 → xyz=(8.620,6.205,3.000)
  PASS-A(NF) | item= 456 NF zone=7 dims=(0.42x0.58x0.67) min_z=0.000 → xyz=(8.630,6.710,3.000)
  PASS-A(NF) | item= 777 NF zone=7 dims=(0.36x0.50x0.75) min_z=0.000 → xyz=(7.350,6.650,3.000)
  PASS-A(NF) | item= 760 NF zone=7 dims=(0.67x0.42x0.58) min_z=0.000 → xyz=(6.335,6.730,3.000)
  PASS-A(NF) | item= 156 NF zone=7 dims=(0.41x0.58x0.66) min_z=0.000 → xyz=(6.875,6.810,3.000)
  PASS-A(NF) | item= 461 NF zone=7 dims=(0.27x0.27x0.39) min_z=0.000 → xyz=(7.665,6.905,3.000)
  PASS-A(NF) | item= 731 NF zone=7 dims=(0.27x0.27x0.39) min_z=0.000 → xyz=(7.935,6.905,3.000)
  PASS-A(NF) | item= 918 NF zone=7 dims=(0.27x0.27x0.39) min_z=0.000 → xyz=(8.205,6.905,3.000)
  PASS-A(NF) | item= 681 NF zone=7 dims=(0.27x0.25x0.39) min_z=0.000 → xyz=(7.215,7.025,3.000)
  PASS-A(NF) | item=  50 NF zone=7 dims=(0.59x0.34x0.78) min_z=0.000 → xyz=(6.295,7.110,3.000)
  PASS-A(NF) | item= 286 NF zone=7 dims=(0.24x0.30x0.40) min_z=0.000 → xyz=(8.460,7.150,3.000)
  PASS-A(NF) | item= 614 NF zone=7 dims=(0.41x0.78x1.17) min_z=0.000 → xyz=(8.785,7.390,3.000)
  PASS-A(NF) | item= 895 NF zone=7 dims=(0.39x0.58x0.67) min_z=0.000 → xyz=(7.545,7.330,3.000)
  PASS-A(NF) | item=   2 NF zone=7 dims=(1.00x1.00x1.00) min_z=0.000 → xyz=(6.500,7.780,3.000)
  PASS-A(NF) | item= 305 NF zone=7 dims=(0.27x0.26x0.54) min_z=0.000 → xyz=(7.875,7.170,3.000)
  PASS-A(NF) | item= 552 NF zone=7 dims=(0.26x0.27x0.54) min_z=0.000 → xyz=(8.140,7.175,3.000)
  PASS-A(NF) | item=1002 NF zone=7 dims=(0.27x0.26x0.54) min_z=0.000 → xyz=(7.135,7.280,3.000)
  PASS-A(NF) | item= 670 NF zone=7 dims=(0.19x0.26x0.57) min_z=0.000 → xyz=(8.915,6.120,3.000)
  PASS-A(NF) | item= 857 NF zone=7 dims=(0.40x0.54x0.69) min_z=0.000 → xyz=(7.940,7.580,3.000)
  PASS-A(NF) | item=  95 NF zone=7 dims=(0.26x0.29x0.40) min_z=0.000 → xyz=(8.400,7.445,3.000)
  PASS-A(NF) | item= 717 NF zone=7 dims=(0.29x0.26x0.40) min_z=0.000 → xyz=(7.145,7.540,3.000)
  PASS-A(NF) | item= 935 NF zone=7 dims=(0.42x0.46x1.06) min_z=0.000 → xyz=(8.350,7.820,3.000)
  PASS-A(NF) | item= 181 NF zone=7 dims=(0.41x0.36x1.12) min_z=0.000 → xyz=(7.495,7.800,3.000)
  PASS-A(NF) | item= 413 NF zone=7 dims=(0.38x0.44x1.09) min_z=0.000 → xyz=(8.750,8.000,3.000)
  PASS-A(NF) | item= 728 NF zone=7 dims=(0.41x0.35x1.11) min_z=0.000 → xyz=(7.905,8.025,3.000)
  PASS-A(NF) | item= 772 NF zone=7 dims=(0.47x0.36x1.11) min_z=0.000 → xyz=(7.235,8.160,3.000)
  PASS-A(NF) | item= 871 NF zone=7 dims=(0.40x0.52x0.71) min_z=0.000 → xyz=(8.310,8.310,3.000)
  PASS-A(NF) | item= 307 NF zone=7 dims=(0.14x0.29x0.47) min_z=0.000 → xyz=(8.910,6.395,3.000)
  PASS-A(NF) | item= 730 NF zone=7 dims=(0.14x0.29x0.47) min_z=0.000 → xyz=(8.910,6.685,3.000)
  PASS-A(NF) | item= 378 NF zone=7 dims=(0.52x0.27x1.02) min_z=0.000 → xyz=(7.730,8.335,3.000)
  PASS-A(NF) | item= 526 NF zone=7 dims=(0.40x0.52x0.71) min_z=0.000 → xyz=(8.710,8.480,3.000)
  PASS-A(NF) | item= 396 NF zone=7 dims=(0.41x0.23x0.34) min_z=0.000 → xyz=(6.205,8.395,3.000)
  PASS-A(NF) | item= 266 NF zone=7 dims=(0.28x0.11x0.55) min_z=0.000 → xyz=(6.730,7.155,3.000)
  PASS-A(NF) | item= 692 NF zone=7 dims=(0.56x0.53x0.79) min_z=0.000 → xyz=(6.690,8.545,3.000)
  PASS-A(NF) | item= 706 NF zone=7 dims=(0.33x0.59x0.79) min_z=0.000 → xyz=(7.135,8.635,3.000)
  PASS-A(NF) | item= 317 NF zone=7 dims=(0.27x0.22x0.53) min_z=0.000 → xyz=(7.135,7.780,3.000)
  PASS-A(NF) | item= 812 NF zone=7 dims=(0.27x0.22x0.53) min_z=0.000 → xyz=(7.435,8.580,3.000)
  PASS-A(NF) | item= 444 NF zone=7 dims=(0.25x0.21x0.57) min_z=0.000 → xyz=(7.695,8.575,3.000)
  PASS-A(NF) | item= 509 NF zone=7 dims=(0.25x0.21x0.57) min_z=0.000 → xyz=(7.945,8.575,3.000)
  PASS-A(NF) | item= 695 NF zone=7 dims=(0.25x0.21x0.57) min_z=0.000 → xyz=(6.125,8.615,3.000)
  PASS-A(NF) | item= 463 NF zone=7 dims=(0.26x0.26x0.40) min_z=0.000 → xyz=(8.200,8.700,3.000)
  PASS-A(NF) | item=  43 NF zone=7 dims=(0.47x0.51x1.01) min_z=0.000 → xyz=(7.975,7.025,3.540)
  PASS-A(NF) | item= 817 NF zone=7 dims=(0.16x0.16x0.40) min_z=0.000 → xyz=(8.920,6.910,3.000)
  PASS-A(NF) | item= 715 NF zone=7 dims=(0.16x0.27x0.40) min_z=0.000 → xyz=(6.330,8.645,3.000)
  PASS-A(NF) | item= 512 NF zone=7 dims=(0.23x0.23x0.56) min_z=0.000 → xyz=(7.685,8.795,3.000)
  PASS-A(NF) | item=  57 NF zone=7 dims=(0.19x0.30x0.40) min_z=0.000 → xyz=(7.897,8.830,3.000)
  PASS-A(NF) | item= 490 NF zone=7 dims=(0.65x0.39x0.53) min_z=0.000 → xyz=(6.325,6.185,3.550)
  PASS-A(NF) | item= 106 NF zone=7 dims=(0.23x0.15x0.57) min_z=0.000 → xyz=(7.585,8.055,3.000)
  PASS-A(NF) | item= 842 NF zone=7 dims=(0.15x0.23x0.57) min_z=0.000 → xyz=(8.405,8.685,3.000)
  PASS-A(NF) | item= 844 NF zone=7 dims=(0.22x0.19x0.59) min_z=0.000 → xyz=(7.410,8.785,3.000)
  PASS-A(NF) | item= 327 NF zone=7 dims=(0.23x0.15x0.57) min_z=0.000 → xyz=(6.115,8.795,3.000)
  PASS-A(NF) | item= 423 NF zone=7 dims=(0.20x0.19x0.59) min_z=0.000 → xyz=(8.580,8.835,3.000)
  PASS-A(NF) | item= 244 NF zone=7 dims=(0.21x0.21x0.53) min_z=0.000 → xyz=(8.785,8.845,3.000)
  PASS-A(NF) | item= 485 NF zone=7 dims=(0.25x0.32x0.36) min_z=0.000 → xyz=(7.925,8.840,3.395)
  PASS-A(NF) | item= 572 NF zone=7 dims=(0.33x0.42x0.44) min_z=0.000 → xyz=(8.375,7.210,3.540)
  PASS-A(NF) | item=  46 NF zone=7 dims=(0.39x0.17x0.39) min_z=0.000 → xyz=(6.424,8.895,3.000)
  PASS-A(NF) | item= 921 NF zone=7 dims=(0.39x0.17x0.39) min_z=0.000 → xyz=(8.244,8.915,3.000)
  PASS-A(NF) | item= 771 NF zone=7 dims=(0.34x0.42x0.77) min_z=0.000 → xyz=(7.170,7.310,3.540)
  PASS-A(NF) | item= 629 NF zone=7 dims=(0.38x0.19x0.58) min_z=0.000 → xyz=(6.190,8.375,3.340)
  PASS-A(NF) | item= 130 NF zone=7 dims=(0.30x0.17x0.38) min_z=0.000 → xyz=(6.768,8.895,3.000)
  PASS-A(NF) | item= 548 NF zone=7 dims=(0.26x0.17x0.39) min_z=0.000 → xyz=(6.750,8.892,3.380)
  PASS-A(NF) | item= 757 NF zone=7 dims=(0.39x0.52x0.54) min_z=0.000 → xyz=(6.845,6.250,3.550)
  PASS-A(NF) | item= 436 NF zone=7 dims=(0.26x0.29x0.59) min_z=0.000 → xyz=(8.200,8.715,3.400)
  PASS-A(NF) | item= 132 NF zone=7 dims=(0.30x0.16x0.40) min_z=0.000 → xyz=(6.380,8.890,3.388)
  PASS-A(NF) | item=  34 NF zone=7 dims=(0.29x0.21x0.33) min_z=0.000 → xyz=(7.145,7.625,3.530)
  PASS-A(NF) | item=  71 NF zone=7 dims=(0.29x0.21x0.33) min_z=0.000 → xyz=(7.145,7.835,3.530)
  PASS-A(NF) | item= 222 NF zone=7 dims=(0.29x0.21x0.33) min_z=0.000 → xyz=(8.825,8.845,3.530)
  PASS-A(NF) | item= 615 NF zone=7 dims=(0.21x0.29x0.33) min_z=0.000 → xyz=(7.625,8.825,3.560)
  PASS-A(NF) | item= 820 NF zone=7 dims=(0.20x0.28x0.33) min_z=0.000 → xyz=(7.140,6.130,3.570)
  PASS-A(NF) | item= 913 NF zone=7 dims=(0.60x0.30x0.80) min_z=0.000 → xyz=(6.300,6.530,3.580)
  PASS-A(NF) | item= 644 NF zone=7 dims=(0.22x0.26x0.29) min_z=0.000 → xyz=(7.347,6.120,3.570)
  PASS-A(NF) | item=  27 NF zone=7 dims=(0.19x0.29x0.33) min_z=0.000 → xyz=(8.915,6.135,3.570)
  PASS-A(NF) | item= 122 NF zone=7 dims=(0.33x0.19x0.29) min_z=0.000 → xyz=(6.165,8.565,3.570)
  PASS-A(NF) | item= 250 NF zone=7 dims=(0.29x0.19x0.33) min_z=0.000 → xyz=(7.445,8.565,3.570)
  PASS-A(NF) | item= 802 NF zone=7 dims=(0.29x0.19x0.33) min_z=0.000 → xyz=(7.735,8.565,3.570)
  PASS-A(NF) | item= 989 NF zone=7 dims=(0.19x0.29x0.33) min_z=0.000 → xyz=(6.095,8.805,3.570)
  PASS-A(NF) | item= 350 NF zone=7 dims=(0.58x0.26x0.30) min_z=0.000 → xyz=(6.290,6.810,3.580)
  PASS-A(NF) | item=  17 NF zone=7 dims=(0.26x0.26x0.30) min_z=0.000 → xyz=(8.460,8.870,3.590)
  PASS-A(NF) | item= 888 NF zone=7 dims=(0.49x0.34x0.54) min_z=0.000 → xyz=(6.845,6.680,3.660)
  PASS-A(NF) | item= 674 NF zone=7 dims=(0.17x0.24x0.56) min_z=0.000 → xyz=(7.615,6.890,3.390)
  PASS-A(NF) | item= 824 NF zone=7 dims=(0.23x0.22x0.50) min_z=0.000 → xyz=(7.585,8.090,3.570)
  PASS-A(NF) | item= 576 NF zone=7 dims=(0.24x0.16x0.46) min_z=0.000 → xyz=(7.200,6.980,3.390)
  PASS-A(NF) | item= 187 NF zone=7 dims=(0.48x0.53x0.79) min_z=0.000 → xyz=(8.660,6.685,3.670)
  PASS-A(NF) | item= 414 NF zone=7 dims=(0.21x0.13x0.35) min_z=0.000 → xyz=(7.405,8.945,3.000)
--- PASS B: NF top-Z per zone: {0: np.float32(2.53), 1: np.float32(2.35), 2: np.float32(2.35), 3: np.float32(2.28), 4: np.float32(5.0), 5: np.float32(4.38), 6: np.float32(4.61), 7: np.float32(4.55)} ---
--- PASS C: 453 Fragile items ---
  PASS-C(FR) | item= 201 FR zone=0 dims=(0.18x0.76x1.19) min_z=0.000 → xyz=(3.880,3.300,0.570)
  PASS-C(FR) | item= 478 FR zone=0 dims=(0.76x0.50x0.74) min_z=0.000 → xyz=(3.330,1.240,1.310)
  PASS-C(FR) | item= 422 FR zone=0 dims=(0.75x0.50x0.74) min_z=0.000 → xyz=(2.165,3.580,1.350)
  PASS-C(FR) | item= 483 FR zone=0 dims=(0.79x0.59x0.55) min_z=0.000 → xyz=(1.395,2.225,1.580)
  PASS-C(FR) | item= 494 FR zone=0 dims=(0.50x0.66x0.76) min_z=0.000 → xyz=(2.040,2.350,1.610)
  PASS-C(FR) | item= 372 FR zone=0 dims=(0.75x0.38x0.57) min_z=0.000 → xyz=(1.375,2.750,1.090)
  PASS-C(FR) | item= 562 FR zone=0 dims=(0.37x0.50x0.70) min_z=0.000 → xyz=(1.185,3.710,1.170)
  PASS-C(FR) | item= 141 FR zone=0 dims=(0.78x0.54x0.54) min_z=0.000 → xyz=(2.970,3.590,1.660)
  PASS-C(FR) | item= 778 FR zone=0 dims=(0.78x0.53x0.53) min_z=0.000 → xyz=(1.390,2.785,1.680)
  PASS-C(FR) | item= 766 FR zone=0 dims=(0.53x0.53x0.78) min_z=0.000 → xyz=(1.265,1.655,1.710)
  PASS-C(FR) | item= 855 FR zone=0 dims=(0.49x1.16x0.78) min_z=0.000 → xyz=(3.615,3.380,1.760)
  PASS-C(FR) | item= 105 FR zone=0 dims=(0.78x0.53x0.49) min_z=0.000 → xyz=(1.390,3.315,1.870)
  PASS-C(FR) | item= 797 FR zone=0 dims=(0.78x0.56x0.54) min_z=0.000 → xyz=(3.460,2.380,1.920)
  PASS-C(FR) | item= 720 FR zone=0 dims=(0.59x0.80x0.48) min_z=0.000 → xyz=(1.825,1.390,2.050)
  PASS-C(FR) | item= 834 FR zone=0 dims=(0.53x0.55x0.79) min_z=0.000 → xyz=(3.175,1.265,2.050)
  PASS-C(FR) | item= 908 FR zone=0 dims=(0.49x0.55x0.79) min_z=0.000 → xyz=(3.685,1.265,2.050)
  PASS-C(FR) | item= 631 FR zone=0 dims=(0.79x0.57x0.52) min_z=0.000 → xyz=(2.175,3.615,2.090)
  PASS-C(FR) | item= 809 FR zone=0 dims=(0.59x0.48x0.80) min_z=0.000 → xyz=(1.295,2.160,2.130)
  PASS-C(FR) | item= 714 FR zone=0 dims=(0.52x0.55x0.79) min_z=0.000 → xyz=(2.550,2.295,2.130)
  PASS-C(FR) | item= 944 FR zone=0 dims=(0.78x0.53x0.60) min_z=0.000 → xyz=(2.970,3.585,2.200)
  PASS-C(FR) | item= 340 FR zone=0 dims=(0.64x0.46x0.81) min_z=0.000 → xyz=(2.440,1.220,1.230)
  PASS-C(FR) | item= 697 FR zone=0 dims=(1.09x0.54x0.51) min_z=0.000 → xyz=(3.355,1.810,2.350)
  PASS-C(FR) | item= 661 FR zone=0 dims=(0.54x1.08x0.51) min_z=0.000 → xyz=(1.270,2.940,2.360)
  PASS-C(FR) | item= 866 FR zone=0 dims=(0.54x1.08x0.51) min_z=0.000 → xyz=(1.860,2.330,2.410)
  PASS-C(FR) | item= 603 FR zone=0 dims=(0.78x0.43x0.53) min_z=0.000 → xyz=(1.390,3.795,1.870)
  PASS-C(FR) | item=  56 FR zone=0 dims=(0.53x0.97x0.52) min_z=0.000 → xyz=(2.395,1.475,2.310)
  PASS-C(FR) | item= 374 FR zone=0 dims=(1.12x0.67x0.49) min_z=0.000 → xyz=(3.370,2.415,2.460)
  PASS-C(FR) | item= 588 FR zone=0 dims=(1.13x0.48x0.66) min_z=0.000 → xyz=(3.435,3.760,2.340) [FALLBACK]
  PASS-C(FR) | item= 272 FR zone=0 dims=(1.07x0.54x0.47) min_z=0.000 → xyz=(1.535,1.260,2.530)
  PASS-C(FR) | item= 335 FR zone=0 dims=(1.07x0.54x0.43) min_z=0.000 → xyz=(2.665,3.020,2.530)
  PASS-C(FR) | item= 689 FR zone=0 dims=(1.18x0.78x0.33) min_z=0.000 → xyz=(3.410,3.610,2.670) [FALLBACK]
  PASS-C(FR) | item= 167 FR zone=0 dims=(0.53x1.10x0.26) min_z=0.000 → xyz=(1.805,3.420,2.610)
  PASS-C(FR) | item= 585 FR zone=0 dims=(1.09x0.56x0.29) min_z=0.000 → xyz=(3.455,3.720,2.710) [FALLBACK]
  PASS-C(FR) | item= 608 FR zone=0 dims=(1.09x0.56x0.21) min_z=0.000 → xyz=(3.455,3.720,2.790) [FALLBACK]
  PASS-C(FR) | item= 431 FR zone=0 dims=(1.18x0.40x0.40) min_z=0.000 → xyz=(3.410,3.800,2.600) [FALLBACK]
  PASS-C(FR) | item= 243 FR zone=0 dims=(1.17x0.40x0.40) min_z=0.000 → xyz=(3.415,3.800,2.600) [FALLBACK]
  PASS-C(FR) | item=  21 FR zone=0 dims=(0.79x0.41x0.56) min_z=0.000 → xyz=(3.605,3.795,2.440) [FALLBACK]
  PASS-C(FR) | item= 128 FR zone=0 dims=(1.05x0.77x0.30) min_z=0.000 → xyz=(3.475,3.615,2.700) [FALLBACK]
  PASS-C(FR) | item= 561 FR zone=0 dims=(0.85x0.68x0.39) min_z=0.000 → xyz=(3.575,3.660,2.610) [FALLBACK]
  PASS-C(FR) | item=  93 FR zone=0 dims=(1.16x0.42x0.36) min_z=0.000 → xyz=(3.420,3.790,2.640) [FALLBACK]
  PASS-C(FR) | item= 638 FR zone=0 dims=(0.79x0.33x0.33) min_z=0.000 → xyz=(3.595,2.915,2.540)
  PASS-C(FR) | item= 337 FR zone=0 dims=(1.11x0.50x0.44) min_z=0.000 → xyz=(3.445,3.750,2.560) [FALLBACK]
  PASS-C(FR) | item= 793 FR zone=0 dims=(0.78x0.33x0.33) min_z=0.000 → xyz=(3.610,3.835,2.670) [FALLBACK]
  PASS-C(FR) | item= 427 FR zone=0 dims=(0.78x0.32x0.33) min_z=0.000 → xyz=(3.610,3.840,2.670) [FALLBACK]
  PASS-C(FR) | item= 381 FR zone=0 dims=(1.18x0.79x0.25) min_z=0.000 → xyz=(3.410,3.605,2.750) [FALLBACK]
  PASS-C(FR) | item=  36 FR zone=0 dims=(1.11x0.47x0.44) min_z=0.000 → xyz=(3.445,3.765,2.560) [FALLBACK]
  PASS-C(FR) | item= 536 FR zone=0 dims=(1.11x0.48x0.43) min_z=0.000 → xyz=(3.445,3.760,2.570) [FALLBACK]
  PASS-C(FR) | item= 538 FR zone=0 dims=(1.12x0.46x0.45) min_z=0.000 → xyz=(3.440,3.770,2.550) [FALLBACK]
  PASS-C(FR) | item= 415 FR zone=0 dims=(0.76x0.39x0.56) min_z=0.000 → xyz=(3.620,3.805,2.440) [FALLBACK]
  PASS-C(FR) | item=  16 FR zone=0 dims=(1.14x0.32x0.46) min_z=0.000 → xyz=(3.430,3.840,2.540) [FALLBACK]
  PASS-C(FR) | item= 488 FR zone=0 dims=(1.12x0.48x0.23) min_z=0.000 → xyz=(3.440,3.760,2.770) [FALLBACK]
  PASS-C(FR) | item= 513 FR zone=0 dims=(1.18x0.39x0.44) min_z=0.000 → xyz=(3.410,3.805,2.560) [FALLBACK]
  PASS-C(FR) | item= 439 FR zone=0 dims=(1.12x0.46x0.44) min_z=0.000 → xyz=(3.440,3.770,2.560) [FALLBACK]
  PASS-C(FR) | item= 963 FR zone=0 dims=(1.18x0.41x0.37) min_z=0.000 → xyz=(3.410,3.795,2.630) [FALLBACK]
  PASS-C(FR) | item= 741 FR zone=0 dims=(1.15x0.32x0.46) min_z=0.000 → xyz=(3.425,3.840,2.540) [FALLBACK]
  PASS-C(FR) | item= 891 FR zone=0 dims=(0.79x0.60x0.58) min_z=0.000 → xyz=(3.605,3.700,2.420) [FALLBACK]
  PASS-C(FR) | item= 651 FR zone=0 dims=(1.13x0.30x0.45) min_z=0.000 → xyz=(3.435,3.850,2.550) [FALLBACK]
  PASS-C(FR) | item= 212 FR zone=0 dims=(1.08x0.44x0.43) min_z=0.000 → xyz=(3.460,3.780,2.570) [FALLBACK]
  PASS-C(FR) | item= 852 FR zone=0 dims=(1.08x0.44x0.43) min_z=0.000 → xyz=(3.460,3.780,2.570) [FALLBACK]
  PASS-C(FR) | item= 990 FR zone=0 dims=(0.74x0.39x0.55) min_z=0.000 → xyz=(3.630,3.805,2.450) [FALLBACK]
  PASS-C(FR) | item= 412 FR zone=0 dims=(0.74x0.51x0.65) min_z=0.000 → xyz=(3.630,3.745,2.350) [FALLBACK]
  PASS-C(FR) | item=  13 FR zone=0 dims=(0.75x0.39x0.56) min_z=0.000 → xyz=(3.625,3.805,2.440) [FALLBACK]
  PASS-C(FR) | item= 111 FR zone=0 dims=(1.18x0.79x0.55) min_z=0.000 → xyz=(3.410,3.605,2.450) [FALLBACK]
  PASS-C(FR) | item= 375 FR zone=1 dims=(0.21x0.76x1.18) min_z=0.000 → xyz=(8.895,1.370,0.000)
  PASS-C(FR) | item= 179 FR zone=1 dims=(0.50x0.76x0.73) min_z=0.000 → xyz=(6.250,2.830,1.170)
  PASS-C(FR) | item= 346 FR zone=1 dims=(0.50x0.75x0.75) min_z=0.000 → xyz=(6.250,3.585,1.180)
  PASS-C(FR) | item= 299 FR zone=1 dims=(0.48x0.58x0.79) min_z=0.000 → xyz=(8.070,2.860,0.800)
  PASS-C(FR) | item= 601 FR zone=1 dims=(0.47x0.62x0.75) min_z=0.000 → xyz=(6.735,3.690,1.180)
  PASS-C(FR) | item= 420 FR zone=1 dims=(0.47x0.78x0.55) min_z=0.000 → xyz=(6.235,1.380,1.280)
  PASS-C(FR) | item= 956 FR zone=1 dims=(0.53x0.77x0.65) min_z=0.000 → xyz=(7.875,1.375,1.310)
  PASS-C(FR) | item=  98 FR zone=1 dims=(0.54x0.54x0.78) min_z=0.000 → xyz=(8.580,2.050,1.370)
  PASS-C(FR) | item= 367 FR zone=1 dims=(0.53x0.53x0.78) min_z=0.000 → xyz=(6.735,1.255,1.390)
  PASS-C(FR) | item=  84 FR zone=1 dims=(0.53x0.53x0.78) min_z=0.000 → xyz=(8.095,2.835,1.590)
  PASS-C(FR) | item= 159 FR zone=1 dims=(0.78x0.49x1.16) min_z=0.000 → xyz=(6.390,2.185,1.630)
  PASS-C(FR) | item= 177 FR zone=1 dims=(0.78x0.53x0.49) min_z=0.000 → xyz=(8.530,1.255,1.710)
  PASS-C(FR) | item=  23 FR zone=1 dims=(0.54x0.56x0.78) min_z=0.000 → xyz=(7.270,1.270,1.710)
  PASS-C(FR) | item= 986 FR zone=1 dims=(0.50x0.79x0.56) min_z=0.000 → xyz=(7.700,2.155,1.740)
  PASS-C(FR) | item= 459 FR zone=1 dims=(0.50x0.54x1.08) min_z=0.000 → xyz=(6.250,2.700,1.900)
  PASS-C(FR) | item= 188 FR zone=1 dims=(0.53x0.79x0.55) min_z=0.000 → xyz=(6.265,3.365,1.930)
  PASS-C(FR) | item= 103 FR zone=1 dims=(0.48x0.80x0.55) min_z=0.000 → xyz=(6.230,1.390,1.830)
  PASS-C(FR) | item= 497 FR zone=1 dims=(0.48x0.56x0.80) min_z=0.000 → xyz=(6.770,3.660,1.930)
  PASS-C(FR) | item= 234 FR zone=1 dims=(0.52x0.56x0.79) min_z=0.000 → xyz=(7.800,1.270,1.960)
  PASS-C(FR) | item= 115 FR zone=1 dims=(0.50x0.80x0.59) min_z=0.000 → xyz=(8.310,1.920,2.150)
  PASS-C(FR) | item= 937 FR zone=1 dims=(0.48x0.58x0.80) min_z=0.000 → xyz=(6.710,1.280,2.170)
  PASS-C(FR) | item= 236 FR zone=1 dims=(1.09x0.54x0.51) min_z=0.000 → xyz=(7.495,1.820,2.300)
  PASS-C(FR) | item= 224 FR zone=1 dims=(0.51x1.08x0.54) min_z=0.000 → xyz=(7.035,2.630,2.310)
  PASS-C(FR) | item= 455 FR zone=1 dims=(0.51x1.08x0.54) min_z=0.000 → xyz=(7.545,2.630,2.310)
  PASS-C(FR) | item= 611 FR zone=1 dims=(0.46x1.15x0.63) min_z=0.000 → xyz=(8.590,2.895,2.350)
  PASS-C(FR) | item= 521 FR zone=1 dims=(0.31x1.14x0.78) min_z=0.000 → xyz=(8.715,1.560,2.200)
  PASS-C(FR) | item= 783 FR zone=1 dims=(1.18x0.79x0.31) min_z=0.000 → xyz=(7.600,3.565,2.350)
  PASS-C(FR) | item=  99 FR zone=1 dims=(0.50x1.10x0.27) min_z=0.000 → xyz=(8.050,2.870,2.660)
  PASS-C(FR) | item= 605 FR zone=1 dims=(1.10x0.50x0.27) min_z=0.000 → xyz=(7.560,3.670,2.660)
  PASS-C(FR) | item= 351 FR zone=1 dims=(1.07x0.54x0.48) min_z=0.000 → xyz=(6.535,3.730,2.520) [FALLBACK]
  PASS-C(FR) | item= 508 FR zone=1 dims=(0.43x0.36x1.14) min_z=0.000 → xyz=(6.685,1.750,1.680)
  PASS-C(FR) | item=  52 FR zone=1 dims=(1.18x0.78x0.33) min_z=0.000 → xyz=(6.590,3.610,2.670) [FALLBACK]
  PASS-C(FR) | item= 320 FR zone=1 dims=(1.16x0.37x0.50) min_z=0.000 → xyz=(6.580,3.815,2.500) [FALLBACK]
  PASS-C(FR) | item= 325 FR zone=1 dims=(0.79x0.52x0.52) min_z=0.000 → xyz=(6.395,3.740,2.480) [FALLBACK]
  PASS-C(FR) | item= 851 FR zone=1 dims=(1.17x0.40x0.40) min_z=0.000 → xyz=(6.585,3.800,2.600) [FALLBACK]
  PASS-C(FR) | item= 862 FR zone=1 dims=(1.18x0.40x0.40) min_z=0.000 → xyz=(6.590,3.800,2.600) [FALLBACK]
  PASS-C(FR) | item= 885 FR zone=1 dims=(1.18x0.40x0.40) min_z=0.000 → xyz=(6.590,3.800,2.600) [FALLBACK]
  PASS-C(FR) | item= 677 FR zone=1 dims=(1.12x0.44x0.39) min_z=0.000 → xyz=(6.560,3.780,2.610) [FALLBACK]
  PASS-C(FR) | item= 972 FR zone=1 dims=(0.95x0.64x0.35) min_z=0.000 → xyz=(6.566,3.680,2.650) [FALLBACK]
  PASS-C(FR) | item= 877 FR zone=1 dims=(1.09x0.64x0.23) min_z=0.000 → xyz=(6.585,3.680,2.770) [FALLBACK]
  PASS-C(FR) | item= 447 FR zone=1 dims=(0.23x0.61x1.05) min_z=0.000 → xyz=(6.645,2.735,1.930)
  PASS-C(FR) | item= 425 FR zone=1 dims=(0.33x0.33x0.79) min_z=0.000 → xyz=(8.225,1.155,2.200)
  PASS-C(FR) | item= 395 FR zone=1 dims=(0.33x0.81x0.59) min_z=0.000 → xyz=(6.155,1.395,2.380)
  PASS-C(FR) | item= 879 FR zone=1 dims=(0.78x0.33x0.33) min_z=0.000 → xyz=(8.590,3.665,2.350)
  PASS-C(FR) | item=  63 FR zone=1 dims=(0.78x0.33x0.33) min_z=0.000 → xyz=(6.460,3.835,2.670) [FALLBACK]
  PASS-C(FR) | item=  39 FR zone=1 dims=(0.78x0.33x0.34) min_z=0.000 → xyz=(6.448,3.835,2.660) [FALLBACK]
  PASS-C(FR) | item= 805 FR zone=1 dims=(1.17x0.40x0.42) min_z=0.000 → xyz=(6.585,3.800,2.580) [FALLBACK]
  PASS-C(FR) | item= 295 FR zone=1 dims=(1.18x0.39x0.43) min_z=0.000 → xyz=(6.590,3.805,2.570) [FALLBACK]
  PASS-C(FR) | item= 648 FR zone=1 dims=(1.11x0.47x0.44) min_z=0.000 → xyz=(6.555,3.765,2.560) [FALLBACK]
  PASS-C(FR) | item= 927 FR zone=1 dims=(1.11x0.48x0.43) min_z=0.000 → xyz=(6.555,3.760,2.570) [FALLBACK]
  PASS-C(FR) | item=  14 FR zone=1 dims=(1.12x0.44x0.59) min_z=0.000 → xyz=(6.560,3.780,2.410) [FALLBACK]
  PASS-C(FR) | item=  60 FR zone=1 dims=(1.17x0.79x0.51) min_z=0.000 → xyz=(6.585,3.605,2.490) [FALLBACK]
  PASS-C(FR) | item= 191 FR zone=1 dims=(0.83x0.67x0.38) min_z=0.000 → xyz=(6.415,3.665,2.620) [FALLBACK]
  PASS-C(FR) | item= 104 FR zone=1 dims=(1.18x0.78x0.51) min_z=0.000 → xyz=(6.590,3.610,2.490) [FALLBACK]
  PASS-C(FR) | item= 131 FR zone=1 dims=(1.18x0.40x0.41) min_z=0.000 → xyz=(6.590,3.800,2.590) [FALLBACK]
  PASS-C(FR) | item= 675 FR zone=1 dims=(1.18x0.80x0.56) min_z=0.000 → xyz=(6.590,3.600,2.440) [FALLBACK]
  PASS-C(FR) | item= 170 FR zone=1 dims=(1.18x0.79x0.55) min_z=0.000 → xyz=(6.590,3.605,2.450) [FALLBACK]
  PASS-C(FR) | item= 633 FR zone=1 dims=(1.19x0.79x0.56) min_z=0.000 → xyz=(6.595,3.605,2.440) [FALLBACK]
  PASS-C(FR) | item= 965 FR zone=2 dims=(0.50x0.73x0.76) min_z=0.000 → xyz=(1.250,7.255,1.170)
  PASS-C(FR) | item= 718 FR zone=2 dims=(0.50x0.75x0.75) min_z=0.000 → xyz=(2.790,8.425,1.180)
  PASS-C(FR) | item= 836 FR zone=2 dims=(0.58x0.48x0.79) min_z=0.000 → xyz=(2.210,8.750,1.170)
  PASS-C(FR) | item=1001 FR zone=2 dims=(0.62x0.47x0.75) min_z=0.000 → xyz=(2.870,7.495,1.360)
  PASS-C(FR) | item= 827 FR zone=2 dims=(0.47x0.55x0.78) min_z=0.000 → xyz=(3.625,6.265,1.550)
  PASS-C(FR) | item= 920 FR zone=2 dims=(0.38x0.57x0.75) min_z=0.000 → xyz=(3.230,8.425,1.180)
  PASS-C(FR) | item= 462 FR zone=2 dims=(0.78x0.54x0.54) min_z=0.000 → xyz=(1.870,6.260,1.680)
  PASS-C(FR) | item= 774 FR zone=2 dims=(0.54x0.54x0.78) min_z=0.000 → xyz=(2.830,6.770,1.720)
  PASS-C(FR) | item= 294 FR zone=2 dims=(0.78x0.52x0.53) min_z=0.000 → xyz=(3.490,6.800,1.910)
  PASS-C(FR) | item= 451 FR zone=2 dims=(0.78x0.51x0.54) min_z=0.000 → xyz=(1.390,6.785,1.930)
  PASS-C(FR) | item= 499 FR zone=2 dims=(0.79x0.50x0.53) min_z=0.000 → xyz=(1.395,7.290,1.930)
  PASS-C(FR) | item= 464 FR zone=2 dims=(0.78x0.50x0.53) min_z=0.000 → xyz=(2.930,7.980,1.930)
  PASS-C(FR) | item= 765 FR zone=2 dims=(0.49x0.53x0.78) min_z=0.000 → xyz=(1.235,6.255,1.900)
  PASS-C(FR) | item= 203 FR zone=2 dims=(0.79x0.50x0.56) min_z=0.000 → xyz=(2.935,8.480,1.930)
  PASS-C(FR) | item= 410 FR zone=2 dims=(0.49x0.38x0.71) min_z=0.000 → xyz=(2.225,6.720,1.720)
  PASS-C(FR) | item= 426 FR zone=2 dims=(0.79x0.53x0.55) min_z=0.000 → xyz=(3.575,7.325,1.970)
  PASS-C(FR) | item= 520 FR zone=2 dims=(0.55x0.49x0.79) min_z=0.000 → xyz=(2.195,8.755,1.960)
  PASS-C(FR) | item= 291 FR zone=2 dims=(0.57x0.52x0.79) min_z=0.000 → xyz=(3.605,7.850,1.970)
  PASS-C(FR) | item= 392 FR zone=2 dims=(0.80x0.48x0.59) min_z=0.000 → xyz=(2.660,6.230,2.040)
  PASS-C(FR) | item= 129 FR zone=2 dims=(0.52x0.55x0.79) min_z=0.000 → xyz=(2.820,7.315,2.110)
  PASS-C(FR) | item= 550 FR zone=2 dims=(0.78x0.53x0.60) min_z=0.000 → xyz=(1.870,6.255,2.220)
  PASS-C(FR) | item= 249 FR zone=2 dims=(0.80x0.48x0.58) min_z=0.000 → xyz=(1.390,7.780,2.250)
  PASS-C(FR) | item= 109 FR zone=2 dims=(0.80x0.49x0.59) min_z=0.000 → xyz=(1.390,8.265,2.250)
  PASS-C(FR) | item= 606 FR zone=2 dims=(0.80x0.50x0.59) min_z=0.000 → xyz=(1.390,8.760,2.250)
  PASS-C(FR) | item= 901 FR zone=2 dims=(0.54x1.08x0.51) min_z=0.000 → xyz=(2.060,7.450,2.350)
  PASS-C(FR) | item= 667 FR zone=2 dims=(0.57x0.79x0.52) min_z=0.000 → xyz=(3.615,8.505,2.320)
  PASS-C(FR) | item=1003 FR zone=2 dims=(0.78x0.43x0.53) min_z=0.000 → xyz=(3.450,6.205,2.330)
  PASS-C(FR) | item= 668 FR zone=2 dims=(0.97x0.52x0.53) min_z=0.000 → xyz=(2.815,7.850,2.460)
  PASS-C(FR) | item= 255 FR zone=2 dims=(1.18x0.79x0.31) min_z=0.000 → xyz=(3.410,6.395,2.690) [FALLBACK]
  PASS-C(FR) | item= 985 FR zone=2 dims=(1.13x0.48x0.66) min_z=0.000 → xyz=(3.435,6.240,2.340) [FALLBACK]
  PASS-C(FR) | item= 698 FR zone=2 dims=(1.07x0.54x0.47) min_z=0.000 → xyz=(3.465,6.270,2.530) [FALLBACK]
  PASS-C(FR) | item= 744 FR zone=2 dims=(1.07x0.54x0.43) min_z=0.000 → xyz=(3.465,6.270,2.570) [FALLBACK]
  PASS-C(FR) | item= 597 FR zone=2 dims=(1.06x0.54x0.43) min_z=0.000 → xyz=(3.470,6.270,2.570) [FALLBACK]
  PASS-C(FR) | item= 247 FR zone=2 dims=(0.56x0.20x1.09) min_z=0.000 → xyz=(2.780,8.900,1.090)
  PASS-C(FR) | item= 297 FR zone=2 dims=(0.20x1.09x0.55) min_z=0.000 → xyz=(2.430,7.015,2.430)
  PASS-C(FR) | item= 318 FR zone=2 dims=(0.66x0.59x0.43) min_z=0.000 → xyz=(1.320,6.815,2.470)
  PASS-C(FR) | item= 440 FR zone=2 dims=(1.17x0.40x0.40) min_z=0.000 → xyz=(2.375,8.310,2.490)
  PASS-C(FR) | item= 450 FR zone=2 dims=(1.18x0.40x0.40) min_z=0.000 → xyz=(3.410,6.200,2.600) [FALLBACK]
  PASS-C(FR) | item= 484 FR zone=2 dims=(1.18x0.40x0.40) min_z=0.000 → xyz=(3.410,6.200,2.600) [FALLBACK]
  PASS-C(FR) | item= 277 FR zone=2 dims=(1.12x0.44x0.39) min_z=0.000 → xyz=(3.440,6.220,2.610) [FALLBACK]
  PASS-C(FR) | item= 574 FR zone=2 dims=(0.95x0.64x0.35) min_z=0.000 → xyz=(3.525,6.320,2.650) [FALLBACK]
  PASS-C(FR) | item=  74 FR zone=2 dims=(0.64x1.09x0.23) min_z=0.000 → xyz=(3.620,7.335,2.760)
  PASS-C(FR) | item= 607 FR zone=2 dims=(1.16x0.42x0.36) min_z=0.000 → xyz=(3.420,6.210,2.640) [FALLBACK]
  PASS-C(FR) | item= 310 FR zone=2 dims=(1.17x0.42x0.37) min_z=0.000 → xyz=(3.415,6.210,2.630) [FALLBACK]
  PASS-C(FR) | item= 826 FR zone=2 dims=(1.11x0.50x0.44) min_z=0.000 → xyz=(3.445,6.250,2.560) [FALLBACK]
  PASS-C(FR) | item= 838 FR zone=2 dims=(0.78x0.32x0.33) min_z=0.000 → xyz=(1.380,7.270,2.460)
  PASS-C(FR) | item= 260 FR zone=2 dims=(1.09x0.67x0.26) min_z=0.000 → xyz=(3.455,6.335,2.740) [FALLBACK]
  PASS-C(FR) | item= 966 FR zone=2 dims=(1.18x0.39x0.43) min_z=0.000 → xyz=(3.410,6.195,2.570) [FALLBACK]
  PASS-C(FR) | item= 578 FR zone=2 dims=(1.18x0.79x0.55) min_z=0.000 → xyz=(3.410,6.395,2.450) [FALLBACK]
  PASS-C(FR) | item= 645 FR zone=2 dims=(1.12x0.44x0.59) min_z=0.000 → xyz=(3.440,6.220,2.410) [FALLBACK]
  PASS-C(FR) | item= 604 FR zone=2 dims=(1.17x0.79x0.51) min_z=0.000 → xyz=(3.415,6.395,2.490) [FALLBACK]
  PASS-C(FR) | item= 309 FR zone=2 dims=(1.18x0.41x0.37) min_z=0.000 → xyz=(3.410,6.205,2.630) [FALLBACK]
  PASS-C(FR) | item= 193 FR zone=2 dims=(1.15x0.32x0.46) min_z=0.000 → xyz=(3.425,6.160,2.540) [FALLBACK]
  PASS-C(FR) | item= 495 FR zone=2 dims=(0.79x0.60x0.58) min_z=0.000 → xyz=(3.605,6.300,2.420) [FALLBACK]
  PASS-C(FR) | item=   8 FR zone=2 dims=(1.13x0.30x0.45) min_z=0.000 → xyz=(3.435,6.150,2.550) [FALLBACK]
  PASS-C(FR) | item= 110 FR zone=2 dims=(1.18x0.80x0.56) min_z=0.000 → xyz=(3.410,6.400,2.440) [FALLBACK]
  PASS-C(FR) | item= 590 FR zone=2 dims=(0.74x0.39x0.55) min_z=0.000 → xyz=(3.630,6.195,2.450) [FALLBACK]
  PASS-C(FR) | item= 683 FR zone=2 dims=(1.18x0.79x0.55) min_z=0.000 → xyz=(3.410,6.395,2.450) [FALLBACK]
  PASS-C(FR) | item= 723 FR zone=2 dims=(1.18x0.79x0.55) min_z=0.000 → xyz=(3.410,6.395,2.450) [FALLBACK]
  PASS-C(FR) | item= 786 FR zone=3 dims=(0.76x0.21x1.18) min_z=0.000 → xyz=(7.110,8.885,0.000)
  PASS-C(FR) | item= 808 FR zone=3 dims=(0.74x0.50x0.76) min_z=0.000 → xyz=(7.860,8.670,1.140)
  PASS-C(FR) | item= 830 FR zone=3 dims=(0.50x0.74x0.75) min_z=0.000 → xyz=(8.630,6.830,1.160)
  PASS-C(FR) | item= 884 FR zone=3 dims=(0.59x0.55x0.79) min_z=0.000 → xyz=(7.085,7.745,1.170)
  PASS-C(FR) | item= 229 FR zone=3 dims=(0.62x0.38x0.74) min_z=0.000 → xyz=(7.690,7.860,1.170)
  PASS-C(FR) | item= 563 FR zone=3 dims=(0.65x0.53x0.77) min_z=0.000 → xyz=(8.555,8.685,1.170)
  PASS-C(FR) | item= 872 FR zone=3 dims=(0.54x0.54x0.78) min_z=0.000 → xyz=(6.730,6.680,1.100)
  PASS-C(FR) | item= 938 FR zone=3 dims=(0.54x0.54x0.78) min_z=0.000 → xyz=(7.060,8.290,1.180)
  PASS-C(FR) | item= 946 FR zone=3 dims=(0.53x0.52x0.78) min_z=0.000 → xyz=(6.255,8.350,1.440)
  PASS-C(FR) | item= 863 FR zone=3 dims=(0.51x0.54x0.78) min_z=0.000 → xyz=(7.255,6.670,1.520)
  PASS-C(FR) | item= 894 FR zone=3 dims=(0.53x0.50x0.79) min_z=0.000 → xyz=(6.725,6.660,1.880)
  PASS-C(FR) | item= 873 FR zone=3 dims=(0.53x0.50x0.78) min_z=0.000 → xyz=(7.595,8.300,1.900)
  PASS-C(FR) | item= 235 FR zone=3 dims=(0.48x0.47x0.76) min_z=0.000 → xyz=(7.790,6.225,1.900)
  PASS-C(FR) | item= 150 FR zone=3 dims=(0.50x0.38x0.71) min_z=0.000 → xyz=(6.980,8.750,1.180)
  PASS-C(FR) | item= 108 FR zone=3 dims=(0.59x0.48x0.80) min_z=0.000 → xyz=(8.635,6.700,1.910)
  PASS-C(FR) | item= 922 FR zone=3 dims=(1.08x0.50x0.54) min_z=0.000 → xyz=(8.400,8.670,1.940)
  PASS-C(FR) | item= 100 FR zone=3 dims=(0.50x0.42x0.74) min_z=0.000 → xyz=(6.770,8.770,1.890)
  PASS-C(FR) | item= 773 FR zone=3 dims=(0.50x0.42x0.74) min_z=0.000 → xyz=(7.580,8.760,1.900)
  PASS-C(FR) | item= 849 FR zone=3 dims=(0.48x0.55x0.80) min_z=0.000 → xyz=(7.030,7.745,1.960)
  PASS-C(FR) | item= 716 FR zone=3 dims=(0.48x0.56x0.80) min_z=0.000 → xyz=(7.510,7.300,1.970)
  PASS-C(FR) | item= 647 FR zone=3 dims=(0.52x0.56x0.79) min_z=0.000 → xyz=(8.010,7.300,1.970)
  PASS-C(FR) | item= 382 FR zone=3 dims=(0.50x0.38x1.13) min_z=0.000 → xyz=(6.240,8.800,1.440)
  PASS-C(FR) | item= 750 FR zone=3 dims=(0.46x0.64x0.81) min_z=0.000 → xyz=(6.220,6.310,1.920)
  PASS-C(FR) | item= 152 FR zone=3 dims=(0.50x0.59x0.80) min_z=0.000 → xyz=(8.590,7.235,2.190)
  PASS-C(FR) | item=  80 FR zone=3 dims=(1.08x0.51x0.54) min_z=0.000 → xyz=(6.530,8.275,2.240)
  PASS-C(FR) | item=  12 FR zone=3 dims=(0.52x0.79x0.57) min_z=0.000 → xyz=(8.530,7.925,2.250)
  PASS-C(FR) | item= 271 FR zone=3 dims=(0.46x1.15x0.63) min_z=0.000 → xyz=(6.220,7.205,2.260)
  PASS-C(FR) | item= 360 FR zone=3 dims=(0.80x0.52x0.59) min_z=0.000 → xyz=(6.850,7.200,2.260)
  PASS-C(FR) | item= 409 FR zone=3 dims=(1.18x0.78x0.36) min_z=0.000 → xyz=(6.590,6.390,2.640) [FALLBACK]
  PASS-C(FR) | item= 408 FR zone=3 dims=(0.55x0.40x0.80) min_z=0.000 → xyz=(8.305,6.190,1.920)
  PASS-C(FR) | item= 332 FR zone=3 dims=(0.78x1.17x0.26) min_z=0.000 → xyz=(7.660,8.165,2.680)
  PASS-C(FR) | item= 810 FR zone=3 dims=(1.07x0.48x0.54) min_z=0.000 → xyz=(7.715,6.700,2.300)
  PASS-C(FR) | item= 900 FR zone=3 dims=(1.14x0.43x0.36) min_z=0.000 → xyz=(6.560,8.745,2.630)
  PASS-C(FR) | item= 995 FR zone=3 dims=(1.06x0.54x0.43) min_z=0.000 → xyz=(6.530,6.270,2.570) [FALLBACK]
  PASS-C(FR) | item= 828 FR zone=3 dims=(1.09x0.56x0.20) min_z=0.000 → xyz=(7.795,7.220,2.770)
  PASS-C(FR) | item= 784 FR zone=3 dims=(1.09x0.55x0.20) min_z=0.000 → xyz=(6.535,8.055,2.780)
  PASS-C(FR) | item= 182 FR zone=3 dims=(1.09x0.56x0.21) min_z=0.000 → xyz=(6.545,6.280,2.790) [FALLBACK]
  PASS-C(FR) | item= 311 FR zone=3 dims=(1.16x0.41x0.38) min_z=0.000 → xyz=(6.580,6.205,2.620) [FALLBACK]
  PASS-C(FR) | item= 840 FR zone=3 dims=(1.18x0.40x0.40) min_z=0.000 → xyz=(6.590,6.200,2.600) [FALLBACK]
  PASS-C(FR) | item= 821 FR zone=3 dims=(1.17x0.40x0.40) min_z=0.000 → xyz=(6.585,6.200,2.600) [FALLBACK]
  PASS-C(FR) | item= 924 FR zone=3 dims=(0.79x0.56x0.41) min_z=0.000 → xyz=(8.445,8.600,2.480)
  PASS-C(FR) | item= 998 FR zone=3 dims=(1.05x0.77x0.30) min_z=0.000 → xyz=(6.560,6.385,2.700) [FALLBACK]
  PASS-C(FR) | item= 954 FR zone=3 dims=(0.85x0.68x0.39) min_z=0.000 → xyz=(6.559,6.340,2.610) [FALLBACK]
  PASS-C(FR) | item= 860 FR zone=3 dims=(1.05x0.61x0.23) min_z=0.000 → xyz=(6.599,6.305,2.770) [FALLBACK]
  PASS-C(FR) | item= 767 FR zone=3 dims=(1.17x0.42x0.37) min_z=0.000 → xyz=(6.585,6.210,2.630) [FALLBACK]
  PASS-C(FR) | item= 473 FR zone=3 dims=(0.33x0.33x0.78) min_z=0.000 → xyz=(8.745,6.155,1.920)
  PASS-C(FR) | item= 161 FR zone=3 dims=(0.33x0.33x0.79) min_z=0.000 → xyz=(7.345,6.155,1.960)
  PASS-C(FR) | item= 303 FR zone=3 dims=(0.78x0.33x0.33) min_z=0.000 → xyz=(6.509,6.165,2.670) [FALLBACK]
  PASS-C(FR) | item= 218 FR zone=3 dims=(1.17x0.40x0.42) min_z=0.000 → xyz=(6.585,6.200,2.580) [FALLBACK]
  PASS-C(FR) | item= 151 FR zone=3 dims=(1.14x0.46x0.47) min_z=0.000 → xyz=(6.570,6.230,2.530) [FALLBACK]
  PASS-C(FR) | item= 977 FR zone=3 dims=(1.18x0.79x0.55) min_z=0.000 → xyz=(6.590,6.395,2.450) [FALLBACK]
  PASS-C(FR) | item= 694 FR zone=3 dims=(0.76x0.39x0.56) min_z=0.000 → xyz=(6.523,6.195,2.440) [FALLBACK]
  PASS-C(FR) | item= 725 FR zone=3 dims=(1.14x0.32x0.46) min_z=0.000 → xyz=(6.570,6.160,2.540) [FALLBACK]
  PASS-C(FR) | item= 887 FR zone=3 dims=(1.12x0.48x0.23) min_z=0.000 → xyz=(6.629,6.240,2.770) [FALLBACK]
  PASS-C(FR) | item= 903 FR zone=3 dims=(1.18x0.39x0.44) min_z=0.000 → xyz=(6.590,6.195,2.560) [FALLBACK]
  PASS-C(FR) | item= 934 FR zone=3 dims=(1.12x0.46x0.44) min_z=0.000 → xyz=(6.560,6.230,2.560) [FALLBACK]
  PASS-C(FR) | item= 693 FR zone=3 dims=(1.18x0.78x0.51) min_z=0.000 → xyz=(6.590,6.390,2.490) [FALLBACK]
  PASS-C(FR) | item= 876 FR zone=3 dims=(1.18x0.40x0.41) min_z=0.000 → xyz=(6.590,6.200,2.590) [FALLBACK]
  PASS-C(FR) | item= 289 FR zone=3 dims=(1.18x0.79x0.55) min_z=0.000 → xyz=(6.590,6.395,2.450) [FALLBACK]
  PASS-C(FR) | item= 543 FR zone=3 dims=(0.78x0.53x0.38) min_z=0.000 → xyz=(6.501,6.265,2.620) [FALLBACK]
  PASS-C(FR) | item= 699 FR zone=3 dims=(0.74x0.51x0.65) min_z=0.000 → xyz=(6.470,6.255,2.350) [FALLBACK]
  PASS-C(FR) | item=  51 FR zone=3 dims=(1.19x0.79x0.56) min_z=0.000 → xyz=(6.595,6.395,2.440) [FALLBACK]
  PASS-C(FR) | item= 904 FR zone=4 dims=(0.55x0.79x1.18) min_z=3.000 → xyz=(3.725,2.165,3.810)
  PASS-C(FR) | item= 868 FR zone=4 dims=(0.78x0.48x1.18) min_z=3.000 → xyz=(2.800,2.860,3.930)
  PASS-C(FR) | item= 481 FR zone=4 dims=(0.35x0.52x0.76) min_z=3.000 → xyz=(2.245,1.830,3.750)
  PASS-C(FR) | item= 189 FR zone=4 dims=(0.56x1.18x0.79) min_z=3.000 → xyz=(1.690,2.960,4.000)
  PASS-C(FR) | item= 776 FR zone=4 dims=(0.42x0.43x1.08) min_z=3.000 → xyz=(2.540,2.385,3.970)
  PASS-C(FR) | item= 290 FR zone=4 dims=(0.41x0.77x0.70) min_z=3.000 → xyz=(2.175,2.995,4.000)
  PASS-C(FR) | item= 964 FR zone=4 dims=(0.44x0.43x1.07) min_z=3.000 → xyz=(2.190,3.595,4.000)
  PASS-C(FR) | item= 732 FR zone=4 dims=(0.79x0.34x0.79) min_z=3.000 → xyz=(3.575,1.520,4.010)
  PASS-C(FR) | item= 973 FR zone=4 dims=(0.79x0.33x0.78) min_z=3.000 → xyz=(1.395,3.785,4.060)
  PASS-C(FR) | item= 292 FR zone=4 dims=(0.79x0.36x0.78) min_z=3.000 → xyz=(3.575,1.170,4.090)
  PASS-C(FR) | item= 691 FR zone=4 dims=(0.32x0.38x1.18) min_z=3.000 → xyz=(2.580,1.960,3.750)
  PASS-C(FR) | item= 992 FR zone=4 dims=(0.44x0.42x0.58) min_z=3.000 → xyz=(2.630,3.650,4.020)
  PASS-C(FR) | item= 739 FR zone=4 dims=(0.40x0.43x1.11) min_z=3.000 → xyz=(1.200,2.205,4.070)
  PASS-C(FR) | item= 726 FR zone=4 dims=(0.41x0.66x0.58) min_z=3.000 → xyz=(3.515,3.670,4.090)
  PASS-C(FR) | item= 711 FR zone=4 dims=(0.41x0.66x0.58) min_z=3.000 → xyz=(3.655,2.890,4.100)
  PASS-C(FR) | item= 121 FR zone=4 dims=(0.41x0.67x0.58) min_z=3.000 → xyz=(2.945,1.835,4.110)
  PASS-C(FR) | item= 705 FR zone=4 dims=(0.38x0.77x0.57) min_z=3.000 → xyz=(3.040,3.485,4.120)
  PASS-C(FR) | item= 458 FR zone=4 dims=(0.40x0.66x0.58) min_z=3.000 → xyz=(1.200,2.750,4.170)
  PASS-C(FR) | item= 702 FR zone=4 dims=(0.66x0.38x0.57) min_z=3.000 → xyz=(1.730,2.180,4.140)
  PASS-C(FR) | item= 242 FR zone=4 dims=(0.58x0.39x0.78) min_z=3.000 → xyz=(3.040,2.365,4.180)
  PASS-C(FR) | item= 724 FR zone=4 dims=(0.58x0.66x0.38) min_z=3.000 → xyz=(2.290,1.320,4.570)
  PASS-C(FR) | item= 881 FR zone=4 dims=(0.54x0.59x1.15) min_z=3.000 → xyz=(3.550,3.515,4.670)
  PASS-C(FR) | item=  89 FR zone=4 dims=(0.39x0.78x1.17) min_z=3.000 → xyz=(2.605,3.490,4.600)
  PASS-C(FR) | item=  94 FR zone=4 dims=(0.60x0.33x0.78) min_z=3.000 → xyz=(2.880,1.155,4.570)
  PASS-C(FR) | item= 198 FR zone=4 dims=(0.35x0.42x1.11) min_z=3.000 → xyz=(1.175,3.410,4.100)
  PASS-C(FR) | item= 261 FR zone=4 dims=(0.35x0.49x0.96) min_z=3.000 → xyz=(2.235,1.895,4.510)
  PASS-C(FR) | item= 354 FR zone=4 dims=(0.26x0.40x0.89) min_z=3.000 → xyz=(3.300,1.970,3.810)
  PASS-C(FR) | item= 596 FR zone=4 dims=(0.79x0.36x0.59) min_z=3.000 → xyz=(3.585,2.740,4.680)
  PASS-C(FR) | item=  87 FR zone=4 dims=(0.47x0.35x1.11) min_z=3.000 → xyz=(2.815,1.495,4.690)
  PASS-C(FR) | item= 898 FR zone=4 dims=(0.59x1.18x0.54) min_z=3.000 → xyz=(1.695,2.580,4.790)
  PASS-C(FR) | item= 308 FR zone=4 dims=(0.34x0.47x0.75) min_z=3.000 → xyz=(2.910,1.905,4.690)
  PASS-C(FR) | item= 943 FR zone=4 dims=(0.40x0.71x0.52) min_z=3.000 → xyz=(3.000,3.455,4.690)
  PASS-C(FR) | item= 361 FR zone=4 dims=(0.40x0.71x0.52) min_z=3.000 → xyz=(2.190,2.955,4.700)
  PASS-C(FR) | item= 687 FR zone=4 dims=(0.40x0.77x0.56) min_z=3.000 → xyz=(1.200,2.805,4.750)
  PASS-C(FR) | item= 541 FR zone=4 dims=(0.52x0.28x1.05) min_z=3.000 → xyz=(3.530,3.060,4.680)
  PASS-C(FR) | item= 333 FR zone=4 dims=(0.36x0.41x0.54) min_z=3.000 → xyz=(3.260,1.895,4.700)
  PASS-C(FR) | item=  31 FR zone=4 dims=(0.56x0.39x0.58) min_z=3.000 → xyz=(1.680,3.365,4.790)
  PASS-C(FR) | item= 400 FR zone=4 dims=(0.79x0.30x0.59) min_z=3.000 → xyz=(3.445,1.500,4.800)
  PASS-C(FR) | item= 230 FR zone=4 dims=(0.45x0.43x0.97) min_z=3.000 → xyz=(1.625,3.775,4.840)
  PASS-C(FR) | item= 168 FR zone=4 dims=(0.55x0.53x0.79) min_z=3.000 → xyz=(2.275,1.255,4.950)
  PASS-C(FR) | item= 301 FR zone=4 dims=(0.33x0.40x0.53) min_z=3.000 → xyz=(2.155,2.340,4.710)
  PASS-C(FR) | item= 251 FR zone=4 dims=(0.42x0.43x0.76) min_z=3.000 → xyz=(2.960,2.355,4.960)
  PASS-C(FR) | item= 751 FR zone=4 dims=(0.42x0.77x0.43) min_z=3.000 → xyz=(3.650,2.075,4.990)
  PASS-C(FR) | item= 445 FR zone=4 dims=(0.41x0.75x0.41) min_z=3.000 → xyz=(1.205,1.365,5.000)
  PASS-C(FR) | item= 245 FR zone=4 dims=(0.54x0.32x0.50) min_z=3.000 → xyz=(3.450,1.150,4.870)
  PASS-C(FR) | item= 312 FR zone=4 dims=(0.30x0.25x0.57) min_z=3.000 → xyz=(1.150,3.745,4.840)
  PASS-C(FR) | item= 406 FR zone=4 dims=(0.55x0.67x0.26) min_z=3.000 → xyz=(1.685,1.325,5.000)
  PASS-C(FR) | item= 949 FR zone=5 dims=(0.44x1.10x0.43) min_z=3.000 → xyz=(6.210,1.960,3.780)
  PASS-C(FR) | item= 829 FR zone=5 dims=(0.39x0.41x1.19) min_z=3.000 → xyz=(6.985,2.865,3.780)
  PASS-C(FR) | item= 326 FR zone=5 dims=(0.78x0.56x1.18) min_z=3.000 → xyz=(7.270,1.270,3.950)
  PASS-C(FR) | item= 515 FR zone=5 dims=(0.79x0.55x1.18) min_z=3.000 → xyz=(7.475,3.565,4.020)
  PASS-C(FR) | item= 457 FR zone=5 dims=(0.78x0.48x1.18) min_z=3.000 → xyz=(6.380,2.750,4.030)
  PASS-C(FR) | item= 507 FR zone=5 dims=(0.53x0.78x1.18) min_z=3.000 → xyz=(7.925,1.380,4.100)
  PASS-C(FR) | item= 173 FR zone=5 dims=(0.79x0.33x0.78) min_z=3.000 → xyz=(6.385,1.155,3.940)
  PASS-C(FR) | item= 287 FR zone=5 dims=(0.42x0.43x1.10) min_z=3.000 → xyz=(8.400,1.535,4.080)
  PASS-C(FR) | item= 803 FR zone=5 dims=(0.77x0.41x0.70) min_z=3.000 → xyz=(6.375,3.595,4.110)
  PASS-C(FR) | item= 386 FR zone=5 dims=(0.40x0.58x0.42) min_z=3.000 → xyz=(7.780,2.060,4.100)
  PASS-C(FR) | item= 139 FR zone=5 dims=(0.35x0.40x1.19) min_z=3.000 → xyz=(8.815,1.190,4.050)
  PASS-C(FR) | item= 169 FR zone=5 dims=(0.40x0.58x0.42) min_z=3.000 → xyz=(8.800,3.620,4.100)
  PASS-C(FR) | item= 253 FR zone=5 dims=(0.40x0.57x0.41) min_z=3.000 → xyz=(8.250,3.685,4.110)
  PASS-C(FR) | item= 336 FR zone=5 dims=(0.40x0.57x0.41) min_z=3.000 → xyz=(8.230,2.505,4.140)
  PASS-C(FR) | item= 293 FR zone=5 dims=(0.41x0.40x0.57) min_z=3.000 → xyz=(8.775,2.500,4.140)
  PASS-C(FR) | item= 837 FR zone=5 dims=(0.36x0.79x0.78) min_z=3.000 → xyz=(7.370,1.945,4.150)
  PASS-C(FR) | item= 984 FR zone=5 dims=(0.42x0.44x0.58) min_z=3.000 → xyz=(8.570,2.000,4.150)
  PASS-C(FR) | item= 592 FR zone=5 dims=(0.42x0.58x0.44) min_z=3.000 → xyz=(6.640,1.610,4.160)
  PASS-C(FR) | item= 304 FR zone=5 dims=(0.40x0.43x1.11) min_z=3.000 → xyz=(7.380,2.555,4.170)
  PASS-C(FR) | item= 262 FR zone=5 dims=(0.41x0.58x0.66) min_z=3.000 → xyz=(7.805,2.640,4.190)
  PASS-C(FR) | item=  62 FR zone=5 dims=(0.41x0.58x0.66) min_z=3.000 → xyz=(8.805,3.040,4.190)
  PASS-C(FR) | item= 620 FR zone=5 dims=(0.42x0.58x0.66) min_z=3.000 → xyz=(6.200,1.610,4.210)
  PASS-C(FR) | item=   4 FR zone=5 dims=(0.38x0.57x0.77) min_z=3.000 → xyz=(6.180,2.185,4.210)
  PASS-C(FR) | item= 618 FR zone=5 dims=(0.37x0.38x1.16) min_z=3.000 → xyz=(8.165,1.960,4.170)
  PASS-C(FR) | item= 223 FR zone=5 dims=(0.67x0.39x0.58) min_z=3.000 → xyz=(6.325,3.185,4.320)
  PASS-C(FR) | item= 530 FR zone=5 dims=(0.40x0.26x0.96) min_z=3.000 → xyz=(6.860,3.200,4.030)
  PASS-C(FR) | item= 298 FR zone=5 dims=(0.58x0.38x0.66) min_z=3.000 → xyz=(8.310,3.010,4.260)
  PASS-C(FR) | item= 476 FR zone=5 dims=(0.54x0.59x1.15) min_z=3.000 → xyz=(6.640,2.195,4.380)
  PASS-C(FR) | item= 331 FR zone=5 dims=(0.38x0.58x0.78) min_z=3.000 → xyz=(7.770,2.060,4.520)
  PASS-C(FR) | item= 835 FR zone=5 dims=(0.60x0.54x1.18) min_z=3.000 → xyz=(8.280,3.470,4.520)
  PASS-C(FR) | item= 205 FR zone=5 dims=(0.54x0.59x1.18) min_z=3.000 → xyz=(8.285,2.515,4.550)
  PASS-C(FR) | item= 789 FR zone=5 dims=(0.40x0.26x0.89) min_z=3.000 → xyz=(8.390,1.120,4.110)
  PASS-C(FR) | item= 390 FR zone=5 dims=(0.79x0.30x1.17) min_z=3.000 → xyz=(7.575,3.080,4.260)
  PASS-C(FR) | item= 506 FR zone=5 dims=(0.59x0.54x1.18) min_z=3.000 → xyz=(6.285,3.650,4.810)
  PASS-C(FR) | item= 874 FR zone=5 dims=(0.40x0.52x0.71) min_z=3.000 → xyz=(8.800,3.590,4.520)
  PASS-C(FR) | item= 549 FR zone=5 dims=(0.40x0.52x0.71) min_z=3.000 → xyz=(6.610,1.580,4.600)
  PASS-C(FR) | item= 811 FR zone=5 dims=(0.40x0.52x0.70) min_z=3.000 → xyz=(8.755,2.480,4.710)
  PASS-C(FR) | item= 174 FR zone=5 dims=(0.56x0.40x0.77) min_z=3.000 → xyz=(8.630,1.970,4.730)
  PASS-C(FR) | item= 557 FR zone=5 dims=(0.41x0.51x0.73) min_z=3.000 → xyz=(6.865,3.585,4.810)
  PASS-C(FR) | item= 452 FR zone=5 dims=(0.35x0.50x0.82) min_z=3.000 → xyz=(7.755,2.600,4.850)
  PASS-C(FR) | item= 220 FR zone=5 dims=(0.54x0.56x0.55) min_z=3.000 → xyz=(7.180,1.830,4.930)
  PASS-C(FR) | item= 329 FR zone=5 dims=(0.78x0.31x0.43) min_z=3.000 → xyz=(6.380,1.145,4.720)
  PASS-C(FR) | item= 635 FR zone=5 dims=(0.33x0.53x0.51) min_z=3.000 → xyz=(8.845,3.015,4.850)
  PASS-C(FR) | item= 296 FR zone=5 dims=(0.42x0.48x0.93) min_z=3.000 → xyz=(6.200,1.540,4.870)
  PASS-C(FR) | item= 848 FR zone=5 dims=(0.54x0.39x0.51) min_z=3.000 → xyz=(6.260,3.185,4.900)
  PASS-C(FR) | item= 729 FR zone=5 dims=(0.40x0.33x0.53) min_z=3.000 → xyz=(8.215,2.975,4.920)
  PASS-C(FR) | item= 256 FR zone=5 dims=(0.55x0.51x0.79) min_z=3.000 → xyz=(7.085,1.245,5.130)
  PASS-C(FR) | item= 540 FR zone=5 dims=(0.18x1.12x0.74) min_z=3.000 → xyz=(7.000,2.670,4.990)
  PASS-C(FR) | item= 342 FR zone=5 dims=(0.42x0.25x0.47) min_z=3.000 → xyz=(8.190,3.865,4.520)
  PASS-C(FR) | item= 554 FR zone=5 dims=(0.38x0.53x0.42) min_z=3.000 → xyz=(6.180,2.045,4.980)
  PASS-C(FR) | item= 864 FR zone=5 dims=(0.47x0.22x0.66) min_z=3.000 → xyz=(7.325,2.220,4.930)
  PASS-C(FR) | item= 923 FR zone=5 dims=(0.45x0.22x0.65) min_z=3.000 → xyz=(8.175,3.850,4.990)
  PASS-C(FR) | item= 468 FR zone=6 dims=(0.44x0.43x1.10) min_z=3.000 → xyz=(2.990,7.395,3.665)
  PASS-C(FR) | item= 343 FR zone=6 dims=(0.79x0.55x1.18) min_z=3.000 → xyz=(2.995,6.265,3.670)
  PASS-C(FR) | item= 910 FR zone=6 dims=(0.79x0.55x1.18) min_z=3.000 → xyz=(3.245,8.485,3.850)
  PASS-C(FR) | item= 737 FR zone=6 dims=(0.78x0.53x1.18) min_z=3.000 → xyz=(2.390,8.405,4.110)
  PASS-C(FR) | item= 637 FR zone=6 dims=(0.42x0.43x1.07) min_z=3.000 → xyz=(2.270,7.475,3.660)
  PASS-C(FR) | item= 882 FR zone=6 dims=(0.52x0.35x0.76) min_z=3.000 → xyz=(3.650,6.165,3.690)
  PASS-C(FR) | item= 142 FR zone=6 dims=(0.79x0.35x0.78) min_z=3.000 → xyz=(3.605,7.355,3.960)
  PASS-C(FR) | item= 853 FR zone=6 dims=(0.35x0.78x0.79) min_z=3.000 → xyz=(3.815,8.600,4.100)
  PASS-C(FR) | item= 971 FR zone=6 dims=(0.35x0.34x1.01) min_z=3.000 → xyz=(2.235,7.860,3.660)
  PASS-C(FR) | item= 449 FR zone=6 dims=(0.34x0.34x1.02) min_z=3.000 → xyz=(3.430,7.700,3.770)
  PASS-C(FR) | item= 587 FR zone=6 dims=(0.78x0.44x1.18) min_z=3.000 → xyz=(2.870,7.830,4.120)
  PASS-C(FR) | item= 178 FR zone=6 dims=(0.34x0.79x0.79) min_z=3.000 → xyz=(3.560,6.735,4.170)
  PASS-C(FR) | item= 669 FR zone=6 dims=(0.41x0.40x0.57) min_z=3.000 → xyz=(1.485,7.515,3.860)
  PASS-C(FR) | item= 745 FR zone=6 dims=(0.41x0.40x0.57) min_z=3.000 → xyz=(2.695,6.740,4.000)
  PASS-C(FR) | item= 405 FR zone=6 dims=(0.41x0.41x0.57) min_z=3.000 → xyz=(2.245,6.195,4.030)
  PASS-C(FR) | item= 138 FR zone=6 dims=(0.44x0.43x1.08) min_z=3.000 → xyz=(1.220,6.205,4.210)
  PASS-C(FR) | item=  37 FR zone=6 dims=(0.44x0.42x0.58) min_z=3.000 → xyz=(2.260,6.610,4.360)
  PASS-C(FR) | item= 933 FR zone=6 dims=(0.44x0.42x0.59) min_z=3.000 → xyz=(2.200,7.030,4.360)
  PASS-C(FR) | item= 759 FR zone=6 dims=(0.45x0.42x0.58) min_z=3.000 → xyz=(1.225,6.630,4.380)
  PASS-C(FR) | item= 738 FR zone=6 dims=(0.46x0.42x0.60) min_z=3.000 → xyz=(1.680,6.740,4.380)
  PASS-C(FR) | item= 845 FR zone=6 dims=(0.58x0.42x0.67) min_z=3.000 → xyz=(1.730,6.200,4.410)
  PASS-C(FR) | item= 199 FR zone=6 dims=(0.42x0.58x0.66) min_z=3.000 → xyz=(1.210,7.130,4.430)
  PASS-C(FR) | item= 584 FR zone=6 dims=(0.41x0.58x0.66) min_z=3.000 → xyz=(3.805,7.820,4.310)
  PASS-C(FR) | item=  40 FR zone=6 dims=(0.37x0.38x1.16) min_z=3.000 → xyz=(1.875,7.430,4.270)
  PASS-C(FR) | item= 368 FR zone=6 dims=(0.57x0.38x0.66) min_z=3.000 → xyz=(1.285,7.610,4.430)
  PASS-C(FR) | item= 710 FR zone=6 dims=(0.39x0.58x0.67) min_z=3.000 → xyz=(3.095,6.830,4.440)
  PASS-C(FR) | item= 240 FR zone=6 dims=(0.78x0.53x0.57) min_z=3.000 → xyz=(1.390,8.065,4.510)
  PASS-C(FR) | item= 749 FR zone=6 dims=(0.77x0.44x0.57) min_z=3.000 → xyz=(1.385,8.550,4.510)
  PASS-C(FR) | item= 275 FR zone=6 dims=(0.38x0.58x0.67) min_z=3.000 → xyz=(2.670,6.830,4.570)
  PASS-C(FR) | item= 118 FR zone=6 dims=(0.49x0.40x0.78) min_z=3.000 → xyz=(2.265,6.190,4.600)
  PASS-C(FR) | item=  19 FR zone=6 dims=(1.18x0.54x0.60) min_z=3.000 → xyz=(3.100,6.260,4.960)
  PASS-C(FR) | item= 411 FR zone=6 dims=(0.27x0.60x0.79) min_z=3.000 → xyz=(3.865,6.640,4.170)
  PASS-C(FR) | item= 107 FR zone=6 dims=(0.69x0.40x0.54) min_z=3.000 → xyz=(2.125,7.890,4.670)
  PASS-C(FR) | item= 814 FR zone=6 dims=(0.35x0.49x0.96) min_z=3.000 → xyz=(2.595,7.365,4.730)
  PASS-C(FR) | item= 231 FR zone=6 dims=(0.41x0.49x0.87) min_z=3.000 → xyz=(2.975,7.365,4.765)
  PASS-C(FR) | item= 940 FR zone=6 dims=(0.79x0.30x1.17) min_z=3.000 → xyz=(2.395,8.820,4.610)
  PASS-C(FR) | item= 263 FR zone=6 dims=(0.70x0.40x0.53) min_z=3.000 → xyz=(3.560,7.330,4.740)
  PASS-C(FR) | item= 460 FR zone=6 dims=(0.53x0.40x0.70) min_z=3.000 → xyz=(2.175,6.610,4.940)
  PASS-C(FR) | item=   5 FR zone=6 dims=(0.56x1.10x0.51) min_z=3.000 → xyz=(3.730,8.080,5.030)
  PASS-C(FR) | item=  22 FR zone=6 dims=(0.46x0.15x0.63) min_z=3.000 → xyz=(1.610,8.895,3.730)
  PASS-C(FR) | item= 856 FR zone=6 dims=(0.63x0.15x0.46) min_z=3.000 → xyz=(3.165,8.835,3.800)
  PASS-C(FR) | item= 316 FR zone=6 dims=(0.72x0.20x0.48) min_z=3.000 → xyz=(3.210,8.860,4.260)
  PASS-C(FR) | item= 377 FR zone=6 dims=(0.58x0.37x0.78) min_z=3.000 → xyz=(3.580,6.725,4.960)
  PASS-C(FR) | item= 932 FR zone=6 dims=(0.52x0.28x1.05) min_z=3.000 → xyz=(1.680,7.090,4.380)
  PASS-C(FR) | item= 911 FR zone=6 dims=(0.36x0.41x0.54) min_z=3.000 → xyz=(2.240,7.445,4.730)
  PASS-C(FR) | item= 399 FR zone=6 dims=(0.43x0.30x0.78) min_z=3.000 → xyz=(2.155,6.960,4.950)
  PASS-C(FR) | item= 274 FR zone=6 dims=(0.46x0.42x0.99) min_z=3.000 → xyz=(1.670,6.620,4.980)
  PASS-C(FR) | item= 511 FR zone=6 dims=(0.40x0.51x0.53) min_z=3.000 → xyz=(3.240,8.305,5.030)
  PASS-C(FR) | item= 740 FR zone=6 dims=(0.48x0.93x0.42) min_z=3.000 → xyz=(1.240,8.265,5.080)
  PASS-C(FR) | item= 551 FR zone=6 dims=(0.78x0.17x1.14) min_z=3.000 → xyz=(1.390,8.905,4.360)
  PASS-C(FR) | item= 503 FR zone=6 dims=(0.54x0.39x0.50) min_z=3.000 → xyz=(3.120,8.765,5.030)
  PASS-C(FR) | item= 341 FR zone=6 dims=(0.43x0.42x0.77) min_z=3.000 → xyz=(1.215,6.630,4.960)
  PASS-C(FR) | item= 931 FR zone=6 dims=(0.18x0.74x1.12) min_z=3.000 → xyz=(1.870,8.460,4.510)
  PASS-C(FR) | item= 454 FR zone=6 dims=(0.32x0.51x0.53) min_z=3.000 → xyz=(3.850,6.245,4.960)
  PASS-C(FR) | item= 905 FR zone=6 dims=(0.30x0.25x0.57) min_z=3.000 → xyz=(3.800,8.765,4.890)
  PASS-C(FR) | item= 815 FR zone=6 dims=(0.55x0.26x0.67) min_z=3.000 → xyz=(1.715,6.120,5.080)
  PASS-C(FR) | item= 533 FR zone=7 dims=(0.43x0.44x1.10) min_z=3.000 → xyz=(7.915,7.500,3.690)
  PASS-C(FR) | item= 114 FR zone=7 dims=(0.41x0.39x1.19) min_z=3.000 → xyz=(6.795,7.045,3.660)
  PASS-C(FR) | item= 537 FR zone=7 dims=(0.56x0.41x0.69) min_z=3.000 → xyz=(8.630,8.425,3.710)
  PASS-C(FR) | item= 522 FR zone=7 dims=(0.79x0.55x1.18) min_z=3.000 → xyz=(6.775,8.615,3.790)
  PASS-C(FR) | item= 136 FR zone=7 dims=(0.78x0.53x1.18) min_z=3.000 → xyz=(7.560,8.735,3.900)
  PASS-C(FR) | item= 149 FR zone=7 dims=(0.39x0.40x0.62) min_z=3.000 → xyz=(7.285,6.470,3.750)
  PASS-C(FR) | item= 819 FR zone=7 dims=(0.40x0.39x0.62) min_z=3.000 → xyz=(7.290,6.865,3.850)
  PASS-C(FR) | item= 259 FR zone=7 dims=(0.43x0.42x1.07) min_z=3.000 → xyz=(6.215,6.890,3.880)
  PASS-C(FR) | item= 960 FR zone=7 dims=(0.53x0.78x1.18) min_z=3.000 → xyz=(6.265,7.490,4.000)
  PASS-C(FR) | item= 446 FR zone=7 dims=(0.35x0.34x1.01) min_z=3.000 → xyz=(7.515,7.230,3.670)
  PASS-C(FR) | item= 364 FR zone=7 dims=(0.43x0.42x1.08) min_z=3.000 → xyz=(6.745,7.450,4.000)
  PASS-C(FR) | item= 861 FR zone=7 dims=(0.34x0.34x1.02) min_z=3.000 → xyz=(8.160,8.370,3.710)
  PASS-C(FR) | item= 569 FR zone=7 dims=(0.44x0.43x1.07) min_z=3.000 → xyz=(6.750,7.875,4.000)
  PASS-C(FR) | item= 794 FR zone=7 dims=(0.42x0.40x0.58) min_z=3.000 → xyz=(6.210,8.080,4.000)
  PASS-C(FR) | item= 748 FR zone=7 dims=(0.40x0.35x1.19) min_z=3.000 → xyz=(8.550,8.805,3.890)
  PASS-C(FR) | item= 785 FR zone=7 dims=(0.40x0.42x0.58) min_z=3.000 → xyz=(8.330,7.490,4.060)
  PASS-C(FR) | item= 282 FR zone=7 dims=(0.79x0.33x0.78) min_z=3.000 → xyz=(6.395,6.155,4.090)
  PASS-C(FR) | item= 433 FR zone=7 dims=(0.78x0.34x0.79) min_z=3.000 → xyz=(8.500,7.950,4.090)
  PASS-C(FR) | item= 227 FR zone=7 dims=(0.38x0.32x1.18) min_z=3.000 → xyz=(6.190,8.630,3.900)
  PASS-C(FR) | item= 542 FR zone=7 dims=(0.59x0.42x0.44) min_z=3.000 → xyz=(8.715,6.200,4.110)
  PASS-C(FR) | item=  38 FR zone=7 dims=(0.45x0.42x0.58) min_z=3.000 → xyz=(7.395,8.190,4.110)
  PASS-C(FR) | item= 324 FR zone=7 dims=(0.46x0.42x0.60) min_z=3.000 → xyz=(7.200,7.730,4.120)
  PASS-C(FR) | item= 435 FR zone=7 dims=(0.42x0.58x0.67) min_z=3.000 → xyz=(7.690,6.280,4.170)
  PASS-C(FR) | item= 120 FR zone=7 dims=(0.42x0.58x0.66) min_z=3.000 → xyz=(8.110,6.280,4.170)
  PASS-C(FR) | item= 650 FR zone=7 dims=(0.41x0.58x0.67) min_z=3.000 → xyz=(8.745,7.290,4.170)
  PASS-C(FR) | item= 369 FR zone=7 dims=(0.41x0.58x0.66) min_z=3.000 → xyz=(6.995,6.280,4.370)
  PASS-C(FR) | item= 869 FR zone=7 dims=(0.58x0.40x0.66) min_z=3.000 → xyz=(8.620,8.370,4.400)
  PASS-C(FR) | item= 206 FR zone=7 dims=(0.58x0.24x0.77) min_z=3.000 → xyz=(6.710,8.210,4.000)
  PASS-C(FR) | item= 479 FR zone=7 dims=(0.79x0.37x0.79) min_z=3.000 → xyz=(8.605,6.755,4.460)
  PASS-C(FR) | item=   9 FR zone=7 dims=(0.57x0.44x0.77) min_z=3.000 → xyz=(7.285,6.790,4.470)
  PASS-C(FR) | item= 246 FR zone=7 dims=(0.38x0.58x0.66) min_z=3.000 → xyz=(8.510,6.280,4.550)
  PASS-C(FR) | item= 734 FR zone=7 dims=(0.58x0.38x0.67) min_z=3.000 → xyz=(7.860,6.760,4.550)
  PASS-C(FR) | item= 659 FR zone=7 dims=(0.39x0.78x1.17) min_z=3.000 → xyz=(8.345,7.330,4.640)
  PASS-C(FR) | item= 975 FR zone=7 dims=(0.33x0.60x0.78) min_z=3.000 → xyz=(7.785,8.020,4.120)
  PASS-C(FR) | item= 602 FR zone=7 dims=(0.60x0.54x1.18) min_z=3.000 → xyz=(7.300,7.280,4.720)
  PASS-C(FR) | item= 880 FR zone=7 dims=(0.41x0.49x0.87) min_z=3.000 → xyz=(7.375,8.185,4.690)
  PASS-C(FR) | item= 352 FR zone=7 dims=(0.54x0.60x1.18) min_z=3.000 → xyz=(7.870,7.250,4.790)
  PASS-C(FR) | item= 818 FR zone=7 dims=(0.53x0.40x0.70) min_z=3.000 → xyz=(6.265,8.080,4.770)
  PASS-C(FR) | item= 465 FR zone=7 dims=(0.40x0.52x0.71) min_z=3.000 → xyz=(8.100,6.250,4.830)
  PASS-C(FR) | item= 788 FR zone=7 dims=(0.34x0.47x0.75) min_z=3.000 → xyz=(8.160,8.775,3.990)
  PASS-C(FR) | item= 101 FR zone=7 dims=(0.40x0.52x0.70) min_z=3.000 → xyz=(7.400,6.250,4.840)
  PASS-C(FR) | item= 514 FR zone=7 dims=(0.40x0.52x0.70) min_z=3.000 → xyz=(8.740,7.200,4.840)
  PASS-C(FR) | item= 686 FR zone=7 dims=(0.58x0.37x0.78) min_z=3.000 → xyz=(7.260,7.735,4.720)
  PASS-C(FR) | item= 192 FR zone=7 dims=(0.38x0.53x0.76) min_z=3.000 → xyz=(8.140,8.435,4.740)
  PASS-C(FR) | item= 909 FR zone=7 dims=(0.56x0.39x0.58) min_z=3.000 → xyz=(6.710,6.765,4.850)
  PASS-C(FR) | item=  92 FR zone=7 dims=(0.78x0.35x0.59) min_z=3.000 → xyz=(6.390,6.165,4.870)
  PASS-C(FR) | item= 313 FR zone=7 dims=(0.33x0.51x0.53) min_z=3.000 → xyz=(8.705,7.715,4.880)
  PASS-C(FR) | item= 902 FR zone=7 dims=(0.51x0.40x0.53) min_z=3.000 → xyz=(8.205,7.920,4.880)
  PASS-C(FR) | item=  45 FR zone=7 dims=(0.39x0.51x0.54) min_z=3.000 → xyz=(6.195,6.595,4.950)
  PASS-C(FR) | item= 580 FR zone=7 dims=(0.40x0.32x0.52) min_z=3.000 → xyz=(7.750,7.710,4.900)
  PASS-C(FR) | item= 945 FR zone=7 dims=(1.14x0.17x0.78) min_z=3.000 → xyz=(6.570,8.365,4.970)
  PASS-C(FR) | item= 653 FR zone=7 dims=(0.55x0.51x0.79) min_z=3.000 → xyz=(6.893,8.720,4.970)
  PASS-C(FR) | item= 858 FR zone=7 dims=(0.41x0.41x0.75) min_z=3.000 → xyz=(6.985,6.195,5.030)
  PASS-C(FR) | item= 865 FR zone=7 dims=(0.32x0.51x0.53) min_z=3.000 → xyz=(7.740,8.195,4.900)
  PASS-C(FR) | item= 453 FR zone=7 dims=(0.47x0.22x0.66) min_z=3.000 → xyz=(6.765,7.070,4.850)
  PASS-C(FR) | item= 328 FR zone=7 dims=(0.45x0.22x0.65) min_z=3.000 → xyz=(6.225,8.900,4.970)
--- ZONE SUMMARY ---
  Zone 0: total=115 nf_top=2.5299999713897705 z_min=0.0 z_max=2.7899999618530273
  Zone 1: total=105 nf_top=2.3499999046325684 z_min=0.0 z_max=2.7699999809265137
  Zone 2: total=110 nf_top=2.3499999046325684 z_min=0.0 z_max=2.76
  Zone 3: total=111 nf_top=2.2799999713897705 z_min=0.0 z_max=2.7899999618530273
  Zone 4: total=129 nf_top=5.0 z_min=3.0 z_max=5.0
  Zone 5: total=152 nf_top=4.380000114440918 z_min=3.0 z_max=5.13
  Zone 6: total=138 nf_top=4.610000133514404 z_min=3.0 z_max=5.08
  Zone 7: total=144 nf_top=4.550000190734863 z_min=3.0 z_max=5.03
--- END ---
