Using device: cuda
--- Training Parameters ---
latent_dim: 100
epochs: 1000
batch_size: 256
lr_g: 0.0002
lr_d: 0.0002
betas: [0.5, 0.999]
target_loss: 0.693
early_stop_parity_threshold: 0.0
early_stop_patience: 100
device: cuda
---------------------------
Loading data from C:\Users\jebzw\OneDrive\Documents\Github\Training-Bin-Packing\gan\..\datasets\datasets.csv...
[Epoch 0/1000] [D Loss: 0.66073] [G Loss: 0.98586]
      [Parity: 0.32513] [DTE-D: 0.03227] [DTE-G: 0.29286]
[Epoch 1/1000] [D Loss: 0.68707] [G Loss: 0.78217]
      [Parity: 0.09510] [DTE-D: 0.00593] [DTE-G: 0.08917]
[Epoch 2/1000] [D Loss: 0.68764] [G Loss: 0.77997]
      [Parity: 0.09233] [DTE-D: 0.00536] [DTE-G: 0.08697]
[Epoch 3/1000] [D Loss: 0.68606] [G Loss: 0.78420]
      [Parity: 0.09814] [DTE-D: 0.00694] [DTE-G: 0.09120]
[Epoch 4/1000] [D Loss: 0.68636] [G Loss: 0.78399]
      [Parity: 0.09762] [DTE-D: 0.00664] [DTE-G: 0.09099]
[Epoch 5/1000] [D Loss: 0.68576] [G Loss: 0.78606]
      [Parity: 0.10030] [DTE-D: 0.00724] [DTE-G: 0.09306]
[Epoch 6/1000] [D Loss: 0.68714] [G Loss: 0.78200]
      [Parity: 0.09487] [DTE-D: 0.00586] [DTE-G: 0.08900]
[Epoch 7/1000] [D Loss: 0.68758] [G Loss: 0.78051]
      [Parity: 0.09293] [DTE-D: 0.00542] [DTE-G: 0.08751]
[Epoch 8/1000] [D Loss: 0.68730] [G Loss: 0.78100]
      [Parity: 0.09370] [DTE-D: 0.00570] [DTE-G: 0.08800]
[Epoch 10/1000] D_Loss: 0.6876 G_Loss: 0.7802
[Epoch 9/1000] [D Loss: 0.68758] [G Loss: 0.78021]
      [Parity: 0.09262] [DTE-D: 0.00542] [DTE-G: 0.08721]
[Epoch 10/1000] [D Loss: 0.68752] [G Loss: 0.78046]
      [Parity: 0.09294] [DTE-D: 0.00548] [DTE-G: 0.08746]
[Epoch 11/1000] [D Loss: 0.68753] [G Loss: 0.78061]
      [Parity: 0.09307] [DTE-D: 0.00547] [DTE-G: 0.08761]
[Epoch 12/1000] [D Loss: 0.68761] [G Loss: 0.78011]
      [Parity: 0.09250] [DTE-D: 0.00539] [DTE-G: 0.08711]
[Epoch 13/1000] [D Loss: 0.68700] [G Loss: 0.78254]
      [Parity: 0.09554] [DTE-D: 0.00600] [DTE-G: 0.08954]
[Epoch 14/1000] [D Loss: 0.67614] [G Loss: 0.80825]
      [Parity: 0.13211] [DTE-D: 0.01686] [DTE-G: 0.11525]
[Epoch 15/1000] [D Loss: 0.67157] [G Loss: 0.82295]
      [Parity: 0.15138] [DTE-D: 0.02143] [DTE-G: 0.12995]
[Epoch 16/1000] [D Loss: 0.67737] [G Loss: 0.81035]
      [Parity: 0.13297] [DTE-D: 0.01563] [DTE-G: 0.11735]
[Epoch 17/1000] [D Loss: 0.67976] [G Loss: 0.80485]
      [Parity: 0.12510] [DTE-D: 0.01324] [DTE-G: 0.11185]
[Epoch 18/1000] [D Loss: 0.67997] [G Loss: 0.80330]
      [Parity: 0.12333] [DTE-D: 0.01303] [DTE-G: 0.11030]
[Epoch 20/1000] D_Loss: 0.6811 G_Loss: 0.8006
[Epoch 19/1000] [D Loss: 0.68106] [G Loss: 0.80055]
      [Parity: 0.11949] [DTE-D: 0.01194] [DTE-G: 0.10755]
[Epoch 20/1000] [D Loss: 0.68258] [G Loss: 0.79605]
      [Parity: 0.11347] [DTE-D: 0.01042] [DTE-G: 0.10305]
[Epoch 21/1000] [D Loss: 0.68349] [G Loss: 0.79411]
      [Parity: 0.11062] [DTE-D: 0.00951] [DTE-G: 0.10111]
[Epoch 22/1000] [D Loss: 0.68387] [G Loss: 0.79228]
      [Parity: 0.10841] [DTE-D: 0.00913] [DTE-G: 0.09928]
[Epoch 23/1000] [D Loss: 0.68372] [G Loss: 0.79279]
      [Parity: 0.10906] [DTE-D: 0.00928] [DTE-G: 0.09979]
[Epoch 24/1000] [D Loss: 0.68354] [G Loss: 0.79278]
      [Parity: 0.10924] [DTE-D: 0.00946] [DTE-G: 0.09978]
[Epoch 25/1000] [D Loss: 0.68311] [G Loss: 0.79381]
      [Parity: 0.11070] [DTE-D: 0.00989] [DTE-G: 0.10081]
[Epoch 26/1000] [D Loss: 0.68256] [G Loss: 0.79567]
      [Parity: 0.11311] [DTE-D: 0.01044] [DTE-G: 0.10267]
[Epoch 27/1000] [D Loss: 0.68217] [G Loss: 0.79626]
      [Parity: 0.11408] [DTE-D: 0.01083] [DTE-G: 0.10326]
[Epoch 28/1000] [D Loss: 0.68192] [G Loss: 0.79719]
      [Parity: 0.11527] [DTE-D: 0.01108] [DTE-G: 0.10419]
[Epoch 30/1000] D_Loss: 0.6810 G_Loss: 0.7996
[Epoch 29/1000] [D Loss: 0.68102] [G Loss: 0.79962]
      [Parity: 0.11860] [DTE-D: 0.01198] [DTE-G: 0.10662]
[Epoch 30/1000] [D Loss: 0.68086] [G Loss: 0.80031]
      [Parity: 0.11945] [DTE-D: 0.01214] [DTE-G: 0.10731]
[Epoch 31/1000] [D Loss: 0.68052] [G Loss: 0.80108]
      [Parity: 0.12055] [DTE-D: 0.01248] [DTE-G: 0.10808]
[Epoch 32/1000] [D Loss: 0.67894] [G Loss: 0.80538]
      [Parity: 0.12644] [DTE-D: 0.01406] [DTE-G: 0.11238]
[Epoch 33/1000] [D Loss: 0.67864] [G Loss: 0.80681]
      [Parity: 0.12818] [DTE-D: 0.01436] [DTE-G: 0.11381]
[Epoch 34/1000] [D Loss: 0.67795] [G Loss: 0.80853]
      [Parity: 0.13059] [DTE-D: 0.01505] [DTE-G: 0.11553]
[Epoch 35/1000] [D Loss: 0.67788] [G Loss: 0.80938]
      [Parity: 0.13151] [DTE-D: 0.01512] [DTE-G: 0.11638]
[Epoch 36/1000] [D Loss: 0.67745] [G Loss: 0.81045]
      [Parity: 0.13300] [DTE-D: 0.01555] [DTE-G: 0.11745]
[Epoch 37/1000] [D Loss: 0.67653] [G Loss: 0.81203]
      [Parity: 0.13550] [DTE-D: 0.01647] [DTE-G: 0.11903]
[Epoch 38/1000] [D Loss: 0.67574] [G Loss: 0.81468]
      [Parity: 0.13894] [DTE-D: 0.01726] [DTE-G: 0.12168]
[Epoch 40/1000] D_Loss: 0.6755 G_Loss: 0.8155
[Epoch 39/1000] [D Loss: 0.67551] [G Loss: 0.81554]
      [Parity: 0.14004] [DTE-D: 0.01749] [DTE-G: 0.12254]
[Epoch 40/1000] [D Loss: 0.67551] [G Loss: 0.81567]
      [Parity: 0.14017] [DTE-D: 0.01749] [DTE-G: 0.12267]
[Epoch 41/1000] [D Loss: 0.67537] [G Loss: 0.81662]
      [Parity: 0.14125] [DTE-D: 0.01763] [DTE-G: 0.12362]
[Epoch 42/1000] [D Loss: 0.67560] [G Loss: 0.81590]
      [Parity: 0.14030] [DTE-D: 0.01740] [DTE-G: 0.12290]
[Epoch 43/1000] [D Loss: 0.67581] [G Loss: 0.81583]
      [Parity: 0.14002] [DTE-D: 0.01719] [DTE-G: 0.12283]
[Epoch 44/1000] [D Loss: 0.67574] [G Loss: 0.81496]
      [Parity: 0.13922] [DTE-D: 0.01726] [DTE-G: 0.12196]
[Epoch 45/1000] [D Loss: 0.67652] [G Loss: 0.81442]
      [Parity: 0.13789] [DTE-D: 0.01648] [DTE-G: 0.12142]
[Epoch 46/1000] [D Loss: 0.67594] [G Loss: 0.81579]
      [Parity: 0.13985] [DTE-D: 0.01706] [DTE-G: 0.12279]
[Epoch 47/1000] [D Loss: 0.67635] [G Loss: 0.81503]
      [Parity: 0.13867] [DTE-D: 0.01665] [DTE-G: 0.12203]
[Epoch 48/1000] [D Loss: 0.67645] [G Loss: 0.81450]
      [Parity: 0.13805] [DTE-D: 0.01655] [DTE-G: 0.12150]
[Epoch 50/1000] D_Loss: 0.6763 G_Loss: 0.8149
[Epoch 49/1000] [D Loss: 0.67631] [G Loss: 0.81495]
      [Parity: 0.13864] [DTE-D: 0.01669] [DTE-G: 0.12195]
[Epoch 50/1000] [D Loss: 0.67616] [G Loss: 0.81530]
      [Parity: 0.13914] [DTE-D: 0.01684] [DTE-G: 0.12230]
[Epoch 51/1000] [D Loss: 0.67565] [G Loss: 0.81601]
      [Parity: 0.14035] [DTE-D: 0.01735] [DTE-G: 0.12301]
[Epoch 52/1000] [D Loss: 0.67599] [G Loss: 0.81601]
      [Parity: 0.14002] [DTE-D: 0.01701] [DTE-G: 0.12301]
[Epoch 53/1000] [D Loss: 0.67615] [G Loss: 0.81485]
      [Parity: 0.13871] [DTE-D: 0.01685] [DTE-G: 0.12185]
[Epoch 54/1000] [D Loss: 0.67616] [G Loss: 0.81474]
      [Parity: 0.13858] [DTE-D: 0.01684] [DTE-G: 0.12174]
[Epoch 55/1000] [D Loss: 0.67531] [G Loss: 0.81630]
      [Parity: 0.14098] [DTE-D: 0.01769] [DTE-G: 0.12330]
[Epoch 56/1000] [D Loss: 0.67599] [G Loss: 0.81597]
      [Parity: 0.13999] [DTE-D: 0.01701] [DTE-G: 0.12297]
[Epoch 57/1000] [D Loss: 0.67559] [G Loss: 0.81737]
      [Parity: 0.14177] [DTE-D: 0.01741] [DTE-G: 0.12437]
[Epoch 58/1000] [D Loss: 0.67535] [G Loss: 0.81732]
      [Parity: 0.14198] [DTE-D: 0.01765] [DTE-G: 0.12432]
[Epoch 60/1000] D_Loss: 0.6763 G_Loss: 0.8151
[Epoch 59/1000] [D Loss: 0.67630] [G Loss: 0.81507]
      [Parity: 0.13877] [DTE-D: 0.01670] [DTE-G: 0.12207]
[Epoch 60/1000] [D Loss: 0.67673] [G Loss: 0.81414]
      [Parity: 0.13742] [DTE-D: 0.01627] [DTE-G: 0.12114]
[Epoch 61/1000] [D Loss: 0.67517] [G Loss: 0.81710]
      [Parity: 0.14193] [DTE-D: 0.01783] [DTE-G: 0.12410]
[Epoch 62/1000] [D Loss: 0.67547] [G Loss: 0.81753]
      [Parity: 0.14206] [DTE-D: 0.01753] [DTE-G: 0.12453]
[Epoch 63/1000] [D Loss: 0.67506] [G Loss: 0.81745]
      [Parity: 0.14240] [DTE-D: 0.01794] [DTE-G: 0.12445]
[Epoch 64/1000] [D Loss: 0.67602] [G Loss: 0.81581]
      [Parity: 0.13979] [DTE-D: 0.01698] [DTE-G: 0.12281]
[Epoch 65/1000] [D Loss: 0.67530] [G Loss: 0.81700]
      [Parity: 0.14170] [DTE-D: 0.01770] [DTE-G: 0.12400]
[Epoch 66/1000] [D Loss: 0.67541] [G Loss: 0.81696]
      [Parity: 0.14155] [DTE-D: 0.01759] [DTE-G: 0.12396]
[Epoch 67/1000] [D Loss: 0.67488] [G Loss: 0.81788]
      [Parity: 0.14299] [DTE-D: 0.01812] [DTE-G: 0.12488]
[Epoch 68/1000] [D Loss: 0.67536] [G Loss: 0.81790]
      [Parity: 0.14253] [DTE-D: 0.01764] [DTE-G: 0.12490]
[Epoch 70/1000] D_Loss: 0.6755 G_Loss: 0.8170
[Epoch 69/1000] [D Loss: 0.67545] [G Loss: 0.81703]
      [Parity: 0.14157] [DTE-D: 0.01755] [DTE-G: 0.12403]
[Epoch 70/1000] [D Loss: 0.67481] [G Loss: 0.81776]
      [Parity: 0.14295] [DTE-D: 0.01819] [DTE-G: 0.12476]
[Epoch 71/1000] [D Loss: 0.67605] [G Loss: 0.81653]
      [Parity: 0.14048] [DTE-D: 0.01695] [DTE-G: 0.12353]
[Epoch 72/1000] [D Loss: 0.67565] [G Loss: 0.81646]
      [Parity: 0.14082] [DTE-D: 0.01735] [DTE-G: 0.12346]
[Epoch 73/1000] [D Loss: 0.67559] [G Loss: 0.81679]
      [Parity: 0.14120] [DTE-D: 0.01741] [DTE-G: 0.12379]
[Epoch 74/1000] [D Loss: 0.67493] [G Loss: 0.81796]
      [Parity: 0.14303] [DTE-D: 0.01807] [DTE-G: 0.12496]
[Epoch 75/1000] [D Loss: 0.67579] [G Loss: 0.81661]
      [Parity: 0.14083] [DTE-D: 0.01721] [DTE-G: 0.12361]
[Epoch 76/1000] [D Loss: 0.67517] [G Loss: 0.81689]
      [Parity: 0.14172] [DTE-D: 0.01783] [DTE-G: 0.12389]
[Epoch 77/1000] [D Loss: 0.67486] [G Loss: 0.81768]
      [Parity: 0.14282] [DTE-D: 0.01814] [DTE-G: 0.12468]
[Epoch 78/1000] [D Loss: 0.67512] [G Loss: 0.81738]
      [Parity: 0.14226] [DTE-D: 0.01788] [DTE-G: 0.12438]
[Epoch 80/1000] D_Loss: 0.6744 G_Loss: 0.8199
[Epoch 79/1000] [D Loss: 0.67439] [G Loss: 0.81986]
      [Parity: 0.14547] [DTE-D: 0.01861] [DTE-G: 0.12686]
[Epoch 80/1000] [D Loss: 0.67593] [G Loss: 0.81587]
      [Parity: 0.13994] [DTE-D: 0.01707] [DTE-G: 0.12287]
[Epoch 81/1000] [D Loss: 0.67488] [G Loss: 0.81774]
      [Parity: 0.14286] [DTE-D: 0.01812] [DTE-G: 0.12474]
[Epoch 82/1000] [D Loss: 0.67456] [G Loss: 0.81896]
      [Parity: 0.14440] [DTE-D: 0.01844] [DTE-G: 0.12596]
[Epoch 83/1000] [D Loss: 0.67456] [G Loss: 0.81870]
      [Parity: 0.14414] [DTE-D: 0.01844] [DTE-G: 0.12570]
[Epoch 84/1000] [D Loss: 0.67499] [G Loss: 0.81803]
      [Parity: 0.14305] [DTE-D: 0.01801] [DTE-G: 0.12503]
[Epoch 85/1000] [D Loss: 0.67547] [G Loss: 0.81642]
      [Parity: 0.14096] [DTE-D: 0.01753] [DTE-G: 0.12342]
[Epoch 86/1000] [D Loss: 0.67563] [G Loss: 0.81652]
      [Parity: 0.14090] [DTE-D: 0.01737] [DTE-G: 0.12352]
[Epoch 87/1000] [D Loss: 0.67489] [G Loss: 0.81748]
      [Parity: 0.14259] [DTE-D: 0.01811] [DTE-G: 0.12448]
[Epoch 88/1000] [D Loss: 0.67555] [G Loss: 0.81666]
      [Parity: 0.14111] [DTE-D: 0.01745] [DTE-G: 0.12366]
[Epoch 90/1000] D_Loss: 0.6750 G_Loss: 0.8171
[Epoch 89/1000] [D Loss: 0.67498] [G Loss: 0.81711]
      [Parity: 0.14213] [DTE-D: 0.01802] [DTE-G: 0.12411]
[Epoch 90/1000] [D Loss: 0.67534] [G Loss: 0.81674]
      [Parity: 0.14140] [DTE-D: 0.01766] [DTE-G: 0.12374]
[Epoch 91/1000] [D Loss: 0.67533] [G Loss: 0.81635]
      [Parity: 0.14101] [DTE-D: 0.01767] [DTE-G: 0.12335]
[Epoch 92/1000] [D Loss: 0.67515] [G Loss: 0.81679]
      [Parity: 0.14163] [DTE-D: 0.01785] [DTE-G: 0.12379]
[Epoch 93/1000] [D Loss: 0.67562] [G Loss: 0.81616]
      [Parity: 0.14054] [DTE-D: 0.01738] [DTE-G: 0.12316]
[Epoch 94/1000] [D Loss: 0.67627] [G Loss: 0.81507]
      [Parity: 0.13881] [DTE-D: 0.01673] [DTE-G: 0.12207]
[Epoch 95/1000] [D Loss: 0.67504] [G Loss: 0.81686]
      [Parity: 0.14181] [DTE-D: 0.01796] [DTE-G: 0.12386]
[Epoch 96/1000] [D Loss: 0.67580] [G Loss: 0.81568]
      [Parity: 0.13988] [DTE-D: 0.01720] [DTE-G: 0.12268]
[Epoch 97/1000] [D Loss: 0.67569] [G Loss: 0.81603]
      [Parity: 0.14034] [DTE-D: 0.01731] [DTE-G: 0.12303]
[Epoch 98/1000] [D Loss: 0.67553] [G Loss: 0.81616]
      [Parity: 0.14064] [DTE-D: 0.01747] [DTE-G: 0.12316]
[Epoch 100/1000] D_Loss: 0.6746 G_Loss: 0.8186
[Epoch 99/1000] [D Loss: 0.67462] [G Loss: 0.81862]
      [Parity: 0.14400] [DTE-D: 0.01838] [DTE-G: 0.12562]
[Epoch 100/1000] [D Loss: 0.67590] [G Loss: 0.81601]
      [Parity: 0.14011] [DTE-D: 0.01710] [DTE-G: 0.12301]
[Epoch 101/1000] [D Loss: 0.67600] [G Loss: 0.81538]
      [Parity: 0.13939] [DTE-D: 0.01700] [DTE-G: 0.12238]
[Epoch 102/1000] [D Loss: 0.67606] [G Loss: 0.81490]
      [Parity: 0.13885] [DTE-D: 0.01694] [DTE-G: 0.12190]
[Epoch 103/1000] [D Loss: 0.67646] [G Loss: 0.81433]
      [Parity: 0.13788] [DTE-D: 0.01654] [DTE-G: 0.12133]
[Epoch 104/1000] [D Loss: 0.67653] [G Loss: 0.81405]
      [Parity: 0.13753] [DTE-D: 0.01647] [DTE-G: 0.12105]
[Epoch 105/1000] [D Loss: 0.67633] [G Loss: 0.81417]
      [Parity: 0.13784] [DTE-D: 0.01667] [DTE-G: 0.12117]
[Epoch 106/1000] [D Loss: 0.67615] [G Loss: 0.81531]
      [Parity: 0.13916] [DTE-D: 0.01685] [DTE-G: 0.12231]
[Epoch 107/1000] [D Loss: 0.67654] [G Loss: 0.81433]
      [Parity: 0.13779] [DTE-D: 0.01646] [DTE-G: 0.12133]
[Epoch 108/1000] [D Loss: 0.67623] [G Loss: 0.81410]
      [Parity: 0.13787] [DTE-D: 0.01677] [DTE-G: 0.12110]
[Epoch 110/1000] D_Loss: 0.6759 G_Loss: 0.8154
[Epoch 109/1000] [D Loss: 0.67590] [G Loss: 0.81544]
      [Parity: 0.13955] [DTE-D: 0.01710] [DTE-G: 0.12244]
[Epoch 110/1000] [D Loss: 0.67483] [G Loss: 0.81727]
      [Parity: 0.14244] [DTE-D: 0.01817] [DTE-G: 0.12427]
[Epoch 111/1000] [D Loss: 0.67659] [G Loss: 0.81366]
      [Parity: 0.13707] [DTE-D: 0.01641] [DTE-G: 0.12066]
[Epoch 112/1000] [D Loss: 0.67684] [G Loss: 0.81289]
      [Parity: 0.13606] [DTE-D: 0.01616] [DTE-G: 0.11989]
[Epoch 113/1000] [D Loss: 0.67279] [G Loss: 0.82016]
      [Parity: 0.14737] [DTE-D: 0.02021] [DTE-G: 0.12716]
[Epoch 114/1000] [D Loss: 0.67296] [G Loss: 0.81994]
      [Parity: 0.14698] [DTE-D: 0.02004] [DTE-G: 0.12694]
[Epoch 115/1000] [D Loss: 0.67441] [G Loss: 0.81833]
      [Parity: 0.14392] [DTE-D: 0.01859] [DTE-G: 0.12533]
[Epoch 116/1000] [D Loss: 0.67655] [G Loss: 0.81418]
      [Parity: 0.13763] [DTE-D: 0.01645] [DTE-G: 0.12118]
[Epoch 117/1000] [D Loss: 0.67715] [G Loss: 0.81198]
      [Parity: 0.13483] [DTE-D: 0.01585] [DTE-G: 0.11898]
[Epoch 118/1000] [D Loss: 0.67752] [G Loss: 0.81143]
      [Parity: 0.13391] [DTE-D: 0.01548] [DTE-G: 0.11843]
[Epoch 120/1000] D_Loss: 0.6773 G_Loss: 0.8112
[Epoch 119/1000] [D Loss: 0.67730] [G Loss: 0.81117]
      [Parity: 0.13388] [DTE-D: 0.01570] [DTE-G: 0.11817]
[Epoch 120/1000] [D Loss: 0.67727] [G Loss: 0.81126]
      [Parity: 0.13399] [DTE-D: 0.01573] [DTE-G: 0.11826]
[Epoch 121/1000] [D Loss: 0.67732] [G Loss: 0.81133]
      [Parity: 0.13400] [DTE-D: 0.01568] [DTE-G: 0.11833]
[Epoch 122/1000] [D Loss: 0.67759] [G Loss: 0.81071]
      [Parity: 0.13312] [DTE-D: 0.01541] [DTE-G: 0.11771]
[Epoch 123/1000] [D Loss: 0.67771] [G Loss: 0.81085]
      [Parity: 0.13315] [DTE-D: 0.01529] [DTE-G: 0.11785]
[Epoch 124/1000] [D Loss: 0.67793] [G Loss: 0.80941]
      [Parity: 0.13148] [DTE-D: 0.01507] [DTE-G: 0.11641]
[Epoch 125/1000] [D Loss: 0.67763] [G Loss: 0.81011]
      [Parity: 0.13247] [DTE-D: 0.01537] [DTE-G: 0.11711]
[Epoch 126/1000] [D Loss: 0.67758] [G Loss: 0.81081]
      [Parity: 0.13323] [DTE-D: 0.01542] [DTE-G: 0.11781]
[Epoch 127/1000] [D Loss: 0.67820] [G Loss: 0.80942]
      [Parity: 0.13122] [DTE-D: 0.01480] [DTE-G: 0.11642]
[Epoch 128/1000] [D Loss: 0.67819] [G Loss: 0.80886]
      [Parity: 0.13067] [DTE-D: 0.01481] [DTE-G: 0.11586]
[Epoch 130/1000] D_Loss: 0.6781 G_Loss: 0.8092
[Epoch 129/1000] [D Loss: 0.67809] [G Loss: 0.80922]
      [Parity: 0.13114] [DTE-D: 0.01491] [DTE-G: 0.11622]
[Epoch 130/1000] [D Loss: 0.67783] [G Loss: 0.80926]
      [Parity: 0.13144] [DTE-D: 0.01517] [DTE-G: 0.11626]
[Epoch 131/1000] [D Loss: 0.67873] [G Loss: 0.80774]
      [Parity: 0.12901] [DTE-D: 0.01427] [DTE-G: 0.11474]
[Epoch 132/1000] [D Loss: 0.67810] [G Loss: 0.80879]
      [Parity: 0.13069] [DTE-D: 0.01490] [DTE-G: 0.11579]
[Epoch 133/1000] [D Loss: 0.67862] [G Loss: 0.80845]
      [Parity: 0.12983] [DTE-D: 0.01438] [DTE-G: 0.11545]
[Epoch 134/1000] [D Loss: 0.67881] [G Loss: 0.80705]
      [Parity: 0.12824] [DTE-D: 0.01419] [DTE-G: 0.11405]
[Epoch 135/1000] [D Loss: 0.67813] [G Loss: 0.80849]
      [Parity: 0.13036] [DTE-D: 0.01487] [DTE-G: 0.11549]
[Epoch 136/1000] [D Loss: 0.67866] [G Loss: 0.80746]
      [Parity: 0.12880] [DTE-D: 0.01434] [DTE-G: 0.11446]
[Epoch 137/1000] [D Loss: 0.67866] [G Loss: 0.80746]
      [Parity: 0.12880] [DTE-D: 0.01434] [DTE-G: 0.11446]
[Epoch 138/1000] [D Loss: 0.67890] [G Loss: 0.80624]
      [Parity: 0.12735] [DTE-D: 0.01410] [DTE-G: 0.11324]
[Epoch 140/1000] D_Loss: 0.6789 G_Loss: 0.8071
[Epoch 139/1000] [D Loss: 0.67889] [G Loss: 0.80706]
      [Parity: 0.12818] [DTE-D: 0.01411] [DTE-G: 0.11406]
[Epoch 140/1000] [D Loss: 0.67874] [G Loss: 0.80639]
      [Parity: 0.12764] [DTE-D: 0.01426] [DTE-G: 0.11339]
[Epoch 141/1000] [D Loss: 0.67861] [G Loss: 0.80673]
      [Parity: 0.12812] [DTE-D: 0.01439] [DTE-G: 0.11373]
[Epoch 142/1000] [D Loss: 0.67849] [G Loss: 0.80764]
      [Parity: 0.12915] [DTE-D: 0.01451] [DTE-G: 0.11464]
[Epoch 143/1000] [D Loss: 0.67891] [G Loss: 0.80659]
      [Parity: 0.12768] [DTE-D: 0.01409] [DTE-G: 0.11359]
[Epoch 144/1000] [D Loss: 0.67909] [G Loss: 0.80605]
      [Parity: 0.12695] [DTE-D: 0.01391] [DTE-G: 0.11305]
[Epoch 145/1000] [D Loss: 0.67906] [G Loss: 0.80630]
      [Parity: 0.12723] [DTE-D: 0.01394] [DTE-G: 0.11330]
[Epoch 146/1000] [D Loss: 0.67914] [G Loss: 0.80679]
      [Parity: 0.12765] [DTE-D: 0.01386] [DTE-G: 0.11379]
[Epoch 147/1000] [D Loss: 0.67897] [G Loss: 0.80629]
      [Parity: 0.12732] [DTE-D: 0.01403] [DTE-G: 0.11329]
[Epoch 148/1000] [D Loss: 0.67928] [G Loss: 0.80602]
      [Parity: 0.12674] [DTE-D: 0.01372] [DTE-G: 0.11302]
[Epoch 150/1000] D_Loss: 0.6793 G_Loss: 0.8060
[Epoch 149/1000] [D Loss: 0.67934] [G Loss: 0.80599]
      [Parity: 0.12665] [DTE-D: 0.01366] [DTE-G: 0.11299]
[Epoch 150/1000] [D Loss: 0.67982] [G Loss: 0.80408]
      [Parity: 0.12426] [DTE-D: 0.01318] [DTE-G: 0.11108]
[Epoch 151/1000] [D Loss: 0.67912] [G Loss: 0.80541]
      [Parity: 0.12629] [DTE-D: 0.01388] [DTE-G: 0.11241]
[Epoch 152/1000] [D Loss: 0.67997] [G Loss: 0.80435]
      [Parity: 0.12438] [DTE-D: 0.01303] [DTE-G: 0.11135]
[Epoch 153/1000] [D Loss: 0.67886] [G Loss: 0.80576]
      [Parity: 0.12690] [DTE-D: 0.01414] [DTE-G: 0.11276]
[Epoch 154/1000] [D Loss: 0.67940] [G Loss: 0.80498]
      [Parity: 0.12558] [DTE-D: 0.01360] [DTE-G: 0.11198]
[Epoch 155/1000] [D Loss: 0.67980] [G Loss: 0.80446]
      [Parity: 0.12466] [DTE-D: 0.01320] [DTE-G: 0.11146]
[Epoch 156/1000] [D Loss: 0.67859] [G Loss: 0.80707]
      [Parity: 0.12848] [DTE-D: 0.01441] [DTE-G: 0.11407]
[Epoch 157/1000] [D Loss: 0.67886] [G Loss: 0.80675]
      [Parity: 0.12790] [DTE-D: 0.01414] [DTE-G: 0.11375]
[Epoch 158/1000] [D Loss: 0.67909] [G Loss: 0.80606]
      [Parity: 0.12697] [DTE-D: 0.01391] [DTE-G: 0.11306]
[Epoch 160/1000] D_Loss: 0.6796 G_Loss: 0.8054
[Epoch 159/1000] [D Loss: 0.67962] [G Loss: 0.80541]
      [Parity: 0.12579] [DTE-D: 0.01338] [DTE-G: 0.11241]
[Epoch 160/1000] [D Loss: 0.67949] [G Loss: 0.80455]
      [Parity: 0.12506] [DTE-D: 0.01351] [DTE-G: 0.11155]
[Epoch 161/1000] [D Loss: 0.67924] [G Loss: 0.80561]
      [Parity: 0.12636] [DTE-D: 0.01376] [DTE-G: 0.11261]
[Epoch 162/1000] [D Loss: 0.67940] [G Loss: 0.80502]
      [Parity: 0.12562] [DTE-D: 0.01360] [DTE-G: 0.11202]
[Epoch 163/1000] [D Loss: 0.68004] [G Loss: 0.80381]
      [Parity: 0.12377] [DTE-D: 0.01296] [DTE-G: 0.11081]
[Epoch 164/1000] [D Loss: 0.67920] [G Loss: 0.80513]
      [Parity: 0.12593] [DTE-D: 0.01380] [DTE-G: 0.11213]
[Epoch 165/1000] [D Loss: 0.67911] [G Loss: 0.80499]
      [Parity: 0.12588] [DTE-D: 0.01389] [DTE-G: 0.11199]
[Epoch 166/1000] [D Loss: 0.67927] [G Loss: 0.80451]
      [Parity: 0.12524] [DTE-D: 0.01373] [DTE-G: 0.11151]
[Epoch 167/1000] [D Loss: 0.68004] [G Loss: 0.80386]
      [Parity: 0.12382] [DTE-D: 0.01296] [DTE-G: 0.11086]
[Epoch 168/1000] [D Loss: 0.68031] [G Loss: 0.80257]
      [Parity: 0.12226] [DTE-D: 0.01269] [DTE-G: 0.10957]
[Epoch 170/1000] D_Loss: 0.6806 G_Loss: 0.8018
[Epoch 169/1000] [D Loss: 0.68058] [G Loss: 0.80183]
      [Parity: 0.12125] [DTE-D: 0.01242] [DTE-G: 0.10883]
[Epoch 170/1000] [D Loss: 0.68057] [G Loss: 0.80144]
      [Parity: 0.12088] [DTE-D: 0.01243] [DTE-G: 0.10844]
[Epoch 171/1000] [D Loss: 0.68115] [G Loss: 0.80073]
      [Parity: 0.11958] [DTE-D: 0.01185] [DTE-G: 0.10773]
[Epoch 172/1000] [D Loss: 0.68071] [G Loss: 0.80119]
      [Parity: 0.12047] [DTE-D: 0.01229] [DTE-G: 0.10819]
[Epoch 173/1000] [D Loss: 0.68091] [G Loss: 0.80067]
      [Parity: 0.11976] [DTE-D: 0.01209] [DTE-G: 0.10767]
[Epoch 174/1000] [D Loss: 0.68092] [G Loss: 0.80111]
      [Parity: 0.12019] [DTE-D: 0.01208] [DTE-G: 0.10811]
[Epoch 175/1000] [D Loss: 0.67997] [G Loss: 0.80261]
      [Parity: 0.12265] [DTE-D: 0.01303] [DTE-G: 0.10961]
[Epoch 176/1000] [D Loss: 0.68051] [G Loss: 0.80207]
      [Parity: 0.12156] [DTE-D: 0.01249] [DTE-G: 0.10907]
[Epoch 177/1000] [D Loss: 0.68078] [G Loss: 0.80078]
      [Parity: 0.11999] [DTE-D: 0.01222] [DTE-G: 0.10778]
[Epoch 178/1000] [D Loss: 0.68075] [G Loss: 0.80117]
      [Parity: 0.12041] [DTE-D: 0.01225] [DTE-G: 0.10817]
[Epoch 180/1000] D_Loss: 0.6812 G_Loss: 0.8005
[Epoch 179/1000] [D Loss: 0.68124] [G Loss: 0.80049]
      [Parity: 0.11925] [DTE-D: 0.01176] [DTE-G: 0.10749]
[Epoch 180/1000] [D Loss: 0.68104] [G Loss: 0.80055]
      [Parity: 0.11951] [DTE-D: 0.01196] [DTE-G: 0.10755]
[Epoch 181/1000] [D Loss: 0.68097] [G Loss: 0.80011]
      [Parity: 0.11914] [DTE-D: 0.01203] [DTE-G: 0.10711]
[Epoch 182/1000] [D Loss: 0.68100] [G Loss: 0.80037]
      [Parity: 0.11936] [DTE-D: 0.01200] [DTE-G: 0.10737]
[Epoch 183/1000] [D Loss: 0.68102] [G Loss: 0.79996]
      [Parity: 0.11894] [DTE-D: 0.01198] [DTE-G: 0.10696]
[Epoch 184/1000] [D Loss: 0.68134] [G Loss: 0.80010]
      [Parity: 0.11876] [DTE-D: 0.01166] [DTE-G: 0.10710]
[Epoch 185/1000] [D Loss: 0.68127] [G Loss: 0.79889]
      [Parity: 0.11762] [DTE-D: 0.01173] [DTE-G: 0.10589]
[Epoch 186/1000] [D Loss: 0.68156] [G Loss: 0.79941]
      [Parity: 0.11785] [DTE-D: 0.01144] [DTE-G: 0.10641]
[Epoch 187/1000] [D Loss: 0.68116] [G Loss: 0.79960]
      [Parity: 0.11843] [DTE-D: 0.01184] [DTE-G: 0.10660]
[Epoch 188/1000] [D Loss: 0.68088] [G Loss: 0.80084]
      [Parity: 0.11995] [DTE-D: 0.01212] [DTE-G: 0.10784]
[Epoch 190/1000] D_Loss: 0.6815 G_Loss: 0.7994
[Epoch 189/1000] [D Loss: 0.68151] [G Loss: 0.79945]
      [Parity: 0.11794] [DTE-D: 0.01149] [DTE-G: 0.10645]
[Epoch 190/1000] [D Loss: 0.68137] [G Loss: 0.79953]
      [Parity: 0.11816] [DTE-D: 0.01163] [DTE-G: 0.10653]
[Epoch 191/1000] [D Loss: 0.68096] [G Loss: 0.80019]
      [Parity: 0.11923] [DTE-D: 0.01204] [DTE-G: 0.10719]
[Epoch 192/1000] [D Loss: 0.68129] [G Loss: 0.79892]
      [Parity: 0.11762] [DTE-D: 0.01171] [DTE-G: 0.10592]
[Epoch 193/1000] [D Loss: 0.68128] [G Loss: 0.79907]
      [Parity: 0.11779] [DTE-D: 0.01172] [DTE-G: 0.10607]
[Epoch 194/1000] [D Loss: 0.68143] [G Loss: 0.79914]
      [Parity: 0.11772] [DTE-D: 0.01157] [DTE-G: 0.10614]
[Epoch 195/1000] [D Loss: 0.68145] [G Loss: 0.79874]
      [Parity: 0.11729] [DTE-D: 0.01155] [DTE-G: 0.10574]
[Epoch 196/1000] [D Loss: 0.68129] [G Loss: 0.79973]
      [Parity: 0.11844] [DTE-D: 0.01171] [DTE-G: 0.10673]
[Epoch 197/1000] [D Loss: 0.68138] [G Loss: 0.79896]
      [Parity: 0.11758] [DTE-D: 0.01162] [DTE-G: 0.10596]
[Epoch 198/1000] [D Loss: 0.68158] [G Loss: 0.79902]
      [Parity: 0.11744] [DTE-D: 0.01142] [DTE-G: 0.10602]
[Epoch 200/1000] D_Loss: 0.6813 G_Loss: 0.7987
[Epoch 199/1000] [D Loss: 0.68128] [G Loss: 0.79874]
      [Parity: 0.11746] [DTE-D: 0.01172] [DTE-G: 0.10574]
[Epoch 200/1000] [D Loss: 0.68115] [G Loss: 0.79938]
      [Parity: 0.11823] [DTE-D: 0.01185] [DTE-G: 0.10638]
[Epoch 201/1000] [D Loss: 0.68153] [G Loss: 0.79865]
      [Parity: 0.11712] [DTE-D: 0.01147] [DTE-G: 0.10565]
[Epoch 202/1000] [D Loss: 0.68153] [G Loss: 0.79890]
      [Parity: 0.11738] [DTE-D: 0.01147] [DTE-G: 0.10590]
[Epoch 203/1000] [D Loss: 0.68187] [G Loss: 0.79788]
      [Parity: 0.11601] [DTE-D: 0.01113] [DTE-G: 0.10488]
[Epoch 204/1000] [D Loss: 0.68170] [G Loss: 0.79824]
      [Parity: 0.11654] [DTE-D: 0.01130] [DTE-G: 0.10524]
[Epoch 205/1000] [D Loss: 0.68162] [G Loss: 0.79812]
      [Parity: 0.11650] [DTE-D: 0.01138] [DTE-G: 0.10512]
[Epoch 206/1000] [D Loss: 0.68174] [G Loss: 0.79814]
      [Parity: 0.11640] [DTE-D: 0.01126] [DTE-G: 0.10514]
[Epoch 207/1000] [D Loss: 0.68167] [G Loss: 0.79828]
      [Parity: 0.11661] [DTE-D: 0.01133] [DTE-G: 0.10528]
[Epoch 208/1000] [D Loss: 0.68151] [G Loss: 0.79818]
      [Parity: 0.11667] [DTE-D: 0.01149] [DTE-G: 0.10518]
[Epoch 210/1000] D_Loss: 0.6816 G_Loss: 0.7984
[Epoch 209/1000] [D Loss: 0.68159] [G Loss: 0.79836]
      [Parity: 0.11677] [DTE-D: 0.01141] [DTE-G: 0.10536]
[Epoch 210/1000] [D Loss: 0.68209] [G Loss: 0.79765]
      [Parity: 0.11557] [DTE-D: 0.01091] [DTE-G: 0.10465]
[Epoch 211/1000] [D Loss: 0.68196] [G Loss: 0.79737]
      [Parity: 0.11541] [DTE-D: 0.01104] [DTE-G: 0.10437]
[Epoch 212/1000] [D Loss: 0.68177] [G Loss: 0.79813]
      [Parity: 0.11636] [DTE-D: 0.01123] [DTE-G: 0.10513]
[Epoch 213/1000] [D Loss: 0.68207] [G Loss: 0.79709]
      [Parity: 0.11501] [DTE-D: 0.01093] [DTE-G: 0.10409]
[Epoch 214/1000] [D Loss: 0.68166] [G Loss: 0.79780]
      [Parity: 0.11614] [DTE-D: 0.01134] [DTE-G: 0.10480]
[Epoch 215/1000] [D Loss: 0.68206] [G Loss: 0.79684]
      [Parity: 0.11478] [DTE-D: 0.01094] [DTE-G: 0.10384]
[Epoch 216/1000] [D Loss: 0.68201] [G Loss: 0.79703]
      [Parity: 0.11502] [DTE-D: 0.01099] [DTE-G: 0.10403]
[Epoch 217/1000] [D Loss: 0.68223] [G Loss: 0.79637]
      [Parity: 0.11414] [DTE-D: 0.01077] [DTE-G: 0.10337]
[Epoch 218/1000] [D Loss: 0.68202] [G Loss: 0.79692]
      [Parity: 0.11489] [DTE-D: 0.01098] [DTE-G: 0.10392]
[Epoch 220/1000] D_Loss: 0.6820 G_Loss: 0.7970
[Epoch 219/1000] [D Loss: 0.68202] [G Loss: 0.79703]
      [Parity: 0.11502] [DTE-D: 0.01098] [DTE-G: 0.10403]
[Epoch 220/1000] [D Loss: 0.68198] [G Loss: 0.79691]
      [Parity: 0.11493] [DTE-D: 0.01102] [DTE-G: 0.10391]
[Epoch 221/1000] [D Loss: 0.68209] [G Loss: 0.79703]
      [Parity: 0.11494] [DTE-D: 0.01091] [DTE-G: 0.10403]
[Epoch 222/1000] [D Loss: 0.68189] [G Loss: 0.79744]
      [Parity: 0.11555] [DTE-D: 0.01111] [DTE-G: 0.10444]
[Epoch 223/1000] [D Loss: 0.68179] [G Loss: 0.79828]
      [Parity: 0.11649] [DTE-D: 0.01121] [DTE-G: 0.10528]
[Epoch 224/1000] [D Loss: 0.68185] [G Loss: 0.79745]
      [Parity: 0.11560] [DTE-D: 0.01115] [DTE-G: 0.10445]
[Epoch 225/1000] [D Loss: 0.68235] [G Loss: 0.79620]
      [Parity: 0.11386] [DTE-D: 0.01065] [DTE-G: 0.10320]
[Epoch 226/1000] [D Loss: 0.68209] [G Loss: 0.79666]
      [Parity: 0.11458] [DTE-D: 0.01091] [DTE-G: 0.10366]
[Epoch 227/1000] [D Loss: 0.68195] [G Loss: 0.79664]
      [Parity: 0.11469] [DTE-D: 0.01105] [DTE-G: 0.10364]
[Epoch 228/1000] [D Loss: 0.68234] [G Loss: 0.79657]
      [Parity: 0.11423] [DTE-D: 0.01066] [DTE-G: 0.10357]
[Epoch 230/1000] D_Loss: 0.6823 G_Loss: 0.7956
[Epoch 229/1000] [D Loss: 0.68235] [G Loss: 0.79555]
      [Parity: 0.11320] [DTE-D: 0.01065] [DTE-G: 0.10255]
[Epoch 230/1000] [D Loss: 0.68236] [G Loss: 0.79591]
      [Parity: 0.11355] [DTE-D: 0.01064] [DTE-G: 0.10291]
[Epoch 231/1000] [D Loss: 0.68209] [G Loss: 0.79661]
      [Parity: 0.11452] [DTE-D: 0.01091] [DTE-G: 0.10361]
[Epoch 232/1000] [D Loss: 0.68237] [G Loss: 0.79560]
      [Parity: 0.11324] [DTE-D: 0.01063] [DTE-G: 0.10260]
[Epoch 233/1000] [D Loss: 0.68229] [G Loss: 0.79614]
      [Parity: 0.11385] [DTE-D: 0.01071] [DTE-G: 0.10314]
[Epoch 234/1000] [D Loss: 0.68247] [G Loss: 0.79598]
      [Parity: 0.11351] [DTE-D: 0.01053] [DTE-G: 0.10298]
[Epoch 235/1000] [D Loss: 0.68239] [G Loss: 0.79604]
      [Parity: 0.11366] [DTE-D: 0.01061] [DTE-G: 0.10304]
[Epoch 236/1000] [D Loss: 0.68260] [G Loss: 0.79564]
      [Parity: 0.11303] [DTE-D: 0.01040] [DTE-G: 0.10264]
[Epoch 237/1000] [D Loss: 0.68270] [G Loss: 0.79491]
      [Parity: 0.11221] [DTE-D: 0.01030] [DTE-G: 0.10191]
[Epoch 238/1000] [D Loss: 0.68239] [G Loss: 0.79595]
      [Parity: 0.11356] [DTE-D: 0.01061] [DTE-G: 0.10295]
[Epoch 240/1000] D_Loss: 0.6826 G_Loss: 0.7957
[Epoch 239/1000] [D Loss: 0.68256] [G Loss: 0.79569]
      [Parity: 0.11314] [DTE-D: 0.01044] [DTE-G: 0.10269]
[Epoch 240/1000] [D Loss: 0.68259] [G Loss: 0.79548]
      [Parity: 0.11289] [DTE-D: 0.01041] [DTE-G: 0.10248]
[Epoch 241/1000] [D Loss: 0.68250] [G Loss: 0.79536]
      [Parity: 0.11287] [DTE-D: 0.01050] [DTE-G: 0.10236]
[Epoch 242/1000] [D Loss: 0.68259] [G Loss: 0.79514]
      [Parity: 0.11255] [DTE-D: 0.01041] [DTE-G: 0.10214]
[Epoch 243/1000] [D Loss: 0.68263] [G Loss: 0.79439]
      [Parity: 0.11175] [DTE-D: 0.01037] [DTE-G: 0.10139]
[Epoch 244/1000] [D Loss: 0.68258] [G Loss: 0.79511]
      [Parity: 0.11253] [DTE-D: 0.01042] [DTE-G: 0.10211]
[Epoch 245/1000] [D Loss: 0.68275] [G Loss: 0.79466]
      [Parity: 0.11190] [DTE-D: 0.01025] [DTE-G: 0.10166]
[Epoch 246/1000] [D Loss: 0.68261] [G Loss: 0.79539]
      [Parity: 0.11278] [DTE-D: 0.01039] [DTE-G: 0.10239]
[Epoch 247/1000] [D Loss: 0.68278] [G Loss: 0.79473]
      [Parity: 0.11194] [DTE-D: 0.01022] [DTE-G: 0.10173]
[Epoch 248/1000] [D Loss: 0.68295] [G Loss: 0.79465]
      [Parity: 0.11170] [DTE-D: 0.01005] [DTE-G: 0.10165]
[Epoch 250/1000] D_Loss: 0.6829 G_Loss: 0.7940
[Epoch 249/1000] [D Loss: 0.68289] [G Loss: 0.79396]
      [Parity: 0.11107] [DTE-D: 0.01011] [DTE-G: 0.10096]
[Epoch 250/1000] [D Loss: 0.68280] [G Loss: 0.79435]
      [Parity: 0.11156] [DTE-D: 0.01020] [DTE-G: 0.10135]
[Epoch 251/1000] [D Loss: 0.68279] [G Loss: 0.79480]
      [Parity: 0.11201] [DTE-D: 0.01021] [DTE-G: 0.10180]
[Epoch 252/1000] [D Loss: 0.68278] [G Loss: 0.79441]
      [Parity: 0.11164] [DTE-D: 0.01022] [DTE-G: 0.10141]
[Epoch 253/1000] [D Loss: 0.68293] [G Loss: 0.79482]
      [Parity: 0.11189] [DTE-D: 0.01007] [DTE-G: 0.10182]
[Epoch 254/1000] [D Loss: 0.68313] [G Loss: 0.79354]
      [Parity: 0.11042] [DTE-D: 0.00987] [DTE-G: 0.10054]
[Epoch 255/1000] [D Loss: 0.68277] [G Loss: 0.79402]
      [Parity: 0.11125] [DTE-D: 0.01023] [DTE-G: 0.10102]
[Epoch 256/1000] [D Loss: 0.68279] [G Loss: 0.79476]
      [Parity: 0.11197] [DTE-D: 0.01021] [DTE-G: 0.10176]
[Epoch 257/1000] [D Loss: 0.68298] [G Loss: 0.79405]
      [Parity: 0.11107] [DTE-D: 0.01002] [DTE-G: 0.10105]
[Epoch 258/1000] [D Loss: 0.68276] [G Loss: 0.79426]
      [Parity: 0.11150] [DTE-D: 0.01024] [DTE-G: 0.10126]
[Epoch 260/1000] D_Loss: 0.6830 G_Loss: 0.7941
[Epoch 259/1000] [D Loss: 0.68297] [G Loss: 0.79412]
      [Parity: 0.11115] [DTE-D: 0.01003] [DTE-G: 0.10112]
[Epoch 260/1000] [D Loss: 0.68318] [G Loss: 0.79359]
      [Parity: 0.11041] [DTE-D: 0.00982] [DTE-G: 0.10059]
[Epoch 261/1000] [D Loss: 0.68311] [G Loss: 0.79370]
      [Parity: 0.11059] [DTE-D: 0.00989] [DTE-G: 0.10070]
[Epoch 262/1000] [D Loss: 0.68293] [G Loss: 0.79450]
      [Parity: 0.11157] [DTE-D: 0.01007] [DTE-G: 0.10150]
[Epoch 263/1000] [D Loss: 0.68302] [G Loss: 0.79343]
      [Parity: 0.11041] [DTE-D: 0.00998] [DTE-G: 0.10043]
[Epoch 264/1000] [D Loss: 0.68288] [G Loss: 0.79415]
      [Parity: 0.11127] [DTE-D: 0.01012] [DTE-G: 0.10115]
[Epoch 265/1000] [D Loss: 0.68316] [G Loss: 0.79345]
      [Parity: 0.11029] [DTE-D: 0.00984] [DTE-G: 0.10045]
[Epoch 266/1000] [D Loss: 0.68317] [G Loss: 0.79361]
      [Parity: 0.11044] [DTE-D: 0.00983] [DTE-G: 0.10061]
[Epoch 267/1000] [D Loss: 0.68305] [G Loss: 0.79340]
      [Parity: 0.11034] [DTE-D: 0.00995] [DTE-G: 0.10040]
[Epoch 268/1000] [D Loss: 0.68317] [G Loss: 0.79324]
      [Parity: 0.11007] [DTE-D: 0.00983] [DTE-G: 0.10024]
[Epoch 270/1000] D_Loss: 0.6835 G_Loss: 0.7928
[Epoch 269/1000] [D Loss: 0.68345] [G Loss: 0.79282]
      [Parity: 0.10936] [DTE-D: 0.00955] [DTE-G: 0.09982]
[Epoch 270/1000] [D Loss: 0.68307] [G Loss: 0.79349]
      [Parity: 0.11042] [DTE-D: 0.00993] [DTE-G: 0.10049]
[Epoch 271/1000] [D Loss: 0.68318] [G Loss: 0.79323]
      [Parity: 0.11005] [DTE-D: 0.00982] [DTE-G: 0.10023]
[Epoch 272/1000] [D Loss: 0.68335] [G Loss: 0.79314]
      [Parity: 0.10979] [DTE-D: 0.00965] [DTE-G: 0.10014]
[Epoch 273/1000] [D Loss: 0.68347] [G Loss: 0.79240]
      [Parity: 0.10893] [DTE-D: 0.00953] [DTE-G: 0.09940]
[Epoch 274/1000] [D Loss: 0.68337] [G Loss: 0.79270]
      [Parity: 0.10932] [DTE-D: 0.00963] [DTE-G: 0.09970]
[Epoch 275/1000] [D Loss: 0.68331] [G Loss: 0.79330]
      [Parity: 0.10999] [DTE-D: 0.00969] [DTE-G: 0.10030]
[Epoch 276/1000] [D Loss: 0.68314] [G Loss: 0.79298]
      [Parity: 0.10984] [DTE-D: 0.00986] [DTE-G: 0.09998]
[Epoch 277/1000] [D Loss: 0.68340] [G Loss: 0.79250]
      [Parity: 0.10910] [DTE-D: 0.00960] [DTE-G: 0.09950]
[Epoch 278/1000] [D Loss: 0.68325] [G Loss: 0.79344]
      [Parity: 0.11019] [DTE-D: 0.00975] [DTE-G: 0.10044]
[Epoch 280/1000] D_Loss: 0.6835 G_Loss: 0.7933
[Epoch 279/1000] [D Loss: 0.68347] [G Loss: 0.79326]
      [Parity: 0.10979] [DTE-D: 0.00953] [DTE-G: 0.10026]
[Epoch 280/1000] [D Loss: 0.68310] [G Loss: 0.79318]
      [Parity: 0.11008] [DTE-D: 0.00990] [DTE-G: 0.10018]
[Epoch 281/1000] [D Loss: 0.68334] [G Loss: 0.79316]
      [Parity: 0.10982] [DTE-D: 0.00966] [DTE-G: 0.10016]
[Epoch 282/1000] [D Loss: 0.68342] [G Loss: 0.79276]
      [Parity: 0.10933] [DTE-D: 0.00958] [DTE-G: 0.09976]
[Epoch 283/1000] [D Loss: 0.68348] [G Loss: 0.79278]
      [Parity: 0.10930] [DTE-D: 0.00952] [DTE-G: 0.09978]
[Epoch 284/1000] [D Loss: 0.68337] [G Loss: 0.79266]
      [Parity: 0.10929] [DTE-D: 0.00963] [DTE-G: 0.09966]
[Epoch 285/1000] [D Loss: 0.68358] [G Loss: 0.79215]
      [Parity: 0.10857] [DTE-D: 0.00942] [DTE-G: 0.09915]
[Epoch 286/1000] [D Loss: 0.68349] [G Loss: 0.79247]
      [Parity: 0.10898] [DTE-D: 0.00951] [DTE-G: 0.09947]
[Epoch 287/1000] [D Loss: 0.68353] [G Loss: 0.79242]
      [Parity: 0.10889] [DTE-D: 0.00947] [DTE-G: 0.09942]
[Epoch 288/1000] [D Loss: 0.68369] [G Loss: 0.79196]
      [Parity: 0.10826] [DTE-D: 0.00931] [DTE-G: 0.09896]
[Epoch 290/1000] D_Loss: 0.6839 G_Loss: 0.7918
[Epoch 289/1000] [D Loss: 0.68386] [G Loss: 0.79177]
      [Parity: 0.10791] [DTE-D: 0.00914] [DTE-G: 0.09877]
[Epoch 290/1000] [D Loss: 0.68366] [G Loss: 0.79181]
      [Parity: 0.10816] [DTE-D: 0.00934] [DTE-G: 0.09881]
[Epoch 291/1000] [D Loss: 0.68366] [G Loss: 0.79201]
      [Parity: 0.10835] [DTE-D: 0.00934] [DTE-G: 0.09901]
[Epoch 292/1000] [D Loss: 0.68390] [G Loss: 0.79124]
      [Parity: 0.10735] [DTE-D: 0.00910] [DTE-G: 0.09824]
[Epoch 293/1000] [D Loss: 0.68387] [G Loss: 0.79155]
      [Parity: 0.10767] [DTE-D: 0.00913] [DTE-G: 0.09855]
[Epoch 294/1000] [D Loss: 0.68396] [G Loss: 0.79105]
      [Parity: 0.10709] [DTE-D: 0.00904] [DTE-G: 0.09805]
[Epoch 295/1000] [D Loss: 0.68389] [G Loss: 0.79129]
      [Parity: 0.10739] [DTE-D: 0.00911] [DTE-G: 0.09829]
[Epoch 296/1000] [D Loss: 0.68398] [G Loss: 0.79125]
      [Parity: 0.10727] [DTE-D: 0.00902] [DTE-G: 0.09825]
[Epoch 297/1000] [D Loss: 0.68401] [G Loss: 0.79099]
      [Parity: 0.10699] [DTE-D: 0.00899] [DTE-G: 0.09799]
[Epoch 298/1000] [D Loss: 0.68401] [G Loss: 0.79076]
      [Parity: 0.10674] [DTE-D: 0.00899] [DTE-G: 0.09776]
[Epoch 300/1000] D_Loss: 0.6840 G_Loss: 0.7909
[Epoch 299/1000] [D Loss: 0.68401] [G Loss: 0.79088]
      [Parity: 0.10687] [DTE-D: 0.00899] [DTE-G: 0.09788]
[Epoch 300/1000] [D Loss: 0.68403] [G Loss: 0.79051]
      [Parity: 0.10648] [DTE-D: 0.00897] [DTE-G: 0.09751]
[Epoch 301/1000] [D Loss: 0.68397] [G Loss: 0.79119]
      [Parity: 0.10721] [DTE-D: 0.00903] [DTE-G: 0.09819]
[Epoch 302/1000] [D Loss: 0.68419] [G Loss: 0.79101]
      [Parity: 0.10681] [DTE-D: 0.00881] [DTE-G: 0.09801]
[Epoch 303/1000] [D Loss: 0.68394] [G Loss: 0.79050]
      [Parity: 0.10656] [DTE-D: 0.00906] [DTE-G: 0.09750]
[Epoch 304/1000] [D Loss: 0.68419] [G Loss: 0.79046]
      [Parity: 0.10627] [DTE-D: 0.00881] [DTE-G: 0.09746]
[Epoch 305/1000] [D Loss: 0.68410] [G Loss: 0.79063]
      [Parity: 0.10653] [DTE-D: 0.00890] [DTE-G: 0.09763]
[Epoch 306/1000] [D Loss: 0.68401] [G Loss: 0.79060]
      [Parity: 0.10659] [DTE-D: 0.00899] [DTE-G: 0.09760]
[Epoch 307/1000] [D Loss: 0.68436] [G Loss: 0.79029]
      [Parity: 0.10593] [DTE-D: 0.00864] [DTE-G: 0.09729]
[Epoch 308/1000] [D Loss: 0.68431] [G Loss: 0.78975]
      [Parity: 0.10544] [DTE-D: 0.00869] [DTE-G: 0.09675]
[Epoch 310/1000] D_Loss: 0.6843 G_Loss: 0.7899
[Epoch 309/1000] [D Loss: 0.68429] [G Loss: 0.78990]
      [Parity: 0.10561] [DTE-D: 0.00871] [DTE-G: 0.09690]
[Epoch 310/1000] [D Loss: 0.68428] [G Loss: 0.78987]
      [Parity: 0.10559] [DTE-D: 0.00872] [DTE-G: 0.09687]
[Epoch 311/1000] [D Loss: 0.68429] [G Loss: 0.78977]
      [Parity: 0.10549] [DTE-D: 0.00871] [DTE-G: 0.09677]
[Epoch 312/1000] [D Loss: 0.68428] [G Loss: 0.79021]
      [Parity: 0.10592] [DTE-D: 0.00872] [DTE-G: 0.09721]
[Epoch 313/1000] [D Loss: 0.68443] [G Loss: 0.78965]
      [Parity: 0.10523] [DTE-D: 0.00857] [DTE-G: 0.09665]
[Epoch 314/1000] [D Loss: 0.68420] [G Loss: 0.79007]
      [Parity: 0.10586] [DTE-D: 0.00880] [DTE-G: 0.09707]
[Epoch 315/1000] [D Loss: 0.68453] [G Loss: 0.78977]
      [Parity: 0.10524] [DTE-D: 0.00847] [DTE-G: 0.09677]
[Epoch 316/1000] [D Loss: 0.68444] [G Loss: 0.78989]
      [Parity: 0.10545] [DTE-D: 0.00856] [DTE-G: 0.09689]
[Epoch 317/1000] [D Loss: 0.68441] [G Loss: 0.78984]
      [Parity: 0.10543] [DTE-D: 0.00859] [DTE-G: 0.09684]
[Epoch 318/1000] [D Loss: 0.68448] [G Loss: 0.78958]
      [Parity: 0.10510] [DTE-D: 0.00852] [DTE-G: 0.09658]
[Epoch 320/1000] D_Loss: 0.6844 G_Loss: 0.7894
[Epoch 319/1000] [D Loss: 0.68437] [G Loss: 0.78940]
      [Parity: 0.10503] [DTE-D: 0.00863] [DTE-G: 0.09640]
[Epoch 320/1000] [D Loss: 0.68430] [G Loss: 0.78972]
      [Parity: 0.10542] [DTE-D: 0.00870] [DTE-G: 0.09672]
[Epoch 321/1000] [D Loss: 0.68447] [G Loss: 0.78965]
      [Parity: 0.10517] [DTE-D: 0.00853] [DTE-G: 0.09665]
[Epoch 322/1000] [D Loss: 0.68468] [G Loss: 0.78923]
      [Parity: 0.10455] [DTE-D: 0.00832] [DTE-G: 0.09623]
[Epoch 323/1000] [D Loss: 0.68443] [G Loss: 0.78942]
      [Parity: 0.10499] [DTE-D: 0.00857] [DTE-G: 0.09642]
[Epoch 324/1000] [D Loss: 0.68442] [G Loss: 0.78944]
      [Parity: 0.10503] [DTE-D: 0.00858] [DTE-G: 0.09644]
[Epoch 325/1000] [D Loss: 0.68441] [G Loss: 0.78993]
      [Parity: 0.10552] [DTE-D: 0.00859] [DTE-G: 0.09693]
[Epoch 326/1000] [D Loss: 0.68447] [G Loss: 0.78924]
      [Parity: 0.10477] [DTE-D: 0.00853] [DTE-G: 0.09624]
[Epoch 327/1000] [D Loss: 0.68466] [G Loss: 0.78938]
      [Parity: 0.10473] [DTE-D: 0.00834] [DTE-G: 0.09638]
[Epoch 328/1000] [D Loss: 0.68459] [G Loss: 0.78914]
      [Parity: 0.10455] [DTE-D: 0.00841] [DTE-G: 0.09614]
[Epoch 330/1000] D_Loss: 0.6845 G_Loss: 0.7893
[Epoch 329/1000] [D Loss: 0.68450] [G Loss: 0.78926]
      [Parity: 0.10476] [DTE-D: 0.00850] [DTE-G: 0.09626]
[Epoch 330/1000] [D Loss: 0.68454] [G Loss: 0.78946]
      [Parity: 0.10492] [DTE-D: 0.00846] [DTE-G: 0.09646]
[Epoch 331/1000] [D Loss: 0.68467] [G Loss: 0.78944]
      [Parity: 0.10477] [DTE-D: 0.00833] [DTE-G: 0.09644]
[Epoch 332/1000] [D Loss: 0.68477] [G Loss: 0.78843]
      [Parity: 0.10365] [DTE-D: 0.00823] [DTE-G: 0.09543]
[Epoch 333/1000] [D Loss: 0.68479] [G Loss: 0.78908]
      [Parity: 0.10430] [DTE-D: 0.00821] [DTE-G: 0.09608]
[Epoch 334/1000] [D Loss: 0.68483] [G Loss: 0.78854]
      [Parity: 0.10372] [DTE-D: 0.00817] [DTE-G: 0.09554]
[Epoch 335/1000] [D Loss: 0.68473] [G Loss: 0.78876]
      [Parity: 0.10402] [DTE-D: 0.00827] [DTE-G: 0.09576]
[Epoch 336/1000] [D Loss: 0.68476] [G Loss: 0.78852]
      [Parity: 0.10376] [DTE-D: 0.00824] [DTE-G: 0.09552]
[Epoch 337/1000] [D Loss: 0.68470] [G Loss: 0.78837]
      [Parity: 0.10367] [DTE-D: 0.00830] [DTE-G: 0.09537]
[Epoch 338/1000] [D Loss: 0.68482] [G Loss: 0.78864]
      [Parity: 0.10382] [DTE-D: 0.00818] [DTE-G: 0.09564]
[Epoch 340/1000] D_Loss: 0.6848 G_Loss: 0.7886
[Epoch 339/1000] [D Loss: 0.68480] [G Loss: 0.78856]
      [Parity: 0.10376] [DTE-D: 0.00820] [DTE-G: 0.09556]
[Epoch 340/1000] [D Loss: 0.68492] [G Loss: 0.78828]
      [Parity: 0.10337] [DTE-D: 0.00808] [DTE-G: 0.09528]
[Epoch 341/1000] [D Loss: 0.68494] [G Loss: 0.78803]
      [Parity: 0.10309] [DTE-D: 0.00806] [DTE-G: 0.09503]
[Epoch 342/1000] [D Loss: 0.68482] [G Loss: 0.78808]
      [Parity: 0.10326] [DTE-D: 0.00818] [DTE-G: 0.09508]
[Epoch 343/1000] [D Loss: 0.68496] [G Loss: 0.78810]
      [Parity: 0.10314] [DTE-D: 0.00804] [DTE-G: 0.09510]
[Epoch 344/1000] [D Loss: 0.68501] [G Loss: 0.78799]
      [Parity: 0.10298] [DTE-D: 0.00799] [DTE-G: 0.09499]
[Epoch 345/1000] [D Loss: 0.68503] [G Loss: 0.78810]
      [Parity: 0.10308] [DTE-D: 0.00797] [DTE-G: 0.09510]
[Epoch 346/1000] [D Loss: 0.68511] [G Loss: 0.78755]
      [Parity: 0.10244] [DTE-D: 0.00789] [DTE-G: 0.09455]
[Epoch 347/1000] [D Loss: 0.68489] [G Loss: 0.78808]
      [Parity: 0.10319] [DTE-D: 0.00811] [DTE-G: 0.09508]
[Epoch 348/1000] [D Loss: 0.68493] [G Loss: 0.78793]
      [Parity: 0.10301] [DTE-D: 0.00807] [DTE-G: 0.09493]
[Epoch 350/1000] D_Loss: 0.6852 G_Loss: 0.7878
[Epoch 349/1000] [D Loss: 0.68515] [G Loss: 0.78776]
      [Parity: 0.10260] [DTE-D: 0.00785] [DTE-G: 0.09476]
[Epoch 350/1000] [D Loss: 0.68494] [G Loss: 0.78780]
      [Parity: 0.10286] [DTE-D: 0.00806] [DTE-G: 0.09480]
[Epoch 351/1000] [D Loss: 0.68494] [G Loss: 0.78761]
      [Parity: 0.10267] [DTE-D: 0.00806] [DTE-G: 0.09461]
[Epoch 352/1000] [D Loss: 0.68490] [G Loss: 0.78784]
      [Parity: 0.10294] [DTE-D: 0.00810] [DTE-G: 0.09484]
[Epoch 353/1000] [D Loss: 0.68503] [G Loss: 0.78782]
      [Parity: 0.10279] [DTE-D: 0.00797] [DTE-G: 0.09482]
[Epoch 354/1000] [D Loss: 0.68500] [G Loss: 0.78776]
      [Parity: 0.10276] [DTE-D: 0.00800] [DTE-G: 0.09476]
[Epoch 355/1000] [D Loss: 0.68511] [G Loss: 0.78792]
      [Parity: 0.10280] [DTE-D: 0.00789] [DTE-G: 0.09492]
[Epoch 356/1000] [D Loss: 0.68521] [G Loss: 0.78744]
      [Parity: 0.10222] [DTE-D: 0.00779] [DTE-G: 0.09444]
[Epoch 357/1000] [D Loss: 0.68524] [G Loss: 0.78771]
      [Parity: 0.10247] [DTE-D: 0.00776] [DTE-G: 0.09471]
[Epoch 358/1000] [D Loss: 0.68522] [G Loss: 0.78742]
      [Parity: 0.10221] [DTE-D: 0.00778] [DTE-G: 0.09442]
[Epoch 360/1000] D_Loss: 0.6853 G_Loss: 0.7874
[Epoch 359/1000] [D Loss: 0.68527] [G Loss: 0.78743]
      [Parity: 0.10216] [DTE-D: 0.00773] [DTE-G: 0.09443]
[Epoch 360/1000] [D Loss: 0.68525] [G Loss: 0.78730]
      [Parity: 0.10205] [DTE-D: 0.00775] [DTE-G: 0.09430]
[Epoch 361/1000] [D Loss: 0.68519] [G Loss: 0.78770]
      [Parity: 0.10251] [DTE-D: 0.00781] [DTE-G: 0.09470]
[Epoch 362/1000] [D Loss: 0.68522] [G Loss: 0.78706]
      [Parity: 0.10184] [DTE-D: 0.00778] [DTE-G: 0.09406]
[Epoch 363/1000] [D Loss: 0.68531] [G Loss: 0.78745]
      [Parity: 0.10215] [DTE-D: 0.00769] [DTE-G: 0.09445]
[Epoch 364/1000] [D Loss: 0.68529] [G Loss: 0.78724]
      [Parity: 0.10195] [DTE-D: 0.00771] [DTE-G: 0.09424]
[Epoch 365/1000] [D Loss: 0.68527] [G Loss: 0.78723]
      [Parity: 0.10197] [DTE-D: 0.00773] [DTE-G: 0.09423]
[Epoch 366/1000] [D Loss: 0.68528] [G Loss: 0.78685]
      [Parity: 0.10158] [DTE-D: 0.00772] [DTE-G: 0.09385]
[Epoch 367/1000] [D Loss: 0.68540] [G Loss: 0.78725]
      [Parity: 0.10185] [DTE-D: 0.00760] [DTE-G: 0.09425]
[Epoch 368/1000] [D Loss: 0.68539] [G Loss: 0.78694]
      [Parity: 0.10155] [DTE-D: 0.00761] [DTE-G: 0.09394]
[Epoch 370/1000] D_Loss: 0.6854 G_Loss: 0.7867
[Epoch 369/1000] [D Loss: 0.68539] [G Loss: 0.78670]
      [Parity: 0.10131] [DTE-D: 0.00761] [DTE-G: 0.09370]
[Epoch 370/1000] [D Loss: 0.68541] [G Loss: 0.78680]
      [Parity: 0.10139] [DTE-D: 0.00759] [DTE-G: 0.09380]
[Epoch 371/1000] [D Loss: 0.68541] [G Loss: 0.78659]
      [Parity: 0.10118] [DTE-D: 0.00759] [DTE-G: 0.09359]
[Epoch 372/1000] [D Loss: 0.68534] [G Loss: 0.78692]
      [Parity: 0.10158] [DTE-D: 0.00766] [DTE-G: 0.09392]
[Epoch 373/1000] [D Loss: 0.68544] [G Loss: 0.78679]
      [Parity: 0.10135] [DTE-D: 0.00756] [DTE-G: 0.09379]
[Epoch 374/1000] [D Loss: 0.68549] [G Loss: 0.78686]
      [Parity: 0.10137] [DTE-D: 0.00751] [DTE-G: 0.09386]
[Epoch 375/1000] [D Loss: 0.68535] [G Loss: 0.78684]
      [Parity: 0.10149] [DTE-D: 0.00765] [DTE-G: 0.09384]
[Epoch 376/1000] [D Loss: 0.68548] [G Loss: 0.78684]
      [Parity: 0.10136] [DTE-D: 0.00752] [DTE-G: 0.09384]
[Epoch 377/1000] [D Loss: 0.68566] [G Loss: 0.78659]
      [Parity: 0.10093] [DTE-D: 0.00734] [DTE-G: 0.09359]
[Epoch 378/1000] [D Loss: 0.68552] [G Loss: 0.78658]
      [Parity: 0.10106] [DTE-D: 0.00748] [DTE-G: 0.09358]
[Epoch 380/1000] D_Loss: 0.6854 G_Loss: 0.7867
[Epoch 379/1000] [D Loss: 0.68539] [G Loss: 0.78669]
      [Parity: 0.10130] [DTE-D: 0.00761] [DTE-G: 0.09369]
[Epoch 380/1000] [D Loss: 0.68553] [G Loss: 0.78656]
      [Parity: 0.10103] [DTE-D: 0.00747] [DTE-G: 0.09356]
[Epoch 381/1000] [D Loss: 0.68558] [G Loss: 0.78621]
      [Parity: 0.10063] [DTE-D: 0.00742] [DTE-G: 0.09321]
[Epoch 382/1000] [D Loss: 0.68564] [G Loss: 0.78624]
      [Parity: 0.10061] [DTE-D: 0.00736] [DTE-G: 0.09324]
[Epoch 383/1000] [D Loss: 0.68570] [G Loss: 0.78623]
      [Parity: 0.10052] [DTE-D: 0.00730] [DTE-G: 0.09323]
[Epoch 384/1000] [D Loss: 0.68570] [G Loss: 0.78611]
      [Parity: 0.10041] [DTE-D: 0.00730] [DTE-G: 0.09311]
[Epoch 385/1000] [D Loss: 0.68577] [G Loss: 0.78559]
      [Parity: 0.09983] [DTE-D: 0.00723] [DTE-G: 0.09259]
[Epoch 386/1000] [D Loss: 0.68586] [G Loss: 0.78569]
      [Parity: 0.09983] [DTE-D: 0.00714] [DTE-G: 0.09269]
[Epoch 387/1000] [D Loss: 0.68585] [G Loss: 0.78594]
      [Parity: 0.10009] [DTE-D: 0.00715] [DTE-G: 0.09294]
[Epoch 388/1000] [D Loss: 0.68575] [G Loss: 0.78569]
      [Parity: 0.09994] [DTE-D: 0.00725] [DTE-G: 0.09269]
[Epoch 390/1000] D_Loss: 0.6859 G_Loss: 0.7856
[Epoch 389/1000] [D Loss: 0.68590] [G Loss: 0.78559]
      [Parity: 0.09969] [DTE-D: 0.00710] [DTE-G: 0.09259]
[Epoch 390/1000] [D Loss: 0.68600] [G Loss: 0.78535]
      [Parity: 0.09936] [DTE-D: 0.00700] [DTE-G: 0.09235]
[Epoch 391/1000] [D Loss: 0.68603] [G Loss: 0.78554]
      [Parity: 0.09951] [DTE-D: 0.00697] [DTE-G: 0.09254]
[Epoch 392/1000] [D Loss: 0.68588] [G Loss: 0.78559]
      [Parity: 0.09971] [DTE-D: 0.00712] [DTE-G: 0.09259]
[Epoch 393/1000] [D Loss: 0.68588] [G Loss: 0.78541]
      [Parity: 0.09954] [DTE-D: 0.00712] [DTE-G: 0.09241]
[Epoch 394/1000] [D Loss: 0.68598] [G Loss: 0.78543]
      [Parity: 0.09945] [DTE-D: 0.00702] [DTE-G: 0.09243]
[Epoch 395/1000] [D Loss: 0.68596] [G Loss: 0.78543]
      [Parity: 0.09947] [DTE-D: 0.00704] [DTE-G: 0.09243]
[Epoch 396/1000] [D Loss: 0.68609] [G Loss: 0.78524]
      [Parity: 0.09916] [DTE-D: 0.00691] [DTE-G: 0.09224]
[Epoch 397/1000] [D Loss: 0.68604] [G Loss: 0.78537]
      [Parity: 0.09933] [DTE-D: 0.00696] [DTE-G: 0.09237]
[Epoch 398/1000] [D Loss: 0.68603] [G Loss: 0.78528]
      [Parity: 0.09925] [DTE-D: 0.00697] [DTE-G: 0.09228]
[Epoch 400/1000] D_Loss: 0.6860 G_Loss: 0.7851
[Epoch 399/1000] [D Loss: 0.68599] [G Loss: 0.78512]
      [Parity: 0.09914] [DTE-D: 0.00701] [DTE-G: 0.09212]
[Epoch 400/1000] [D Loss: 0.68609] [G Loss: 0.78524]
      [Parity: 0.09915] [DTE-D: 0.00691] [DTE-G: 0.09224]
[Epoch 401/1000] [D Loss: 0.68619] [G Loss: 0.78525]
      [Parity: 0.09906] [DTE-D: 0.00681] [DTE-G: 0.09225]
[Epoch 402/1000] [D Loss: 0.68620] [G Loss: 0.78483]
      [Parity: 0.09863] [DTE-D: 0.00680] [DTE-G: 0.09183]
[Epoch 403/1000] [D Loss: 0.68604] [G Loss: 0.78474]
      [Parity: 0.09871] [DTE-D: 0.00696] [DTE-G: 0.09174]
[Epoch 404/1000] [D Loss: 0.68624] [G Loss: 0.78469]
      [Parity: 0.09844] [DTE-D: 0.00676] [DTE-G: 0.09169]
[Epoch 405/1000] [D Loss: 0.68630] [G Loss: 0.78486]
      [Parity: 0.09856] [DTE-D: 0.00670] [DTE-G: 0.09186]
[Epoch 406/1000] [D Loss: 0.68612] [G Loss: 0.78495]
      [Parity: 0.09882] [DTE-D: 0.00688] [DTE-G: 0.09195]
[Epoch 407/1000] [D Loss: 0.68615] [G Loss: 0.78477]
      [Parity: 0.09862] [DTE-D: 0.00685] [DTE-G: 0.09177]
[Epoch 408/1000] [D Loss: 0.68635] [G Loss: 0.78463]
      [Parity: 0.09828] [DTE-D: 0.00665] [DTE-G: 0.09163]
[Epoch 410/1000] D_Loss: 0.6863 G_Loss: 0.7847
[Epoch 409/1000] [D Loss: 0.68628] [G Loss: 0.78472]
      [Parity: 0.09843] [DTE-D: 0.00672] [DTE-G: 0.09172]
[Epoch 410/1000] [D Loss: 0.68635] [G Loss: 0.78455]
      [Parity: 0.09820] [DTE-D: 0.00665] [DTE-G: 0.09155]
[Epoch 411/1000] [D Loss: 0.68624] [G Loss: 0.78454]
      [Parity: 0.09830] [DTE-D: 0.00676] [DTE-G: 0.09154]
[Epoch 412/1000] [D Loss: 0.68635] [G Loss: 0.78422]
      [Parity: 0.09787] [DTE-D: 0.00665] [DTE-G: 0.09122]
[Epoch 413/1000] [D Loss: 0.68624] [G Loss: 0.78458]
      [Parity: 0.09834] [DTE-D: 0.00676] [DTE-G: 0.09158]
[Epoch 414/1000] [D Loss: 0.68631] [G Loss: 0.78440]
      [Parity: 0.09810] [DTE-D: 0.00669] [DTE-G: 0.09140]
[Epoch 415/1000] [D Loss: 0.68642] [G Loss: 0.78450]
      [Parity: 0.09807] [DTE-D: 0.00658] [DTE-G: 0.09150]
[Epoch 416/1000] [D Loss: 0.68635] [G Loss: 0.78426]
      [Parity: 0.09791] [DTE-D: 0.00665] [DTE-G: 0.09126]
[Epoch 417/1000] [D Loss: 0.68653] [G Loss: 0.78408]
      [Parity: 0.09755] [DTE-D: 0.00647] [DTE-G: 0.09108]
[Epoch 418/1000] [D Loss: 0.68635] [G Loss: 0.78440]
      [Parity: 0.09805] [DTE-D: 0.00665] [DTE-G: 0.09140]
[Epoch 420/1000] D_Loss: 0.6865 G_Loss: 0.7842
[Epoch 419/1000] [D Loss: 0.68646] [G Loss: 0.78417]
      [Parity: 0.09771] [DTE-D: 0.00654] [DTE-G: 0.09117]
[Epoch 420/1000] [D Loss: 0.68640] [G Loss: 0.78418]
      [Parity: 0.09778] [DTE-D: 0.00660] [DTE-G: 0.09118]
[Epoch 421/1000] [D Loss: 0.68633] [G Loss: 0.78412]
      [Parity: 0.09779] [DTE-D: 0.00667] [DTE-G: 0.09112]
[Epoch 422/1000] [D Loss: 0.68638] [G Loss: 0.78423]
      [Parity: 0.09784] [DTE-D: 0.00662] [DTE-G: 0.09123]
[Epoch 423/1000] [D Loss: 0.68653] [G Loss: 0.78391]
      [Parity: 0.09738] [DTE-D: 0.00647] [DTE-G: 0.09091]
[Epoch 424/1000] [D Loss: 0.68647] [G Loss: 0.78396]
      [Parity: 0.09750] [DTE-D: 0.00653] [DTE-G: 0.09096]
[Epoch 425/1000] [D Loss: 0.68643] [G Loss: 0.78399]
      [Parity: 0.09756] [DTE-D: 0.00657] [DTE-G: 0.09099]
[Epoch 426/1000] [D Loss: 0.68648] [G Loss: 0.78365]
      [Parity: 0.09717] [DTE-D: 0.00652] [DTE-G: 0.09065]
[Epoch 427/1000] [D Loss: 0.68650] [G Loss: 0.78382]
      [Parity: 0.09732] [DTE-D: 0.00650] [DTE-G: 0.09082]
[Epoch 428/1000] [D Loss: 0.68658] [G Loss: 0.78365]
      [Parity: 0.09707] [DTE-D: 0.00642] [DTE-G: 0.09065]
[Epoch 430/1000] D_Loss: 0.6865 G_Loss: 0.7837
[Epoch 429/1000] [D Loss: 0.68653] [G Loss: 0.78367]
      [Parity: 0.09713] [DTE-D: 0.00647] [DTE-G: 0.09067]
[Epoch 430/1000] [D Loss: 0.68647] [G Loss: 0.78398]
      [Parity: 0.09752] [DTE-D: 0.00653] [DTE-G: 0.09098]
[Epoch 431/1000] [D Loss: 0.68656] [G Loss: 0.78371]
      [Parity: 0.09714] [DTE-D: 0.00644] [DTE-G: 0.09071]
[Epoch 432/1000] [D Loss: 0.68652] [G Loss: 0.78385]
      [Parity: 0.09734] [DTE-D: 0.00648] [DTE-G: 0.09085]
[Epoch 433/1000] [D Loss: 0.68656] [G Loss: 0.78379]
      [Parity: 0.09724] [DTE-D: 0.00644] [DTE-G: 0.09079]
[Epoch 434/1000] [D Loss: 0.68645] [G Loss: 0.78414]
      [Parity: 0.09769] [DTE-D: 0.00655] [DTE-G: 0.09114]
[Epoch 435/1000] [D Loss: 0.68648] [G Loss: 0.78388]
      [Parity: 0.09740] [DTE-D: 0.00652] [DTE-G: 0.09088]
[Epoch 436/1000] [D Loss: 0.68647] [G Loss: 0.78377]
      [Parity: 0.09730] [DTE-D: 0.00653] [DTE-G: 0.09077]
[Epoch 437/1000] [D Loss: 0.68655] [G Loss: 0.78400]
      [Parity: 0.09744] [DTE-D: 0.00645] [DTE-G: 0.09100]
[Epoch 438/1000] [D Loss: 0.68657] [G Loss: 0.78398]
      [Parity: 0.09741] [DTE-D: 0.00643] [DTE-G: 0.09098]
[Epoch 440/1000] D_Loss: 0.6866 G_Loss: 0.7841
[Epoch 439/1000] [D Loss: 0.68659] [G Loss: 0.78405]
      [Parity: 0.09746] [DTE-D: 0.00641] [DTE-G: 0.09105]
[Epoch 440/1000] [D Loss: 0.68653] [G Loss: 0.78370]
      [Parity: 0.09717] [DTE-D: 0.00647] [DTE-G: 0.09070]
[Epoch 441/1000] [D Loss: 0.68661] [G Loss: 0.78366]
      [Parity: 0.09705] [DTE-D: 0.00639] [DTE-G: 0.09066]
[Epoch 442/1000] [D Loss: 0.68660] [G Loss: 0.78372]
      [Parity: 0.09712] [DTE-D: 0.00640] [DTE-G: 0.09072]
[Epoch 443/1000] [D Loss: 0.68675] [G Loss: 0.78338]
      [Parity: 0.09663] [DTE-D: 0.00625] [DTE-G: 0.09038]
[Epoch 444/1000] [D Loss: 0.68674] [G Loss: 0.78373]
      [Parity: 0.09699] [DTE-D: 0.00626] [DTE-G: 0.09073]
[Epoch 445/1000] [D Loss: 0.68645] [G Loss: 0.78371]
      [Parity: 0.09726] [DTE-D: 0.00655] [DTE-G: 0.09071]
[Epoch 446/1000] [D Loss: 0.68666] [G Loss: 0.78351]
      [Parity: 0.09684] [DTE-D: 0.00634] [DTE-G: 0.09051]
[Epoch 447/1000] [D Loss: 0.68670] [G Loss: 0.78343]
      [Parity: 0.09673] [DTE-D: 0.00630] [DTE-G: 0.09043]
[Epoch 448/1000] [D Loss: 0.68669] [G Loss: 0.78331]
      [Parity: 0.09662] [DTE-D: 0.00631] [DTE-G: 0.09031]
[Epoch 450/1000] D_Loss: 0.6867 G_Loss: 0.7830
[Epoch 449/1000] [D Loss: 0.68671] [G Loss: 0.78300]
      [Parity: 0.09629] [DTE-D: 0.00629] [DTE-G: 0.09000]
[Epoch 450/1000] [D Loss: 0.68664] [G Loss: 0.78317]
      [Parity: 0.09653] [DTE-D: 0.00636] [DTE-G: 0.09017]
[Epoch 451/1000] [D Loss: 0.68674] [G Loss: 0.78340]
      [Parity: 0.09666] [DTE-D: 0.00626] [DTE-G: 0.09040]
[Epoch 452/1000] [D Loss: 0.68675] [G Loss: 0.78323]
      [Parity: 0.09648] [DTE-D: 0.00625] [DTE-G: 0.09023]
[Epoch 453/1000] [D Loss: 0.68673] [G Loss: 0.78299]
      [Parity: 0.09625] [DTE-D: 0.00627] [DTE-G: 0.08999]
[Epoch 454/1000] [D Loss: 0.68683] [G Loss: 0.78338]
      [Parity: 0.09655] [DTE-D: 0.00617] [DTE-G: 0.09038]
[Epoch 455/1000] [D Loss: 0.68679] [G Loss: 0.78329]
      [Parity: 0.09650] [DTE-D: 0.00621] [DTE-G: 0.09029]
[Epoch 456/1000] [D Loss: 0.68669] [G Loss: 0.78321]
      [Parity: 0.09652] [DTE-D: 0.00631] [DTE-G: 0.09021]
[Epoch 457/1000] [D Loss: 0.68674] [G Loss: 0.78287]
      [Parity: 0.09613] [DTE-D: 0.00626] [DTE-G: 0.08987]
[Epoch 458/1000] [D Loss: 0.68672] [G Loss: 0.78327]
      [Parity: 0.09655] [DTE-D: 0.00628] [DTE-G: 0.09027]
[Epoch 460/1000] D_Loss: 0.6867 G_Loss: 0.7832
[Epoch 459/1000] [D Loss: 0.68673] [G Loss: 0.78318]
      [Parity: 0.09645] [DTE-D: 0.00627] [DTE-G: 0.09018]
[Epoch 460/1000] [D Loss: 0.68684] [G Loss: 0.78310]
      [Parity: 0.09627] [DTE-D: 0.00616] [DTE-G: 0.09010]
[Epoch 461/1000] [D Loss: 0.68677] [G Loss: 0.78349]
      [Parity: 0.09672] [DTE-D: 0.00623] [DTE-G: 0.09049]
[Epoch 462/1000] [D Loss: 0.68677] [G Loss: 0.78295]
      [Parity: 0.09619] [DTE-D: 0.00623] [DTE-G: 0.08995]
[Epoch 463/1000] [D Loss: 0.68683] [G Loss: 0.78302]
      [Parity: 0.09619] [DTE-D: 0.00617] [DTE-G: 0.09002]
[Epoch 464/1000] [D Loss: 0.68677] [G Loss: 0.78288]
      [Parity: 0.09611] [DTE-D: 0.00623] [DTE-G: 0.08988]
[Epoch 465/1000] [D Loss: 0.68678] [G Loss: 0.78310]
      [Parity: 0.09632] [DTE-D: 0.00622] [DTE-G: 0.09010]
[Epoch 466/1000] [D Loss: 0.68679] [G Loss: 0.78348]
      [Parity: 0.09669] [DTE-D: 0.00621] [DTE-G: 0.09048]
[Epoch 467/1000] [D Loss: 0.68683] [G Loss: 0.78300]
      [Parity: 0.09617] [DTE-D: 0.00617] [DTE-G: 0.09000]
[Epoch 468/1000] [D Loss: 0.68676] [G Loss: 0.78292]
      [Parity: 0.09615] [DTE-D: 0.00624] [DTE-G: 0.08992]
[Epoch 470/1000] D_Loss: 0.6868 G_Loss: 0.7832
[Epoch 469/1000] [D Loss: 0.68676] [G Loss: 0.78319]
      [Parity: 0.09643] [DTE-D: 0.00624] [DTE-G: 0.09019]
[Epoch 470/1000] [D Loss: 0.68673] [G Loss: 0.78323]
      [Parity: 0.09649] [DTE-D: 0.00627] [DTE-G: 0.09023]
[Epoch 471/1000] [D Loss: 0.68684] [G Loss: 0.78307]
      [Parity: 0.09622] [DTE-D: 0.00616] [DTE-G: 0.09007]
[Epoch 472/1000] [D Loss: 0.68684] [G Loss: 0.78291]
      [Parity: 0.09607] [DTE-D: 0.00616] [DTE-G: 0.08991]
[Epoch 473/1000] [D Loss: 0.68679] [G Loss: 0.78279]
      [Parity: 0.09600] [DTE-D: 0.00621] [DTE-G: 0.08979]
[Epoch 474/1000] [D Loss: 0.68689] [G Loss: 0.78295]
      [Parity: 0.09606] [DTE-D: 0.00611] [DTE-G: 0.08995]
[Epoch 475/1000] [D Loss: 0.68671] [G Loss: 0.78282]
      [Parity: 0.09611] [DTE-D: 0.00629] [DTE-G: 0.08982]
[Epoch 476/1000] [D Loss: 0.68689] [G Loss: 0.78288]
      [Parity: 0.09599] [DTE-D: 0.00611] [DTE-G: 0.08988]
[Epoch 477/1000] [D Loss: 0.68685] [G Loss: 0.78272]
      [Parity: 0.09587] [DTE-D: 0.00615] [DTE-G: 0.08972]
[Epoch 478/1000] [D Loss: 0.68691] [G Loss: 0.78304]
      [Parity: 0.09613] [DTE-D: 0.00609] [DTE-G: 0.09004]
[Epoch 480/1000] D_Loss: 0.6869 G_Loss: 0.7827
[Epoch 479/1000] [D Loss: 0.68690] [G Loss: 0.78269]
      [Parity: 0.09578] [DTE-D: 0.00610] [DTE-G: 0.08969]
[Epoch 480/1000] [D Loss: 0.68686] [G Loss: 0.78278]
      [Parity: 0.09592] [DTE-D: 0.00614] [DTE-G: 0.08978]
[Epoch 481/1000] [D Loss: 0.68697] [G Loss: 0.78265]
      [Parity: 0.09568] [DTE-D: 0.00603] [DTE-G: 0.08965]
[Epoch 482/1000] [D Loss: 0.68679] [G Loss: 0.78286]
      [Parity: 0.09607] [DTE-D: 0.00621] [DTE-G: 0.08986]
[Epoch 483/1000] [D Loss: 0.68689] [G Loss: 0.78269]
      [Parity: 0.09580] [DTE-D: 0.00611] [DTE-G: 0.08969]
[Epoch 484/1000] [D Loss: 0.68685] [G Loss: 0.78267]
      [Parity: 0.09583] [DTE-D: 0.00615] [DTE-G: 0.08967]
[Epoch 485/1000] [D Loss: 0.68692] [G Loss: 0.78279]
      [Parity: 0.09588] [DTE-D: 0.00608] [DTE-G: 0.08979]
[Epoch 486/1000] [D Loss: 0.68686] [G Loss: 0.78266]
      [Parity: 0.09580] [DTE-D: 0.00614] [DTE-G: 0.08966]
[Epoch 487/1000] [D Loss: 0.68682] [G Loss: 0.78266]
      [Parity: 0.09584] [DTE-D: 0.00618] [DTE-G: 0.08966]
[Epoch 488/1000] [D Loss: 0.68680] [G Loss: 0.78263]
      [Parity: 0.09583] [DTE-D: 0.00620] [DTE-G: 0.08963]
[Epoch 490/1000] D_Loss: 0.6869 G_Loss: 0.7829
[Epoch 489/1000] [D Loss: 0.68685] [G Loss: 0.78287]
      [Parity: 0.09601] [DTE-D: 0.00615] [DTE-G: 0.08987]
[Epoch 490/1000] [D Loss: 0.68687] [G Loss: 0.78266]
      [Parity: 0.09579] [DTE-D: 0.00613] [DTE-G: 0.08966]
[Epoch 491/1000] [D Loss: 0.68688] [G Loss: 0.78292]
      [Parity: 0.09604] [DTE-D: 0.00612] [DTE-G: 0.08992]
[Epoch 492/1000] [D Loss: 0.68691] [G Loss: 0.78262]
      [Parity: 0.09571] [DTE-D: 0.00609] [DTE-G: 0.08962]
[Epoch 493/1000] [D Loss: 0.68686] [G Loss: 0.78261]
      [Parity: 0.09575] [DTE-D: 0.00614] [DTE-G: 0.08961]
[Epoch 494/1000] [D Loss: 0.68683] [G Loss: 0.78269]
      [Parity: 0.09586] [DTE-D: 0.00617] [DTE-G: 0.08969]
[Epoch 495/1000] [D Loss: 0.68682] [G Loss: 0.78269]
      [Parity: 0.09587] [DTE-D: 0.00618] [DTE-G: 0.08969]
[Epoch 496/1000] [D Loss: 0.68690] [G Loss: 0.78258]
      [Parity: 0.09568] [DTE-D: 0.00610] [DTE-G: 0.08958]
[Epoch 497/1000] [D Loss: 0.68689] [G Loss: 0.78297]
      [Parity: 0.09608] [DTE-D: 0.00611] [DTE-G: 0.08997]
[Epoch 498/1000] [D Loss: 0.68683] [G Loss: 0.78296]
      [Parity: 0.09613] [DTE-D: 0.00617] [DTE-G: 0.08996]
[Epoch 500/1000] D_Loss: 0.6869 G_Loss: 0.7825
[Epoch 499/1000] [D Loss: 0.68691] [G Loss: 0.78248]
      [Parity: 0.09557] [DTE-D: 0.00609] [DTE-G: 0.08948]
[Epoch 500/1000] [D Loss: 0.68686] [G Loss: 0.78258]
      [Parity: 0.09572] [DTE-D: 0.00614] [DTE-G: 0.08958]
[Epoch 501/1000] [D Loss: 0.68687] [G Loss: 0.78307]
      [Parity: 0.09619] [DTE-D: 0.00613] [DTE-G: 0.09007]
[Epoch 502/1000] [D Loss: 0.68686] [G Loss: 0.78256]
      [Parity: 0.09570] [DTE-D: 0.00614] [DTE-G: 0.08956]
[Epoch 503/1000] [D Loss: 0.68690] [G Loss: 0.78285]
      [Parity: 0.09595] [DTE-D: 0.00610] [DTE-G: 0.08985]
[Epoch 504/1000] [D Loss: 0.68688] [G Loss: 0.78256]
      [Parity: 0.09568] [DTE-D: 0.00612] [DTE-G: 0.08956]
[Epoch 505/1000] [D Loss: 0.68690] [G Loss: 0.78255]
      [Parity: 0.09565] [DTE-D: 0.00610] [DTE-G: 0.08955]
[Epoch 506/1000] [D Loss: 0.68686] [G Loss: 0.78276]
      [Parity: 0.09589] [DTE-D: 0.00614] [DTE-G: 0.08976]
[Epoch 507/1000] [D Loss: 0.68695] [G Loss: 0.78266]
      [Parity: 0.09571] [DTE-D: 0.00605] [DTE-G: 0.08966]
[Epoch 508/1000] [D Loss: 0.68695] [G Loss: 0.78260]
      [Parity: 0.09565] [DTE-D: 0.00605] [DTE-G: 0.08960]
[Epoch 510/1000] D_Loss: 0.6869 G_Loss: 0.7824
[Epoch 509/1000] [D Loss: 0.68691] [G Loss: 0.78235]
      [Parity: 0.09545] [DTE-D: 0.00609] [DTE-G: 0.08935]
[Epoch 510/1000] [D Loss: 0.68688] [G Loss: 0.78267]
      [Parity: 0.09578] [DTE-D: 0.00612] [DTE-G: 0.08967]
[Epoch 511/1000] [D Loss: 0.68688] [G Loss: 0.78257]
      [Parity: 0.09569] [DTE-D: 0.00612] [DTE-G: 0.08957]
[Epoch 512/1000] [D Loss: 0.68696] [G Loss: 0.78267]
      [Parity: 0.09571] [DTE-D: 0.00604] [DTE-G: 0.08967]
[Epoch 513/1000] [D Loss: 0.68687] [G Loss: 0.78265]
      [Parity: 0.09577] [DTE-D: 0.00613] [DTE-G: 0.08965]
[Epoch 514/1000] [D Loss: 0.68692] [G Loss: 0.78262]
      [Parity: 0.09570] [DTE-D: 0.00608] [DTE-G: 0.08962]
[Epoch 515/1000] [D Loss: 0.68700] [G Loss: 0.78245]
      [Parity: 0.09545] [DTE-D: 0.00600] [DTE-G: 0.08945]
[Epoch 516/1000] [D Loss: 0.68691] [G Loss: 0.78275]
      [Parity: 0.09583] [DTE-D: 0.00609] [DTE-G: 0.08975]
[Epoch 517/1000] [D Loss: 0.68691] [G Loss: 0.78235]
      [Parity: 0.09543] [DTE-D: 0.00609] [DTE-G: 0.08935]
[Epoch 518/1000] [D Loss: 0.68696] [G Loss: 0.78260]
      [Parity: 0.09564] [DTE-D: 0.00604] [DTE-G: 0.08960]
[Epoch 520/1000] D_Loss: 0.6869 G_Loss: 0.7826
[Epoch 519/1000] [D Loss: 0.68693] [G Loss: 0.78265]
      [Parity: 0.09571] [DTE-D: 0.00607] [DTE-G: 0.08965]
[Epoch 520/1000] [D Loss: 0.68690] [G Loss: 0.78264]
      [Parity: 0.09575] [DTE-D: 0.00610] [DTE-G: 0.08964]
[Epoch 521/1000] [D Loss: 0.68689] [G Loss: 0.78228]
      [Parity: 0.09539] [DTE-D: 0.00611] [DTE-G: 0.08928]
[Epoch 522/1000] [D Loss: 0.68697] [G Loss: 0.78242]
      [Parity: 0.09544] [DTE-D: 0.00603] [DTE-G: 0.08942]
[Epoch 523/1000] [D Loss: 0.68698] [G Loss: 0.78245]
      [Parity: 0.09547] [DTE-D: 0.00602] [DTE-G: 0.08945]
[Epoch 524/1000] [D Loss: 0.68696] [G Loss: 0.78244]
      [Parity: 0.09547] [DTE-D: 0.00604] [DTE-G: 0.08944]
[Epoch 525/1000] [D Loss: 0.68689] [G Loss: 0.78266]
      [Parity: 0.09576] [DTE-D: 0.00611] [DTE-G: 0.08966]
[Epoch 526/1000] [D Loss: 0.68686] [G Loss: 0.78263]
      [Parity: 0.09578] [DTE-D: 0.00614] [DTE-G: 0.08963]
[Epoch 527/1000] [D Loss: 0.68681] [G Loss: 0.78262]
      [Parity: 0.09581] [DTE-D: 0.00619] [DTE-G: 0.08962]
[Epoch 528/1000] [D Loss: 0.68690] [G Loss: 0.78253]
      [Parity: 0.09563] [DTE-D: 0.00610] [DTE-G: 0.08953]
[Epoch 530/1000] D_Loss: 0.6869 G_Loss: 0.7827
[Epoch 529/1000] [D Loss: 0.68688] [G Loss: 0.78266]
      [Parity: 0.09578] [DTE-D: 0.00612] [DTE-G: 0.08966]
[Epoch 530/1000] [D Loss: 0.68692] [G Loss: 0.78265]
      [Parity: 0.09574] [DTE-D: 0.00608] [DTE-G: 0.08965]
[Epoch 531/1000] [D Loss: 0.68687] [G Loss: 0.78240]
      [Parity: 0.09553] [DTE-D: 0.00613] [DTE-G: 0.08940]
[Epoch 532/1000] [D Loss: 0.68697] [G Loss: 0.78246]
      [Parity: 0.09550] [DTE-D: 0.00603] [DTE-G: 0.08946]
[Epoch 533/1000] [D Loss: 0.68686] [G Loss: 0.78249]
      [Parity: 0.09563] [DTE-D: 0.00614] [DTE-G: 0.08949]
[Epoch 534/1000] [D Loss: 0.68687] [G Loss: 0.78247]
      [Parity: 0.09560] [DTE-D: 0.00613] [DTE-G: 0.08947]
[Epoch 535/1000] [D Loss: 0.68691] [G Loss: 0.78256]
      [Parity: 0.09565] [DTE-D: 0.00609] [DTE-G: 0.08956]
[Epoch 536/1000] [D Loss: 0.68699] [G Loss: 0.78258]
      [Parity: 0.09558] [DTE-D: 0.00601] [DTE-G: 0.08958]
[Epoch 537/1000] [D Loss: 0.68688] [G Loss: 0.78237]
      [Parity: 0.09549] [DTE-D: 0.00612] [DTE-G: 0.08937]
[Epoch 538/1000] [D Loss: 0.68693] [G Loss: 0.78251]
      [Parity: 0.09558] [DTE-D: 0.00607] [DTE-G: 0.08951]
[Epoch 540/1000] D_Loss: 0.6869 G_Loss: 0.7824
[Epoch 539/1000] [D Loss: 0.68690] [G Loss: 0.78238]
      [Parity: 0.09548] [DTE-D: 0.00610] [DTE-G: 0.08938]
[Epoch 540/1000] [D Loss: 0.68690] [G Loss: 0.78234]
      [Parity: 0.09544] [DTE-D: 0.00610] [DTE-G: 0.08934]
[Epoch 541/1000] [D Loss: 0.68696] [G Loss: 0.78277]
      [Parity: 0.09581] [DTE-D: 0.00604] [DTE-G: 0.08977]
[Epoch 542/1000] [D Loss: 0.68697] [G Loss: 0.78241]
      [Parity: 0.09544] [DTE-D: 0.00603] [DTE-G: 0.08941]
[Epoch 543/1000] [D Loss: 0.68697] [G Loss: 0.78270]
      [Parity: 0.09573] [DTE-D: 0.00603] [DTE-G: 0.08970]
[Epoch 544/1000] [D Loss: 0.68690] [G Loss: 0.78254]
      [Parity: 0.09564] [DTE-D: 0.00610] [DTE-G: 0.08954]
[Epoch 545/1000] [D Loss: 0.68685] [G Loss: 0.78242]
      [Parity: 0.09557] [DTE-D: 0.00615] [DTE-G: 0.08942]
[Epoch 546/1000] [D Loss: 0.68700] [G Loss: 0.78266]
      [Parity: 0.09566] [DTE-D: 0.00600] [DTE-G: 0.08966]
[Epoch 547/1000] [D Loss: 0.68685] [G Loss: 0.78244]
      [Parity: 0.09559] [DTE-D: 0.00615] [DTE-G: 0.08944]
[Epoch 548/1000] [D Loss: 0.68690] [G Loss: 0.78245]
      [Parity: 0.09555] [DTE-D: 0.00610] [DTE-G: 0.08945]
[Epoch 550/1000] D_Loss: 0.6869 G_Loss: 0.7825
[Epoch 549/1000] [D Loss: 0.68691] [G Loss: 0.78248]
      [Parity: 0.09557] [DTE-D: 0.00609] [DTE-G: 0.08948]
[Epoch 550/1000] [D Loss: 0.68690] [G Loss: 0.78260]
      [Parity: 0.09570] [DTE-D: 0.00610] [DTE-G: 0.08960]
[Epoch 551/1000] [D Loss: 0.68680] [G Loss: 0.78261]
      [Parity: 0.09581] [DTE-D: 0.00620] [DTE-G: 0.08961]
[Epoch 552/1000] [D Loss: 0.68691] [G Loss: 0.78256]
      [Parity: 0.09565] [DTE-D: 0.00609] [DTE-G: 0.08956]
[Epoch 553/1000] [D Loss: 0.68691] [G Loss: 0.78239]
      [Parity: 0.09548] [DTE-D: 0.00609] [DTE-G: 0.08939]
[Epoch 554/1000] [D Loss: 0.68686] [G Loss: 0.78247]
      [Parity: 0.09561] [DTE-D: 0.00614] [DTE-G: 0.08947]
[Epoch 555/1000] [D Loss: 0.68678] [G Loss: 0.78269]
      [Parity: 0.09591] [DTE-D: 0.00622] [DTE-G: 0.08969]
[Epoch 556/1000] [D Loss: 0.68690] [G Loss: 0.78256]
      [Parity: 0.09565] [DTE-D: 0.00610] [DTE-G: 0.08956]
[Epoch 557/1000] [D Loss: 0.68691] [G Loss: 0.78243]
      [Parity: 0.09552] [DTE-D: 0.00609] [DTE-G: 0.08943]
[Epoch 558/1000] [D Loss: 0.68691] [G Loss: 0.78256]
      [Parity: 0.09566] [DTE-D: 0.00609] [DTE-G: 0.08956]
[Epoch 560/1000] D_Loss: 0.6869 G_Loss: 0.7824
[Epoch 559/1000] [D Loss: 0.68689] [G Loss: 0.78236]
      [Parity: 0.09547] [DTE-D: 0.00611] [DTE-G: 0.08936]
[Epoch 560/1000] [D Loss: 0.68687] [G Loss: 0.78272]
      [Parity: 0.09585] [DTE-D: 0.00613] [DTE-G: 0.08972]
[Epoch 561/1000] [D Loss: 0.68683] [G Loss: 0.78244]
      [Parity: 0.09561] [DTE-D: 0.00617] [DTE-G: 0.08944]
[Epoch 562/1000] [D Loss: 0.68693] [G Loss: 0.78276]
      [Parity: 0.09583] [DTE-D: 0.00607] [DTE-G: 0.08976]
[Epoch 563/1000] [D Loss: 0.68689] [G Loss: 0.78248]
      [Parity: 0.09559] [DTE-D: 0.00611] [DTE-G: 0.08948]
[Epoch 564/1000] [D Loss: 0.68695] [G Loss: 0.78260]
      [Parity: 0.09564] [DTE-D: 0.00605] [DTE-G: 0.08960]
[Epoch 565/1000] [D Loss: 0.68694] [G Loss: 0.78275]
      [Parity: 0.09581] [DTE-D: 0.00606] [DTE-G: 0.08975]
[Epoch 566/1000] [D Loss: 0.68693] [G Loss: 0.78264]
      [Parity: 0.09571] [DTE-D: 0.00607] [DTE-G: 0.08964]
[Epoch 567/1000] [D Loss: 0.68689] [G Loss: 0.78246]
      [Parity: 0.09557] [DTE-D: 0.00611] [DTE-G: 0.08946]
[Epoch 568/1000] [D Loss: 0.68688] [G Loss: 0.78238]
      [Parity: 0.09550] [DTE-D: 0.00612] [DTE-G: 0.08938]
[Epoch 570/1000] D_Loss: 0.6869 G_Loss: 0.7825
[Epoch 569/1000] [D Loss: 0.68686] [G Loss: 0.78252]
      [Parity: 0.09566] [DTE-D: 0.00614] [DTE-G: 0.08952]
[Epoch 570/1000] [D Loss: 0.68693] [G Loss: 0.78226]
      [Parity: 0.09532] [DTE-D: 0.00607] [DTE-G: 0.08926]
[Epoch 571/1000] [D Loss: 0.68680] [G Loss: 0.78274]
      [Parity: 0.09594] [DTE-D: 0.00620] [DTE-G: 0.08974]
[Epoch 572/1000] [D Loss: 0.68686] [G Loss: 0.78252]
      [Parity: 0.09566] [DTE-D: 0.00614] [DTE-G: 0.08952]
[Epoch 573/1000] [D Loss: 0.68677] [G Loss: 0.78293]
      [Parity: 0.09616] [DTE-D: 0.00623] [DTE-G: 0.08993]
[Epoch 574/1000] [D Loss: 0.68684] [G Loss: 0.78256]
      [Parity: 0.09572] [DTE-D: 0.00616] [DTE-G: 0.08956]
[Epoch 575/1000] [D Loss: 0.68685] [G Loss: 0.78269]
      [Parity: 0.09584] [DTE-D: 0.00615] [DTE-G: 0.08969]
[Epoch 576/1000] [D Loss: 0.68688] [G Loss: 0.78275]
      [Parity: 0.09588] [DTE-D: 0.00612] [DTE-G: 0.08975]
[Epoch 577/1000] [D Loss: 0.68685] [G Loss: 0.78264]
      [Parity: 0.09579] [DTE-D: 0.00615] [DTE-G: 0.08964]
[Epoch 578/1000] [D Loss: 0.68700] [G Loss: 0.78222]
      [Parity: 0.09522] [DTE-D: 0.00600] [DTE-G: 0.08922]
[Epoch 580/1000] D_Loss: 0.6868 G_Loss: 0.7826
[Epoch 579/1000] [D Loss: 0.68677] [G Loss: 0.78260]
      [Parity: 0.09584] [DTE-D: 0.00623] [DTE-G: 0.08960]
[Epoch 580/1000] [D Loss: 0.68684] [G Loss: 0.78275]
      [Parity: 0.09592] [DTE-D: 0.00616] [DTE-G: 0.08975]
[Epoch 581/1000] [D Loss: 0.68681] [G Loss: 0.78271]
      [Parity: 0.09589] [DTE-D: 0.00619] [DTE-G: 0.08971]
[Epoch 582/1000] [D Loss: 0.68685] [G Loss: 0.78246]
      [Parity: 0.09561] [DTE-D: 0.00615] [DTE-G: 0.08946]
[Epoch 583/1000] [D Loss: 0.68687] [G Loss: 0.78276]
      [Parity: 0.09589] [DTE-D: 0.00613] [DTE-G: 0.08976]
[Epoch 584/1000] [D Loss: 0.68690] [G Loss: 0.78266]
      [Parity: 0.09576] [DTE-D: 0.00610] [DTE-G: 0.08966]
[Epoch 585/1000] [D Loss: 0.68691] [G Loss: 0.78263]
      [Parity: 0.09571] [DTE-D: 0.00609] [DTE-G: 0.08963]
[Epoch 586/1000] [D Loss: 0.68692] [G Loss: 0.78277]
      [Parity: 0.09585] [DTE-D: 0.00608] [DTE-G: 0.08977]
[Epoch 587/1000] [D Loss: 0.68681] [G Loss: 0.78300]
      [Parity: 0.09619] [DTE-D: 0.00619] [DTE-G: 0.09000]
[Epoch 588/1000] [D Loss: 0.68690] [G Loss: 0.78261]
      [Parity: 0.09571] [DTE-D: 0.00610] [DTE-G: 0.08961]
[Epoch 590/1000] D_Loss: 0.6868 G_Loss: 0.7826
[Epoch 589/1000] [D Loss: 0.68676] [G Loss: 0.78256]
      [Parity: 0.09580] [DTE-D: 0.00624] [DTE-G: 0.08956]
[Epoch 590/1000] [D Loss: 0.68686] [G Loss: 0.78244]
      [Parity: 0.09558] [DTE-D: 0.00614] [DTE-G: 0.08944]
[Epoch 591/1000] [D Loss: 0.68685] [G Loss: 0.78250]
      [Parity: 0.09565] [DTE-D: 0.00615] [DTE-G: 0.08950]
[Epoch 592/1000] [D Loss: 0.68689] [G Loss: 0.78256]
      [Parity: 0.09567] [DTE-D: 0.00611] [DTE-G: 0.08956]
[Epoch 593/1000] [D Loss: 0.68672] [G Loss: 0.78279]
      [Parity: 0.09607] [DTE-D: 0.00628] [DTE-G: 0.08979]
[Epoch 594/1000] [D Loss: 0.68681] [G Loss: 0.78284]
      [Parity: 0.09602] [DTE-D: 0.00619] [DTE-G: 0.08984]
[Epoch 595/1000] [D Loss: 0.68681] [G Loss: 0.78266]
      [Parity: 0.09585] [DTE-D: 0.00619] [DTE-G: 0.08966]
[Epoch 596/1000] [D Loss: 0.68678] [G Loss: 0.78274]
      [Parity: 0.09596] [DTE-D: 0.00622] [DTE-G: 0.08974]
[Epoch 597/1000] [D Loss: 0.68664] [G Loss: 0.78296]
      [Parity: 0.09632] [DTE-D: 0.00636] [DTE-G: 0.08996]
[Epoch 598/1000] [D Loss: 0.68680] [G Loss: 0.78267]
      [Parity: 0.09587] [DTE-D: 0.00620] [DTE-G: 0.08967]
[Epoch 600/1000] D_Loss: 0.6868 G_Loss: 0.7826
[Epoch 599/1000] [D Loss: 0.68677] [G Loss: 0.78262]
      [Parity: 0.09585] [DTE-D: 0.00623] [DTE-G: 0.08962]
[Epoch 600/1000] [D Loss: 0.68672] [G Loss: 0.78284]
      [Parity: 0.09612] [DTE-D: 0.00628] [DTE-G: 0.08984]
[Epoch 601/1000] [D Loss: 0.68679] [G Loss: 0.78298]
      [Parity: 0.09620] [DTE-D: 0.00621] [DTE-G: 0.08998]
[Epoch 602/1000] [D Loss: 0.68683] [G Loss: 0.78295]
      [Parity: 0.09612] [DTE-D: 0.00617] [DTE-G: 0.08995]
[Epoch 603/1000] [D Loss: 0.68686] [G Loss: 0.78266]
      [Parity: 0.09580] [DTE-D: 0.00614] [DTE-G: 0.08966]
[Epoch 604/1000] [D Loss: 0.68673] [G Loss: 0.78277]
      [Parity: 0.09604] [DTE-D: 0.00627] [DTE-G: 0.08977]
[Epoch 605/1000] [D Loss: 0.68669] [G Loss: 0.78319]
      [Parity: 0.09650] [DTE-D: 0.00631] [DTE-G: 0.09019]
[Epoch 606/1000] [D Loss: 0.68672] [G Loss: 0.78302]
      [Parity: 0.09630] [DTE-D: 0.00628] [DTE-G: 0.09002]
[Epoch 607/1000] [D Loss: 0.68667] [G Loss: 0.78311]
      [Parity: 0.09643] [DTE-D: 0.00633] [DTE-G: 0.09011]
[Epoch 608/1000] [D Loss: 0.68660] [G Loss: 0.78315]
      [Parity: 0.09656] [DTE-D: 0.00640] [DTE-G: 0.09015]
[Epoch 610/1000] D_Loss: 0.6867 G_Loss: 0.7832
[Epoch 609/1000] [D Loss: 0.68666] [G Loss: 0.78323]
      [Parity: 0.09656] [DTE-D: 0.00634] [DTE-G: 0.09023]
[Epoch 610/1000] [D Loss: 0.68666] [G Loss: 0.78347]
      [Parity: 0.09681] [DTE-D: 0.00634] [DTE-G: 0.09047]
[Epoch 611/1000] [D Loss: 0.68673] [G Loss: 0.78333]
      [Parity: 0.09660] [DTE-D: 0.00627] [DTE-G: 0.09033]
[Epoch 612/1000] [D Loss: 0.68672] [G Loss: 0.78291]
      [Parity: 0.09619] [DTE-D: 0.00628] [DTE-G: 0.08991]
[Epoch 613/1000] [D Loss: 0.68668] [G Loss: 0.78313]
      [Parity: 0.09646] [DTE-D: 0.00632] [DTE-G: 0.09013]
[Epoch 614/1000] [D Loss: 0.68665] [G Loss: 0.78313]
      [Parity: 0.09648] [DTE-D: 0.00635] [DTE-G: 0.09013]
[Epoch 615/1000] [D Loss: 0.68668] [G Loss: 0.78329]
      [Parity: 0.09661] [DTE-D: 0.00632] [DTE-G: 0.09029]
[Epoch 616/1000] [D Loss: 0.68674] [G Loss: 0.78318]
      [Parity: 0.09644] [DTE-D: 0.00626] [DTE-G: 0.09018]
[Epoch 617/1000] [D Loss: 0.68660] [G Loss: 0.78337]
      [Parity: 0.09677] [DTE-D: 0.00640] [DTE-G: 0.09037]
[Epoch 618/1000] [D Loss: 0.68666] [G Loss: 0.78306]
      [Parity: 0.09640] [DTE-D: 0.00634] [DTE-G: 0.09006]
[Epoch 620/1000] D_Loss: 0.6867 G_Loss: 0.7834
[Epoch 619/1000] [D Loss: 0.68666] [G Loss: 0.78338]
      [Parity: 0.09672] [DTE-D: 0.00634] [DTE-G: 0.09038]
[Epoch 620/1000] [D Loss: 0.68652] [G Loss: 0.78330]
      [Parity: 0.09678] [DTE-D: 0.00648] [DTE-G: 0.09030]
[Epoch 621/1000] [D Loss: 0.68667] [G Loss: 0.78319]
      [Parity: 0.09652] [DTE-D: 0.00633] [DTE-G: 0.09019]
[Epoch 622/1000] [D Loss: 0.68673] [G Loss: 0.78307]
      [Parity: 0.09634] [DTE-D: 0.00627] [DTE-G: 0.09007]
[Epoch 623/1000] [D Loss: 0.68659] [G Loss: 0.78329]
      [Parity: 0.09670] [DTE-D: 0.00641] [DTE-G: 0.09029]
[Epoch 624/1000] [D Loss: 0.68672] [G Loss: 0.78311]
      [Parity: 0.09639] [DTE-D: 0.00628] [DTE-G: 0.09011]
[Epoch 625/1000] [D Loss: 0.68656] [G Loss: 0.78363]
      [Parity: 0.09707] [DTE-D: 0.00644] [DTE-G: 0.09063]
[Epoch 626/1000] [D Loss: 0.68667] [G Loss: 0.78312]
      [Parity: 0.09645] [DTE-D: 0.00633] [DTE-G: 0.09012]
[Epoch 627/1000] [D Loss: 0.68678] [G Loss: 0.78312]
      [Parity: 0.09634] [DTE-D: 0.00622] [DTE-G: 0.09012]
[Epoch 628/1000] [D Loss: 0.68660] [G Loss: 0.78329]
      [Parity: 0.09668] [DTE-D: 0.00640] [DTE-G: 0.09029]
[Epoch 630/1000] D_Loss: 0.6866 G_Loss: 0.7832
[Epoch 629/1000] [D Loss: 0.68659] [G Loss: 0.78320]
      [Parity: 0.09660] [DTE-D: 0.00641] [DTE-G: 0.09020]
[Epoch 630/1000] [D Loss: 0.68677] [G Loss: 0.78341]
      [Parity: 0.09665] [DTE-D: 0.00623] [DTE-G: 0.09041]
[Epoch 631/1000] [D Loss: 0.68656] [G Loss: 0.78347]
      [Parity: 0.09691] [DTE-D: 0.00644] [DTE-G: 0.09047]
[Epoch 632/1000] [D Loss: 0.68657] [G Loss: 0.78349]
      [Parity: 0.09692] [DTE-D: 0.00643] [DTE-G: 0.09049]
[Epoch 633/1000] [D Loss: 0.68667] [G Loss: 0.78328]
      [Parity: 0.09661] [DTE-D: 0.00633] [DTE-G: 0.09028]
[Epoch 634/1000] [D Loss: 0.68666] [G Loss: 0.78341]
      [Parity: 0.09675] [DTE-D: 0.00634] [DTE-G: 0.09041]
[Epoch 635/1000] [D Loss: 0.68660] [G Loss: 0.78369]
      [Parity: 0.09709] [DTE-D: 0.00640] [DTE-G: 0.09069]
[Epoch 636/1000] [D Loss: 0.68652] [G Loss: 0.78360]
      [Parity: 0.09709] [DTE-D: 0.00648] [DTE-G: 0.09060]
[Epoch 637/1000] [D Loss: 0.68652] [G Loss: 0.78373]
      [Parity: 0.09721] [DTE-D: 0.00648] [DTE-G: 0.09073]
[Epoch 638/1000] [D Loss: 0.68645] [G Loss: 0.78364]
      [Parity: 0.09718] [DTE-D: 0.00655] [DTE-G: 0.09064]
[Epoch 640/1000] D_Loss: 0.6865 G_Loss: 0.7837
[Epoch 639/1000] [D Loss: 0.68654] [G Loss: 0.78367]
      [Parity: 0.09713] [DTE-D: 0.00646] [DTE-G: 0.09067]
[Epoch 640/1000] [D Loss: 0.68665] [G Loss: 0.78374]
      [Parity: 0.09709] [DTE-D: 0.00635] [DTE-G: 0.09074]
[Epoch 641/1000] [D Loss: 0.68654] [G Loss: 0.78338]
      [Parity: 0.09684] [DTE-D: 0.00646] [DTE-G: 0.09038]
[Epoch 642/1000] [D Loss: 0.68654] [G Loss: 0.78385]
      [Parity: 0.09731] [DTE-D: 0.00646] [DTE-G: 0.09085]
[Epoch 643/1000] [D Loss: 0.68655] [G Loss: 0.78366]
      [Parity: 0.09711] [DTE-D: 0.00645] [DTE-G: 0.09066]
[Epoch 644/1000] [D Loss: 0.68647] [G Loss: 0.78376]
      [Parity: 0.09729] [DTE-D: 0.00653] [DTE-G: 0.09076]
[Epoch 645/1000] [D Loss: 0.68642] [G Loss: 0.78387]
      [Parity: 0.09745] [DTE-D: 0.00658] [DTE-G: 0.09087]
[Epoch 646/1000] [D Loss: 0.68649] [G Loss: 0.78377]
      [Parity: 0.09728] [DTE-D: 0.00651] [DTE-G: 0.09077]
[Epoch 647/1000] [D Loss: 0.68640] [G Loss: 0.78366]
      [Parity: 0.09726] [DTE-D: 0.00660] [DTE-G: 0.09066]
[Epoch 648/1000] [D Loss: 0.68644] [G Loss: 0.78394]
      [Parity: 0.09750] [DTE-D: 0.00656] [DTE-G: 0.09094]
[Epoch 650/1000] D_Loss: 0.6863 G_Loss: 0.7843
[Epoch 649/1000] [D Loss: 0.68630] [G Loss: 0.78430]
      [Parity: 0.09799] [DTE-D: 0.00670] [DTE-G: 0.09130]
[Epoch 650/1000] [D Loss: 0.68649] [G Loss: 0.78356]
      [Parity: 0.09707] [DTE-D: 0.00651] [DTE-G: 0.09056]
[Epoch 651/1000] [D Loss: 0.68632] [G Loss: 0.78424]
      [Parity: 0.09792] [DTE-D: 0.00668] [DTE-G: 0.09124]
[Epoch 652/1000] [D Loss: 0.68635] [G Loss: 0.78423]
      [Parity: 0.09788] [DTE-D: 0.00665] [DTE-G: 0.09123]
[Epoch 653/1000] [D Loss: 0.68642] [G Loss: 0.78387]
      [Parity: 0.09745] [DTE-D: 0.00658] [DTE-G: 0.09087]
[Epoch 654/1000] [D Loss: 0.68638] [G Loss: 0.78403]
      [Parity: 0.09766] [DTE-D: 0.00662] [DTE-G: 0.09103]
[Epoch 655/1000] [D Loss: 0.68641] [G Loss: 0.78425]
      [Parity: 0.09784] [DTE-D: 0.00659] [DTE-G: 0.09125]
[Epoch 656/1000] [D Loss: 0.68629] [G Loss: 0.78410]
      [Parity: 0.09782] [DTE-D: 0.00671] [DTE-G: 0.09110]
[Epoch 657/1000] [D Loss: 0.68629] [G Loss: 0.78433]
      [Parity: 0.09804] [DTE-D: 0.00671] [DTE-G: 0.09133]
[Epoch 658/1000] [D Loss: 0.68635] [G Loss: 0.78451]
      [Parity: 0.09816] [DTE-D: 0.00665] [DTE-G: 0.09151]
[Epoch 660/1000] D_Loss: 0.6864 G_Loss: 0.7841
[Epoch 659/1000] [D Loss: 0.68635] [G Loss: 0.78408]
      [Parity: 0.09772] [DTE-D: 0.00665] [DTE-G: 0.09108]
[Epoch 660/1000] [D Loss: 0.68637] [G Loss: 0.78434]
      [Parity: 0.09797] [DTE-D: 0.00663] [DTE-G: 0.09134]
[Epoch 661/1000] [D Loss: 0.68637] [G Loss: 0.78419]
      [Parity: 0.09782] [DTE-D: 0.00663] [DTE-G: 0.09119]
[Epoch 662/1000] [D Loss: 0.68633] [G Loss: 0.78424]
      [Parity: 0.09791] [DTE-D: 0.00667] [DTE-G: 0.09124]
[Epoch 663/1000] [D Loss: 0.68632] [G Loss: 0.78430]
      [Parity: 0.09798] [DTE-D: 0.00668] [DTE-G: 0.09130]
[Epoch 664/1000] [D Loss: 0.68621] [G Loss: 0.78452]
      [Parity: 0.09831] [DTE-D: 0.00679] [DTE-G: 0.09152]
[Epoch 665/1000] [D Loss: 0.68629] [G Loss: 0.78446]
      [Parity: 0.09817] [DTE-D: 0.00671] [DTE-G: 0.09146]
[Epoch 666/1000] [D Loss: 0.68643] [G Loss: 0.78441]
      [Parity: 0.09798] [DTE-D: 0.00657] [DTE-G: 0.09141]
[Epoch 667/1000] [D Loss: 0.68623] [G Loss: 0.78414]
      [Parity: 0.09791] [DTE-D: 0.00677] [DTE-G: 0.09114]
[Epoch 668/1000] [D Loss: 0.68622] [G Loss: 0.78472]
      [Parity: 0.09850] [DTE-D: 0.00678] [DTE-G: 0.09172]
[Epoch 670/1000] D_Loss: 0.6862 G_Loss: 0.7845
[Epoch 669/1000] [D Loss: 0.68617] [G Loss: 0.78450]
      [Parity: 0.09833] [DTE-D: 0.00683] [DTE-G: 0.09150]
[Epoch 670/1000] [D Loss: 0.68630] [G Loss: 0.78486]
      [Parity: 0.09856] [DTE-D: 0.00670] [DTE-G: 0.09186]
[Epoch 671/1000] [D Loss: 0.68607] [G Loss: 0.78480]
      [Parity: 0.09873] [DTE-D: 0.00693] [DTE-G: 0.09180]
[Epoch 672/1000] [D Loss: 0.68622] [G Loss: 0.78458]
      [Parity: 0.09836] [DTE-D: 0.00678] [DTE-G: 0.09158]
[Epoch 673/1000] [D Loss: 0.68612] [G Loss: 0.78479]
      [Parity: 0.09867] [DTE-D: 0.00688] [DTE-G: 0.09179]
[Epoch 674/1000] [D Loss: 0.68615] [G Loss: 0.78464]
      [Parity: 0.09849] [DTE-D: 0.00685] [DTE-G: 0.09164]
[Epoch 675/1000] [D Loss: 0.68603] [G Loss: 0.78528]
      [Parity: 0.09926] [DTE-D: 0.00697] [DTE-G: 0.09228]
[Epoch 676/1000] [D Loss: 0.68592] [G Loss: 0.78566]
      [Parity: 0.09974] [DTE-D: 0.00708] [DTE-G: 0.09266]
[Epoch 677/1000] [D Loss: 0.68583] [G Loss: 0.78536]
      [Parity: 0.09953] [DTE-D: 0.00717] [DTE-G: 0.09236]
[Epoch 678/1000] [D Loss: 0.68517] [G Loss: 0.78672]
      [Parity: 0.10155] [DTE-D: 0.00783] [DTE-G: 0.09372]
[Epoch 680/1000] D_Loss: 0.6852 G_Loss: 0.7867
[Epoch 679/1000] [D Loss: 0.68522] [G Loss: 0.78667]
      [Parity: 0.10145] [DTE-D: 0.00778] [DTE-G: 0.09367]
[Epoch 680/1000] [D Loss: 0.68512] [G Loss: 0.78728]
      [Parity: 0.10215] [DTE-D: 0.00788] [DTE-G: 0.09428]
[Epoch 681/1000] [D Loss: 0.68513] [G Loss: 0.78715]
      [Parity: 0.10201] [DTE-D: 0.00787] [DTE-G: 0.09415]
[Epoch 682/1000] [D Loss: 0.68495] [G Loss: 0.78720]
      [Parity: 0.10225] [DTE-D: 0.00805] [DTE-G: 0.09420]
[Epoch 683/1000] [D Loss: 0.68508] [G Loss: 0.78726]
      [Parity: 0.10217] [DTE-D: 0.00792] [DTE-G: 0.09426]
[Epoch 684/1000] [D Loss: 0.68517] [G Loss: 0.78713]
      [Parity: 0.10195] [DTE-D: 0.00783] [DTE-G: 0.09413]
[Epoch 685/1000] [D Loss: 0.68519] [G Loss: 0.78735]
      [Parity: 0.10216] [DTE-D: 0.00781] [DTE-G: 0.09435]
[Epoch 686/1000] [D Loss: 0.68518] [G Loss: 0.78713]
      [Parity: 0.10195] [DTE-D: 0.00782] [DTE-G: 0.09413]
[Epoch 687/1000] [D Loss: 0.68521] [G Loss: 0.78711]
      [Parity: 0.10189] [DTE-D: 0.00779] [DTE-G: 0.09411]
[Epoch 688/1000] [D Loss: 0.68521] [G Loss: 0.78759]
      [Parity: 0.10238] [DTE-D: 0.00779] [DTE-G: 0.09459]
[Epoch 690/1000] D_Loss: 0.6850 G_Loss: 0.7875
[Epoch 689/1000] [D Loss: 0.68504] [G Loss: 0.78746]
      [Parity: 0.10241] [DTE-D: 0.00796] [DTE-G: 0.09446]
[Epoch 690/1000] [D Loss: 0.68499] [G Loss: 0.78760]
      [Parity: 0.10261] [DTE-D: 0.00801] [DTE-G: 0.09460]
[Epoch 691/1000] [D Loss: 0.68518] [G Loss: 0.78747]
      [Parity: 0.10230] [DTE-D: 0.00782] [DTE-G: 0.09447]
[Epoch 692/1000] [D Loss: 0.68501] [G Loss: 0.78768]
      [Parity: 0.10267] [DTE-D: 0.00799] [DTE-G: 0.09468]
[Epoch 693/1000] [D Loss: 0.68490] [G Loss: 0.78808]
      [Parity: 0.10318] [DTE-D: 0.00810] [DTE-G: 0.09508]
[Epoch 694/1000] [D Loss: 0.68491] [G Loss: 0.78787]
      [Parity: 0.10297] [DTE-D: 0.00809] [DTE-G: 0.09487]
[Epoch 695/1000] [D Loss: 0.68493] [G Loss: 0.78759]
      [Parity: 0.10266] [DTE-D: 0.00807] [DTE-G: 0.09459]
[Epoch 696/1000] [D Loss: 0.68518] [G Loss: 0.78765]
      [Parity: 0.10247] [DTE-D: 0.00782] [DTE-G: 0.09465]
[Epoch 697/1000] [D Loss: 0.68510] [G Loss: 0.78748]
      [Parity: 0.10238] [DTE-D: 0.00790] [DTE-G: 0.09448]
[Epoch 698/1000] [D Loss: 0.68490] [G Loss: 0.78812]
      [Parity: 0.10322] [DTE-D: 0.00810] [DTE-G: 0.09512]
[Epoch 700/1000] D_Loss: 0.6851 G_Loss: 0.7875
[Epoch 699/1000] [D Loss: 0.68505] [G Loss: 0.78754]
      [Parity: 0.10249] [DTE-D: 0.00795] [DTE-G: 0.09454]
[Epoch 700/1000] [D Loss: 0.68509] [G Loss: 0.78770]
      [Parity: 0.10261] [DTE-D: 0.00791] [DTE-G: 0.09470]
[Epoch 701/1000] [D Loss: 0.68509] [G Loss: 0.78751]
      [Parity: 0.10242] [DTE-D: 0.00791] [DTE-G: 0.09451]
[Epoch 702/1000] [D Loss: 0.68521] [G Loss: 0.78764]
      [Parity: 0.10244] [DTE-D: 0.00779] [DTE-G: 0.09464]
[Epoch 703/1000] [D Loss: 0.68515] [G Loss: 0.78737]
      [Parity: 0.10221] [DTE-D: 0.00785] [DTE-G: 0.09437]
[Epoch 704/1000] [D Loss: 0.68526] [G Loss: 0.78738]
      [Parity: 0.10212] [DTE-D: 0.00774] [DTE-G: 0.09438]
[Epoch 705/1000] [D Loss: 0.68530] [G Loss: 0.78710]
      [Parity: 0.10180] [DTE-D: 0.00770] [DTE-G: 0.09410]
[Epoch 706/1000] [D Loss: 0.68507] [G Loss: 0.78783]
      [Parity: 0.10276] [DTE-D: 0.00793] [DTE-G: 0.09483]
[Epoch 707/1000] [D Loss: 0.68530] [G Loss: 0.78747]
      [Parity: 0.10217] [DTE-D: 0.00770] [DTE-G: 0.09447]
[Epoch 708/1000] [D Loss: 0.68525] [G Loss: 0.78776]
      [Parity: 0.10251] [DTE-D: 0.00775] [DTE-G: 0.09476]
[Epoch 710/1000] D_Loss: 0.6852 G_Loss: 0.7874
[Epoch 709/1000] [D Loss: 0.68520] [G Loss: 0.78741]
      [Parity: 0.10220] [DTE-D: 0.00780] [DTE-G: 0.09441]
[Epoch 710/1000] [D Loss: 0.68506] [G Loss: 0.78812]
      [Parity: 0.10306] [DTE-D: 0.00794] [DTE-G: 0.09512]
[Epoch 711/1000] [D Loss: 0.68523] [G Loss: 0.78772]
      [Parity: 0.10249] [DTE-D: 0.00777] [DTE-G: 0.09472]
[Epoch 712/1000] [D Loss: 0.68507] [G Loss: 0.78799]
      [Parity: 0.10291] [DTE-D: 0.00793] [DTE-G: 0.09499]
[Epoch 713/1000] [D Loss: 0.68507] [G Loss: 0.78809]
      [Parity: 0.10302] [DTE-D: 0.00793] [DTE-G: 0.09509]
[Epoch 714/1000] [D Loss: 0.68519] [G Loss: 0.78782]
      [Parity: 0.10263] [DTE-D: 0.00781] [DTE-G: 0.09482]
[Epoch 715/1000] [D Loss: 0.68498] [G Loss: 0.78793]
      [Parity: 0.10295] [DTE-D: 0.00802] [DTE-G: 0.09493]
[Epoch 716/1000] [D Loss: 0.68529] [G Loss: 0.78812]
      [Parity: 0.10283] [DTE-D: 0.00771] [DTE-G: 0.09512]
[Epoch 717/1000] [D Loss: 0.68528] [G Loss: 0.78767]
      [Parity: 0.10239] [DTE-D: 0.00772] [DTE-G: 0.09467]
[Epoch 718/1000] [D Loss: 0.68520] [G Loss: 0.78795]
      [Parity: 0.10274] [DTE-D: 0.00780] [DTE-G: 0.09495]
[Epoch 720/1000] D_Loss: 0.6852 G_Loss: 0.7880
[Epoch 719/1000] [D Loss: 0.68518] [G Loss: 0.78796]
      [Parity: 0.10278] [DTE-D: 0.00782] [DTE-G: 0.09496]
[Epoch 720/1000] [D Loss: 0.68505] [G Loss: 0.78835]
      [Parity: 0.10330] [DTE-D: 0.00795] [DTE-G: 0.09535]
[Epoch 721/1000] [D Loss: 0.68519] [G Loss: 0.78788]
      [Parity: 0.10269] [DTE-D: 0.00781] [DTE-G: 0.09488]
[Epoch 722/1000] [D Loss: 0.68525] [G Loss: 0.78800]
      [Parity: 0.10275] [DTE-D: 0.00775] [DTE-G: 0.09500]
[Epoch 723/1000] [D Loss: 0.68516] [G Loss: 0.78796]
      [Parity: 0.10280] [DTE-D: 0.00784] [DTE-G: 0.09496]
[Epoch 724/1000] [D Loss: 0.68525] [G Loss: 0.78785]
      [Parity: 0.10260] [DTE-D: 0.00775] [DTE-G: 0.09485]
[Epoch 725/1000] [D Loss: 0.68539] [G Loss: 0.78758]
      [Parity: 0.10219] [DTE-D: 0.00761] [DTE-G: 0.09458]
[Epoch 726/1000] [D Loss: 0.68536] [G Loss: 0.78746]
      [Parity: 0.10210] [DTE-D: 0.00764] [DTE-G: 0.09446]
[Epoch 727/1000] [D Loss: 0.68530] [G Loss: 0.78782]
      [Parity: 0.10252] [DTE-D: 0.00770] [DTE-G: 0.09482]
[Epoch 728/1000] [D Loss: 0.68532] [G Loss: 0.78778]
      [Parity: 0.10246] [DTE-D: 0.00768] [DTE-G: 0.09478]
[Epoch 730/1000] D_Loss: 0.6853 G_Loss: 0.7877
[Epoch 729/1000] [D Loss: 0.68529] [G Loss: 0.78773]
      [Parity: 0.10244] [DTE-D: 0.00771] [DTE-G: 0.09473]
[Epoch 730/1000] [D Loss: 0.68503] [G Loss: 0.78817]
      [Parity: 0.10314] [DTE-D: 0.00797] [DTE-G: 0.09517]
[Epoch 731/1000] [D Loss: 0.68522] [G Loss: 0.78817]
      [Parity: 0.10295] [DTE-D: 0.00778] [DTE-G: 0.09517]
[Epoch 732/1000] [D Loss: 0.68536] [G Loss: 0.78778]
      [Parity: 0.10242] [DTE-D: 0.00764] [DTE-G: 0.09478]
[Epoch 733/1000] [D Loss: 0.68512] [G Loss: 0.78837]
      [Parity: 0.10325] [DTE-D: 0.00788] [DTE-G: 0.09537]
[Epoch 734/1000] [D Loss: 0.68539] [G Loss: 0.78775]
      [Parity: 0.10236] [DTE-D: 0.00761] [DTE-G: 0.09475]
[Epoch 735/1000] [D Loss: 0.68524] [G Loss: 0.78812]
      [Parity: 0.10288] [DTE-D: 0.00776] [DTE-G: 0.09512]
[Epoch 736/1000] [D Loss: 0.68537] [G Loss: 0.78788]
      [Parity: 0.10251] [DTE-D: 0.00763] [DTE-G: 0.09488]
[Epoch 737/1000] [D Loss: 0.68502] [G Loss: 0.78849]
      [Parity: 0.10346] [DTE-D: 0.00798] [DTE-G: 0.09549]
[Epoch 738/1000] [D Loss: 0.68511] [G Loss: 0.78797]
      [Parity: 0.10286] [DTE-D: 0.00789] [DTE-G: 0.09497]
[Epoch 740/1000] D_Loss: 0.6850 G_Loss: 0.7885
[Epoch 739/1000] [D Loss: 0.68504] [G Loss: 0.78845]
      [Parity: 0.10341] [DTE-D: 0.00796] [DTE-G: 0.09545]
[Epoch 740/1000] [D Loss: 0.68517] [G Loss: 0.78822]
      [Parity: 0.10304] [DTE-D: 0.00783] [DTE-G: 0.09522]
[Epoch 741/1000] [D Loss: 0.68507] [G Loss: 0.78803]
      [Parity: 0.10296] [DTE-D: 0.00793] [DTE-G: 0.09503]
[Epoch 742/1000] [D Loss: 0.68490] [G Loss: 0.78863]
      [Parity: 0.10373] [DTE-D: 0.00810] [DTE-G: 0.09563]
[Epoch 743/1000] [D Loss: 0.68516] [G Loss: 0.78820]
      [Parity: 0.10304] [DTE-D: 0.00784] [DTE-G: 0.09520]
[Epoch 744/1000] [D Loss: 0.68503] [G Loss: 0.78930]
      [Parity: 0.10427] [DTE-D: 0.00797] [DTE-G: 0.09630]
[Epoch 745/1000] [D Loss: 0.68474] [G Loss: 0.78928]
      [Parity: 0.10454] [DTE-D: 0.00826] [DTE-G: 0.09628]
[Epoch 746/1000] [D Loss: 0.68490] [G Loss: 0.78877]
      [Parity: 0.10387] [DTE-D: 0.00810] [DTE-G: 0.09577]
[Epoch 747/1000] [D Loss: 0.68485] [G Loss: 0.78898]
      [Parity: 0.10414] [DTE-D: 0.00815] [DTE-G: 0.09598]
[Epoch 748/1000] [D Loss: 0.68497] [G Loss: 0.78882]
      [Parity: 0.10385] [DTE-D: 0.00803] [DTE-G: 0.09582]
[Epoch 750/1000] D_Loss: 0.6848 G_Loss: 0.7893
[Epoch 749/1000] [D Loss: 0.68481] [G Loss: 0.78933]
      [Parity: 0.10452] [DTE-D: 0.00819] [DTE-G: 0.09633]
[Epoch 750/1000] [D Loss: 0.68493] [G Loss: 0.78920]
      [Parity: 0.10428] [DTE-D: 0.00807] [DTE-G: 0.09620]
[Epoch 751/1000] [D Loss: 0.68498] [G Loss: 0.78885]
      [Parity: 0.10387] [DTE-D: 0.00802] [DTE-G: 0.09585]
[Epoch 752/1000] [D Loss: 0.68497] [G Loss: 0.78867]
      [Parity: 0.10370] [DTE-D: 0.00803] [DTE-G: 0.09567]
[Epoch 753/1000] [D Loss: 0.68495] [G Loss: 0.78880]
      [Parity: 0.10385] [DTE-D: 0.00805] [DTE-G: 0.09580]
[Epoch 754/1000] [D Loss: 0.68487] [G Loss: 0.78903]
      [Parity: 0.10416] [DTE-D: 0.00813] [DTE-G: 0.09603]
[Epoch 755/1000] [D Loss: 0.68480] [G Loss: 0.78936]
      [Parity: 0.10456] [DTE-D: 0.00820] [DTE-G: 0.09636]
[Epoch 756/1000] [D Loss: 0.68484] [G Loss: 0.78901]
      [Parity: 0.10417] [DTE-D: 0.00816] [DTE-G: 0.09601]
[Epoch 757/1000] [D Loss: 0.68506] [G Loss: 0.78880]
      [Parity: 0.10374] [DTE-D: 0.00794] [DTE-G: 0.09580]
[Epoch 758/1000] [D Loss: 0.68503] [G Loss: 0.78866]
      [Parity: 0.10363] [DTE-D: 0.00797] [DTE-G: 0.09566]
[Epoch 760/1000] D_Loss: 0.6849 G_Loss: 0.7892
[Epoch 759/1000] [D Loss: 0.68486] [G Loss: 0.78923]
      [Parity: 0.10437] [DTE-D: 0.00814] [DTE-G: 0.09623]
[Epoch 760/1000] [D Loss: 0.68509] [G Loss: 0.78916]
      [Parity: 0.10406] [DTE-D: 0.00791] [DTE-G: 0.09616]
[Epoch 761/1000] [D Loss: 0.68478] [G Loss: 0.78957]
      [Parity: 0.10479] [DTE-D: 0.00822] [DTE-G: 0.09657]
[Epoch 762/1000] [D Loss: 0.68483] [G Loss: 0.78974]
      [Parity: 0.10492] [DTE-D: 0.00817] [DTE-G: 0.09674]
[Epoch 763/1000] [D Loss: 0.68467] [G Loss: 0.78961]
      [Parity: 0.10493] [DTE-D: 0.00833] [DTE-G: 0.09661]
[Epoch 764/1000] [D Loss: 0.68482] [G Loss: 0.78930]
      [Parity: 0.10448] [DTE-D: 0.00818] [DTE-G: 0.09630]
[Epoch 765/1000] [D Loss: 0.68461] [G Loss: 0.78981]
      [Parity: 0.10520] [DTE-D: 0.00839] [DTE-G: 0.09681]
[Epoch 766/1000] [D Loss: 0.68461] [G Loss: 0.79009]
      [Parity: 0.10548] [DTE-D: 0.00839] [DTE-G: 0.09709]
[Epoch 767/1000] [D Loss: 0.68470] [G Loss: 0.78935]
      [Parity: 0.10464] [DTE-D: 0.00830] [DTE-G: 0.09635]
[Epoch 768/1000] [D Loss: 0.68466] [G Loss: 0.78977]
      [Parity: 0.10512] [DTE-D: 0.00834] [DTE-G: 0.09677]
[Epoch 770/1000] D_Loss: 0.6847 G_Loss: 0.7894
[Epoch 769/1000] [D Loss: 0.68468] [G Loss: 0.78944]
      [Parity: 0.10476] [DTE-D: 0.00832] [DTE-G: 0.09644]
[Epoch 770/1000] [D Loss: 0.68480] [G Loss: 0.78979]
      [Parity: 0.10499] [DTE-D: 0.00820] [DTE-G: 0.09679]
[Epoch 771/1000] [D Loss: 0.68478] [G Loss: 0.78973]
      [Parity: 0.10495] [DTE-D: 0.00822] [DTE-G: 0.09673]
[Epoch 772/1000] [D Loss: 0.68464] [G Loss: 0.78958]
      [Parity: 0.10495] [DTE-D: 0.00836] [DTE-G: 0.09658]
[Epoch 773/1000] [D Loss: 0.68449] [G Loss: 0.78990]
      [Parity: 0.10541] [DTE-D: 0.00851] [DTE-G: 0.09690]
[Epoch 774/1000] [D Loss: 0.68461] [G Loss: 0.78999]
      [Parity: 0.10538] [DTE-D: 0.00839] [DTE-G: 0.09699]
[Epoch 775/1000] [D Loss: 0.68490] [G Loss: 0.78984]
      [Parity: 0.10494] [DTE-D: 0.00810] [DTE-G: 0.09684]
[Epoch 776/1000] [D Loss: 0.68491] [G Loss: 0.78933]
      [Parity: 0.10442] [DTE-D: 0.00809] [DTE-G: 0.09633]
[Epoch 777/1000] [D Loss: 0.68443] [G Loss: 0.79036]
      [Parity: 0.10593] [DTE-D: 0.00857] [DTE-G: 0.09736]
[Epoch 778/1000] [D Loss: 0.68473] [G Loss: 0.78952]
      [Parity: 0.10479] [DTE-D: 0.00827] [DTE-G: 0.09652]
[Epoch 780/1000] D_Loss: 0.6846 G_Loss: 0.7902
[Epoch 779/1000] [D Loss: 0.68455] [G Loss: 0.79017]
      [Parity: 0.10562] [DTE-D: 0.00845] [DTE-G: 0.09717]
[Epoch 780/1000] [D Loss: 0.68464] [G Loss: 0.79002]
      [Parity: 0.10537] [DTE-D: 0.00836] [DTE-G: 0.09702]
[Epoch 781/1000] [D Loss: 0.68468] [G Loss: 0.78983]
      [Parity: 0.10515] [DTE-D: 0.00832] [DTE-G: 0.09683]
[Epoch 782/1000] [D Loss: 0.68481] [G Loss: 0.78987]
      [Parity: 0.10506] [DTE-D: 0.00819] [DTE-G: 0.09687]
[Epoch 783/1000] [D Loss: 0.68449] [G Loss: 0.79020]
      [Parity: 0.10571] [DTE-D: 0.00851] [DTE-G: 0.09720]
[Epoch 784/1000] [D Loss: 0.68442] [G Loss: 0.79064]
      [Parity: 0.10622] [DTE-D: 0.00858] [DTE-G: 0.09764]
[Epoch 785/1000] [D Loss: 0.68494] [G Loss: 0.78987]
      [Parity: 0.10493] [DTE-D: 0.00806] [DTE-G: 0.09687]
[Epoch 786/1000] [D Loss: 0.68465] [G Loss: 0.78983]
      [Parity: 0.10518] [DTE-D: 0.00835] [DTE-G: 0.09683]
[Epoch 787/1000] [D Loss: 0.68455] [G Loss: 0.79028]
      [Parity: 0.10573] [DTE-D: 0.00845] [DTE-G: 0.09728]
[Epoch 788/1000] [D Loss: 0.68424] [G Loss: 0.79058]
      [Parity: 0.10634] [DTE-D: 0.00876] [DTE-G: 0.09758]
[Epoch 790/1000] D_Loss: 0.6845 G_Loss: 0.7906
[Epoch 789/1000] [D Loss: 0.68448] [G Loss: 0.79055]
      [Parity: 0.10607] [DTE-D: 0.00852] [DTE-G: 0.09755]
[Epoch 790/1000] [D Loss: 0.68440] [G Loss: 0.79127]
      [Parity: 0.10687] [DTE-D: 0.00860] [DTE-G: 0.09827]
[Epoch 791/1000] [D Loss: 0.68482] [G Loss: 0.79017]
      [Parity: 0.10535] [DTE-D: 0.00818] [DTE-G: 0.09717]
[Epoch 792/1000] [D Loss: 0.68436] [G Loss: 0.79064]
      [Parity: 0.10628] [DTE-D: 0.00864] [DTE-G: 0.09764]
[Epoch 793/1000] [D Loss: 0.68433] [G Loss: 0.79117]
      [Parity: 0.10685] [DTE-D: 0.00867] [DTE-G: 0.09817]
[Epoch 794/1000] [D Loss: 0.68446] [G Loss: 0.79085]
      [Parity: 0.10639] [DTE-D: 0.00854] [DTE-G: 0.09785]
[Epoch 795/1000] [D Loss: 0.68437] [G Loss: 0.79037]
      [Parity: 0.10600] [DTE-D: 0.00863] [DTE-G: 0.09737]
[Epoch 796/1000] [D Loss: 0.68444] [G Loss: 0.79044]
      [Parity: 0.10601] [DTE-D: 0.00856] [DTE-G: 0.09744]
[Epoch 797/1000] [D Loss: 0.68449] [G Loss: 0.79040]
      [Parity: 0.10590] [DTE-D: 0.00851] [DTE-G: 0.09740]
[Epoch 798/1000] [D Loss: 0.68431] [G Loss: 0.79130]
      [Parity: 0.10698] [DTE-D: 0.00869] [DTE-G: 0.09830]
[Epoch 800/1000] D_Loss: 0.6838 G_Loss: 0.7919
[Epoch 799/1000] [D Loss: 0.68382] [G Loss: 0.79188]
      [Parity: 0.10807] [DTE-D: 0.00918] [DTE-G: 0.09888]
[Epoch 800/1000] [D Loss: 0.68417] [G Loss: 0.79193]
      [Parity: 0.10776] [DTE-D: 0.00883] [DTE-G: 0.09893]
[Epoch 801/1000] [D Loss: 0.68445] [G Loss: 0.79083]
      [Parity: 0.10638] [DTE-D: 0.00855] [DTE-G: 0.09783]
[Epoch 802/1000] [D Loss: 0.68444] [G Loss: 0.79066]
      [Parity: 0.10622] [DTE-D: 0.00856] [DTE-G: 0.09766]
[Epoch 803/1000] [D Loss: 0.68439] [G Loss: 0.79095]
      [Parity: 0.10657] [DTE-D: 0.00861] [DTE-G: 0.09795]
[Epoch 804/1000] [D Loss: 0.68436] [G Loss: 0.79082]
      [Parity: 0.10646] [DTE-D: 0.00864] [DTE-G: 0.09782]
[Epoch 805/1000] [D Loss: 0.68438] [G Loss: 0.79109]
      [Parity: 0.10671] [DTE-D: 0.00862] [DTE-G: 0.09809]
[Epoch 806/1000] [D Loss: 0.68460] [G Loss: 0.79039]
      [Parity: 0.10579] [DTE-D: 0.00840] [DTE-G: 0.09739]
[Epoch 807/1000] [D Loss: 0.68449] [G Loss: 0.79061]
      [Parity: 0.10612] [DTE-D: 0.00851] [DTE-G: 0.09761]
[Epoch 808/1000] [D Loss: 0.68436] [G Loss: 0.79089]
      [Parity: 0.10653] [DTE-D: 0.00864] [DTE-G: 0.09789]
[Epoch 810/1000] D_Loss: 0.6841 G_Loss: 0.7911
[Epoch 809/1000] [D Loss: 0.68413] [G Loss: 0.79113]
      [Parity: 0.10700] [DTE-D: 0.00887] [DTE-G: 0.09813]
[Epoch 810/1000] [D Loss: 0.68410] [G Loss: 0.79209]
      [Parity: 0.10799] [DTE-D: 0.00890] [DTE-G: 0.09909]
[Epoch 811/1000] [D Loss: 0.68416] [G Loss: 0.79143]
      [Parity: 0.10727] [DTE-D: 0.00884] [DTE-G: 0.09843]
[Epoch 812/1000] [D Loss: 0.68433] [G Loss: 0.79146]
      [Parity: 0.10713] [DTE-D: 0.00867] [DTE-G: 0.09846]
[Epoch 813/1000] [D Loss: 0.68401] [G Loss: 0.79170]
      [Parity: 0.10769] [DTE-D: 0.00899] [DTE-G: 0.09870]
[Epoch 814/1000] [D Loss: 0.68464] [G Loss: 0.79044]
      [Parity: 0.10580] [DTE-D: 0.00836] [DTE-G: 0.09744]
[Epoch 815/1000] [D Loss: 0.68409] [G Loss: 0.79129]
      [Parity: 0.10720] [DTE-D: 0.00891] [DTE-G: 0.09829]
[Epoch 816/1000] [D Loss: 0.68406] [G Loss: 0.79191]
      [Parity: 0.10785] [DTE-D: 0.00894] [DTE-G: 0.09891]
[Epoch 817/1000] [D Loss: 0.68422] [G Loss: 0.79140]
      [Parity: 0.10719] [DTE-D: 0.00878] [DTE-G: 0.09840]
[Epoch 818/1000] [D Loss: 0.68427] [G Loss: 0.79112]
      [Parity: 0.10685] [DTE-D: 0.00873] [DTE-G: 0.09812]
[Epoch 820/1000] D_Loss: 0.6840 G_Loss: 0.7920
[Epoch 819/1000] [D Loss: 0.68404] [G Loss: 0.79198]
      [Parity: 0.10794] [DTE-D: 0.00896] [DTE-G: 0.09898]
[Epoch 820/1000] [D Loss: 0.68404] [G Loss: 0.79194]
      [Parity: 0.10790] [DTE-D: 0.00896] [DTE-G: 0.09894]
[Epoch 821/1000] [D Loss: 0.68438] [G Loss: 0.79170]
      [Parity: 0.10732] [DTE-D: 0.00862] [DTE-G: 0.09870]
[Epoch 822/1000] [D Loss: 0.68378] [G Loss: 0.79208]
      [Parity: 0.10830] [DTE-D: 0.00922] [DTE-G: 0.09908]
[Epoch 823/1000] [D Loss: 0.68429] [G Loss: 0.79127]
      [Parity: 0.10698] [DTE-D: 0.00871] [DTE-G: 0.09827]
[Epoch 824/1000] [D Loss: 0.68414] [G Loss: 0.79195]
      [Parity: 0.10781] [DTE-D: 0.00886] [DTE-G: 0.09895]
[Epoch 825/1000] [D Loss: 0.68431] [G Loss: 0.79167]
      [Parity: 0.10736] [DTE-D: 0.00869] [DTE-G: 0.09867]
[Epoch 826/1000] [D Loss: 0.68400] [G Loss: 0.79192]
      [Parity: 0.10792] [DTE-D: 0.00900] [DTE-G: 0.09892]
[Epoch 827/1000] [D Loss: 0.68407] [G Loss: 0.79162]
      [Parity: 0.10755] [DTE-D: 0.00893] [DTE-G: 0.09862]
[Epoch 828/1000] [D Loss: 0.68401] [G Loss: 0.79240]
      [Parity: 0.10839] [DTE-D: 0.00899] [DTE-G: 0.09940]
[Epoch 830/1000] D_Loss: 0.6840 G_Loss: 0.7922
[Epoch 829/1000] [D Loss: 0.68396] [G Loss: 0.79222]
      [Parity: 0.10825] [DTE-D: 0.00904] [DTE-G: 0.09922]
[Epoch 830/1000] [D Loss: 0.68440] [G Loss: 0.79117]
      [Parity: 0.10677] [DTE-D: 0.00860] [DTE-G: 0.09817]
[Epoch 831/1000] [D Loss: 0.68410] [G Loss: 0.79164]
      [Parity: 0.10753] [DTE-D: 0.00890] [DTE-G: 0.09864]
[Epoch 832/1000] [D Loss: 0.68370] [G Loss: 0.79317]
      [Parity: 0.10947] [DTE-D: 0.00930] [DTE-G: 0.10017]
[Epoch 833/1000] [D Loss: 0.68399] [G Loss: 0.79266]
      [Parity: 0.10867] [DTE-D: 0.00901] [DTE-G: 0.09966]
[Epoch 834/1000] [D Loss: 0.68378] [G Loss: 0.79244]
      [Parity: 0.10865] [DTE-D: 0.00922] [DTE-G: 0.09944]
[Epoch 835/1000] [D Loss: 0.68419] [G Loss: 0.79191]
      [Parity: 0.10772] [DTE-D: 0.00881] [DTE-G: 0.09891]
[Epoch 836/1000] [D Loss: 0.68393] [G Loss: 0.79234]
      [Parity: 0.10841] [DTE-D: 0.00907] [DTE-G: 0.09934]
[Epoch 837/1000] [D Loss: 0.68419] [G Loss: 0.79173]
      [Parity: 0.10755] [DTE-D: 0.00881] [DTE-G: 0.09873]
[Epoch 838/1000] [D Loss: 0.68374] [G Loss: 0.79251]
      [Parity: 0.10877] [DTE-D: 0.00926] [DTE-G: 0.09951]
[Epoch 840/1000] D_Loss: 0.6840 G_Loss: 0.7921
[Epoch 839/1000] [D Loss: 0.68402] [G Loss: 0.79211]
      [Parity: 0.10809] [DTE-D: 0.00898] [DTE-G: 0.09911]
[Epoch 840/1000] [D Loss: 0.68366] [G Loss: 0.79283]
      [Parity: 0.10917] [DTE-D: 0.00934] [DTE-G: 0.09983]
[Epoch 841/1000] [D Loss: 0.68351] [G Loss: 0.79326]
      [Parity: 0.10975] [DTE-D: 0.00949] [DTE-G: 0.10026]
[Epoch 842/1000] [D Loss: 0.68384] [G Loss: 0.79274]
      [Parity: 0.10891] [DTE-D: 0.00916] [DTE-G: 0.09974]
[Epoch 843/1000] [D Loss: 0.68362] [G Loss: 0.79311]
      [Parity: 0.10948] [DTE-D: 0.00938] [DTE-G: 0.10011]
[Epoch 844/1000] [D Loss: 0.68405] [G Loss: 0.79247]
      [Parity: 0.10842] [DTE-D: 0.00895] [DTE-G: 0.09947]
[Epoch 845/1000] [D Loss: 0.68381] [G Loss: 0.79265]
      [Parity: 0.10884] [DTE-D: 0.00919] [DTE-G: 0.09965]
[Epoch 846/1000] [D Loss: 0.68393] [G Loss: 0.79245]
      [Parity: 0.10852] [DTE-D: 0.00907] [DTE-G: 0.09945]
[Epoch 847/1000] [D Loss: 0.68378] [G Loss: 0.79280]
      [Parity: 0.10902] [DTE-D: 0.00922] [DTE-G: 0.09980]
[Epoch 848/1000] [D Loss: 0.68437] [G Loss: 0.79161]
      [Parity: 0.10724] [DTE-D: 0.00863] [DTE-G: 0.09861]
[Epoch 850/1000] D_Loss: 0.6839 G_Loss: 0.7919
[Epoch 849/1000] [D Loss: 0.68392] [G Loss: 0.79191]
      [Parity: 0.10799] [DTE-D: 0.00908] [DTE-G: 0.09891]
[Epoch 850/1000] [D Loss: 0.68413] [G Loss: 0.79196]
      [Parity: 0.10783] [DTE-D: 0.00887] [DTE-G: 0.09896]
[Epoch 851/1000] [D Loss: 0.68416] [G Loss: 0.79167]
      [Parity: 0.10752] [DTE-D: 0.00884] [DTE-G: 0.09867]
[Epoch 852/1000] [D Loss: 0.68432] [G Loss: 0.79125]
      [Parity: 0.10693] [DTE-D: 0.00868] [DTE-G: 0.09825]
[Epoch 853/1000] [D Loss: 0.68406] [G Loss: 0.79212]
      [Parity: 0.10806] [DTE-D: 0.00894] [DTE-G: 0.09912]
[Epoch 854/1000] [D Loss: 0.68410] [G Loss: 0.79176]
      [Parity: 0.10765] [DTE-D: 0.00890] [DTE-G: 0.09876]
[Epoch 855/1000] [D Loss: 0.68404] [G Loss: 0.79210]
      [Parity: 0.10807] [DTE-D: 0.00896] [DTE-G: 0.09910]
[Epoch 856/1000] [D Loss: 0.68414] [G Loss: 0.79194]
      [Parity: 0.10780] [DTE-D: 0.00886] [DTE-G: 0.09894]
[Epoch 857/1000] [D Loss: 0.68413] [G Loss: 0.79190]
      [Parity: 0.10777] [DTE-D: 0.00887] [DTE-G: 0.09890]
[Epoch 858/1000] [D Loss: 0.68393] [G Loss: 0.79242]
      [Parity: 0.10850] [DTE-D: 0.00907] [DTE-G: 0.09942]
[Epoch 860/1000] D_Loss: 0.6840 G_Loss: 0.7922
[Epoch 859/1000] [D Loss: 0.68398] [G Loss: 0.79216]
      [Parity: 0.10817] [DTE-D: 0.00902] [DTE-G: 0.09916]
[Epoch 860/1000] [D Loss: 0.68392] [G Loss: 0.79229]
      [Parity: 0.10836] [DTE-D: 0.00908] [DTE-G: 0.09929]
[Epoch 861/1000] [D Loss: 0.68407] [G Loss: 0.79233]
      [Parity: 0.10826] [DTE-D: 0.00893] [DTE-G: 0.09933]
[Epoch 862/1000] [D Loss: 0.68395] [G Loss: 0.79243]
      [Parity: 0.10848] [DTE-D: 0.00905] [DTE-G: 0.09943]
[Epoch 863/1000] [D Loss: 0.68371] [G Loss: 0.79255]
      [Parity: 0.10884] [DTE-D: 0.00929] [DTE-G: 0.09955]
[Epoch 864/1000] [D Loss: 0.68410] [G Loss: 0.79219]
      [Parity: 0.10808] [DTE-D: 0.00890] [DTE-G: 0.09919]
[Epoch 865/1000] [D Loss: 0.68405] [G Loss: 0.79222]
      [Parity: 0.10817] [DTE-D: 0.00895] [DTE-G: 0.09922]
[Epoch 866/1000] [D Loss: 0.68362] [G Loss: 0.79292]
      [Parity: 0.10930] [DTE-D: 0.00938] [DTE-G: 0.09992]
[Epoch 867/1000] [D Loss: 0.68383] [G Loss: 0.79362]
      [Parity: 0.10979] [DTE-D: 0.00917] [DTE-G: 0.10062]
[Epoch 868/1000] [D Loss: 0.68411] [G Loss: 0.79207]
      [Parity: 0.10797] [DTE-D: 0.00889] [DTE-G: 0.09907]
[Epoch 870/1000] D_Loss: 0.6839 G_Loss: 0.7924
[Epoch 869/1000] [D Loss: 0.68389] [G Loss: 0.79239]
      [Parity: 0.10850] [DTE-D: 0.00911] [DTE-G: 0.09939]
[Epoch 870/1000] [D Loss: 0.68373] [G Loss: 0.79252]
      [Parity: 0.10880] [DTE-D: 0.00927] [DTE-G: 0.09952]
[Epoch 871/1000] [D Loss: 0.68363] [G Loss: 0.79310]
      [Parity: 0.10947] [DTE-D: 0.00937] [DTE-G: 0.10010]
[Epoch 872/1000] [D Loss: 0.68369] [G Loss: 0.79319]
      [Parity: 0.10950] [DTE-D: 0.00931] [DTE-G: 0.10019]
[Epoch 873/1000] [D Loss: 0.68426] [G Loss: 0.79189]
      [Parity: 0.10763] [DTE-D: 0.00874] [DTE-G: 0.09889]
[Epoch 874/1000] [D Loss: 0.68363] [G Loss: 0.79257]
      [Parity: 0.10894] [DTE-D: 0.00937] [DTE-G: 0.09957]
[Epoch 875/1000] [D Loss: 0.68342] [G Loss: 0.79344]
      [Parity: 0.11002] [DTE-D: 0.00958] [DTE-G: 0.10044]
[Epoch 876/1000] [D Loss: 0.68363] [G Loss: 0.79365]
      [Parity: 0.11002] [DTE-D: 0.00937] [DTE-G: 0.10065]
[Epoch 877/1000] [D Loss: 0.68358] [G Loss: 0.79278]
      [Parity: 0.10920] [DTE-D: 0.00942] [DTE-G: 0.09978]
[Epoch 878/1000] [D Loss: 0.68364] [G Loss: 0.79321]
      [Parity: 0.10958] [DTE-D: 0.00936] [DTE-G: 0.10021]
[Epoch 880/1000] D_Loss: 0.6836 G_Loss: 0.7933
[Epoch 879/1000] [D Loss: 0.68359] [G Loss: 0.79331]
      [Parity: 0.10972] [DTE-D: 0.00941] [DTE-G: 0.10031]
[Epoch 880/1000] [D Loss: 0.68370] [G Loss: 0.79353]
      [Parity: 0.10983] [DTE-D: 0.00930] [DTE-G: 0.10053]
[Epoch 881/1000] [D Loss: 0.68402] [G Loss: 0.79238]
      [Parity: 0.10836] [DTE-D: 0.00898] [DTE-G: 0.09938]
[Epoch 882/1000] [D Loss: 0.68385] [G Loss: 0.79279]
      [Parity: 0.10894] [DTE-D: 0.00915] [DTE-G: 0.09979]
[Epoch 883/1000] [D Loss: 0.68424] [G Loss: 0.79258]
      [Parity: 0.10834] [DTE-D: 0.00876] [DTE-G: 0.09958]
[Epoch 884/1000] [D Loss: 0.68365] [G Loss: 0.79345]
      [Parity: 0.10980] [DTE-D: 0.00935] [DTE-G: 0.10045]
[Epoch 885/1000] [D Loss: 0.68389] [G Loss: 0.79228]
      [Parity: 0.10839] [DTE-D: 0.00911] [DTE-G: 0.09928]
[Epoch 886/1000] [D Loss: 0.68350] [G Loss: 0.79369]
      [Parity: 0.11019] [DTE-D: 0.00950] [DTE-G: 0.10069]
[Epoch 887/1000] [D Loss: 0.68357] [G Loss: 0.79331]
      [Parity: 0.10973] [DTE-D: 0.00943] [DTE-G: 0.10031]
[Epoch 888/1000] [D Loss: 0.68408] [G Loss: 0.79219]
      [Parity: 0.10811] [DTE-D: 0.00892] [DTE-G: 0.09919]
[Epoch 890/1000] D_Loss: 0.6835 G_Loss: 0.7931
[Epoch 889/1000] [D Loss: 0.68353] [G Loss: 0.79307]
      [Parity: 0.10954] [DTE-D: 0.00947] [DTE-G: 0.10007]
[Epoch 890/1000] [D Loss: 0.68371] [G Loss: 0.79302]
      [Parity: 0.10931] [DTE-D: 0.00929] [DTE-G: 0.10002]
[Epoch 891/1000] [D Loss: 0.68392] [G Loss: 0.79267]
      [Parity: 0.10875] [DTE-D: 0.00908] [DTE-G: 0.09967]
[Epoch 892/1000] [D Loss: 0.68360] [G Loss: 0.79382]
      [Parity: 0.11022] [DTE-D: 0.00940] [DTE-G: 0.10082]
[Epoch 893/1000] [D Loss: 0.68372] [G Loss: 0.79312]
      [Parity: 0.10940] [DTE-D: 0.00928] [DTE-G: 0.10012]
[Epoch 894/1000] [D Loss: 0.68371] [G Loss: 0.79309]
      [Parity: 0.10938] [DTE-D: 0.00929] [DTE-G: 0.10009]
[Epoch 895/1000] [D Loss: 0.68407] [G Loss: 0.79196]
      [Parity: 0.10790] [DTE-D: 0.00893] [DTE-G: 0.09896]
[Epoch 896/1000] [D Loss: 0.68355] [G Loss: 0.79317]
      [Parity: 0.10962] [DTE-D: 0.00945] [DTE-G: 0.10017]
[Epoch 897/1000] [D Loss: 0.68389] [G Loss: 0.79259]
      [Parity: 0.10871] [DTE-D: 0.00911] [DTE-G: 0.09959]
[Epoch 898/1000] [D Loss: 0.68408] [G Loss: 0.79250]
      [Parity: 0.10842] [DTE-D: 0.00892] [DTE-G: 0.09950]
[Epoch 900/1000] D_Loss: 0.6836 G_Loss: 0.7929
[Epoch 899/1000] [D Loss: 0.68362] [G Loss: 0.79288]
      [Parity: 0.10926] [DTE-D: 0.00938] [DTE-G: 0.09988]
[Epoch 900/1000] [D Loss: 0.68349] [G Loss: 0.79392]
      [Parity: 0.11043] [DTE-D: 0.00951] [DTE-G: 0.10092]
[Epoch 901/1000] [D Loss: 0.68356] [G Loss: 0.79303]
      [Parity: 0.10946] [DTE-D: 0.00944] [DTE-G: 0.10003]
[Epoch 902/1000] [D Loss: 0.68344] [G Loss: 0.79363]
      [Parity: 0.11020] [DTE-D: 0.00956] [DTE-G: 0.10063]
[Epoch 903/1000] [D Loss: 0.68387] [G Loss: 0.79289]
      [Parity: 0.10902] [DTE-D: 0.00913] [DTE-G: 0.09989]
[Epoch 904/1000] [D Loss: 0.68365] [G Loss: 0.79341]
      [Parity: 0.10976] [DTE-D: 0.00935] [DTE-G: 0.10041]
[Epoch 905/1000] [D Loss: 0.68354] [G Loss: 0.79371]
      [Parity: 0.11017] [DTE-D: 0.00946] [DTE-G: 0.10071]
[Epoch 906/1000] [D Loss: 0.68344] [G Loss: 0.79411]
      [Parity: 0.11067] [DTE-D: 0.00956] [DTE-G: 0.10111]
[Epoch 907/1000] [D Loss: 0.68363] [G Loss: 0.79328]
      [Parity: 0.10965] [DTE-D: 0.00937] [DTE-G: 0.10028]
[Epoch 908/1000] [D Loss: 0.68411] [G Loss: 0.79243]
      [Parity: 0.10832] [DTE-D: 0.00889] [DTE-G: 0.09943]
[Epoch 910/1000] D_Loss: 0.6837 G_Loss: 0.7930
[Epoch 909/1000] [D Loss: 0.68374] [G Loss: 0.79299]
      [Parity: 0.10925] [DTE-D: 0.00926] [DTE-G: 0.09999]
[Epoch 910/1000] [D Loss: 0.68371] [G Loss: 0.79348]
      [Parity: 0.10978] [DTE-D: 0.00929] [DTE-G: 0.10048]
[Epoch 911/1000] [D Loss: 0.68389] [G Loss: 0.79312]
      [Parity: 0.10923] [DTE-D: 0.00911] [DTE-G: 0.10012]
[Epoch 912/1000] [D Loss: 0.68389] [G Loss: 0.79272]
      [Parity: 0.10883] [DTE-D: 0.00911] [DTE-G: 0.09972]
[Epoch 913/1000] [D Loss: 0.68349] [G Loss: 0.79329]
      [Parity: 0.10980] [DTE-D: 0.00951] [DTE-G: 0.10029]
[Epoch 914/1000] [D Loss: 0.68373] [G Loss: 0.79305]
      [Parity: 0.10933] [DTE-D: 0.00927] [DTE-G: 0.10005]
[Epoch 915/1000] [D Loss: 0.68375] [G Loss: 0.79351]
      [Parity: 0.10976] [DTE-D: 0.00925] [DTE-G: 0.10051]
[Epoch 916/1000] [D Loss: 0.68375] [G Loss: 0.79290]
      [Parity: 0.10915] [DTE-D: 0.00925] [DTE-G: 0.09990]
[Epoch 917/1000] [D Loss: 0.68341] [G Loss: 0.79417]
      [Parity: 0.11075] [DTE-D: 0.00959] [DTE-G: 0.10117]
[Epoch 918/1000] [D Loss: 0.68374] [G Loss: 0.79279]
      [Parity: 0.10905] [DTE-D: 0.00926] [DTE-G: 0.09979]
[Epoch 920/1000] D_Loss: 0.6841 G_Loss: 0.7925
[Epoch 919/1000] [D Loss: 0.68409] [G Loss: 0.79246]
      [Parity: 0.10837] [DTE-D: 0.00891] [DTE-G: 0.09946]
[Epoch 920/1000] [D Loss: 0.68417] [G Loss: 0.79212]
      [Parity: 0.10795] [DTE-D: 0.00883] [DTE-G: 0.09912]
[Epoch 921/1000] [D Loss: 0.68375] [G Loss: 0.79248]
      [Parity: 0.10873] [DTE-D: 0.00925] [DTE-G: 0.09948]
[Epoch 922/1000] [D Loss: 0.68361] [G Loss: 0.79327]
      [Parity: 0.10967] [DTE-D: 0.00939] [DTE-G: 0.10027]
[Epoch 923/1000] [D Loss: 0.68327] [G Loss: 0.79419]
      [Parity: 0.11092] [DTE-D: 0.00973] [DTE-G: 0.10119]
[Epoch 924/1000] [D Loss: 0.68347] [G Loss: 0.79350]
      [Parity: 0.11003] [DTE-D: 0.00953] [DTE-G: 0.10050]
[Epoch 925/1000] [D Loss: 0.68373] [G Loss: 0.79298]
      [Parity: 0.10925] [DTE-D: 0.00927] [DTE-G: 0.09998]
[Epoch 926/1000] [D Loss: 0.68382] [G Loss: 0.79273]
      [Parity: 0.10891] [DTE-D: 0.00918] [DTE-G: 0.09973]
[Epoch 927/1000] [D Loss: 0.68376] [G Loss: 0.79286]
      [Parity: 0.10910] [DTE-D: 0.00924] [DTE-G: 0.09986]
[Epoch 928/1000] [D Loss: 0.68382] [G Loss: 0.79282]
      [Parity: 0.10900] [DTE-D: 0.00918] [DTE-G: 0.09982]
[Epoch 930/1000] D_Loss: 0.6837 G_Loss: 0.7929
[Epoch 929/1000] [D Loss: 0.68371] [G Loss: 0.79288]
      [Parity: 0.10917] [DTE-D: 0.00929] [DTE-G: 0.09988]
[Epoch 930/1000] [D Loss: 0.68332] [G Loss: 0.79398]
      [Parity: 0.11066] [DTE-D: 0.00968] [DTE-G: 0.10098]
[Epoch 931/1000] [D Loss: 0.68383] [G Loss: 0.79325]
      [Parity: 0.10942] [DTE-D: 0.00917] [DTE-G: 0.10025]
[Epoch 932/1000] [D Loss: 0.68405] [G Loss: 0.79234]
      [Parity: 0.10829] [DTE-D: 0.00895] [DTE-G: 0.09934]
[Epoch 933/1000] [D Loss: 0.68413] [G Loss: 0.79191]
      [Parity: 0.10778] [DTE-D: 0.00887] [DTE-G: 0.09891]
[Epoch 934/1000] [D Loss: 0.68387] [G Loss: 0.79250]
      [Parity: 0.10864] [DTE-D: 0.00913] [DTE-G: 0.09950]
[Epoch 935/1000] [D Loss: 0.68394] [G Loss: 0.79223]
      [Parity: 0.10829] [DTE-D: 0.00906] [DTE-G: 0.09923]
[Epoch 936/1000] [D Loss: 0.68417] [G Loss: 0.79183]
      [Parity: 0.10766] [DTE-D: 0.00883] [DTE-G: 0.09883]
[Epoch 937/1000] [D Loss: 0.68411] [G Loss: 0.79199]
      [Parity: 0.10788] [DTE-D: 0.00889] [DTE-G: 0.09899]
[Epoch 938/1000] [D Loss: 0.68345] [G Loss: 0.79322]
      [Parity: 0.10977] [DTE-D: 0.00955] [DTE-G: 0.10022]
[Epoch 940/1000] D_Loss: 0.6840 G_Loss: 0.7923
[Epoch 939/1000] [D Loss: 0.68402] [G Loss: 0.79233]
      [Parity: 0.10831] [DTE-D: 0.00898] [DTE-G: 0.09933]
[Epoch 940/1000] [D Loss: 0.68410] [G Loss: 0.79198]
      [Parity: 0.10788] [DTE-D: 0.00890] [DTE-G: 0.09898]
[Epoch 941/1000] [D Loss: 0.68367] [G Loss: 0.79281]
      [Parity: 0.10914] [DTE-D: 0.00933] [DTE-G: 0.09981]
[Epoch 942/1000] [D Loss: 0.68394] [G Loss: 0.79266]
      [Parity: 0.10873] [DTE-D: 0.00906] [DTE-G: 0.09966]
[Epoch 943/1000] [D Loss: 0.68375] [G Loss: 0.79264]
      [Parity: 0.10889] [DTE-D: 0.00925] [DTE-G: 0.09964]
[Epoch 944/1000] [D Loss: 0.68351] [G Loss: 0.79329]
      [Parity: 0.10978] [DTE-D: 0.00949] [DTE-G: 0.10029]
[Epoch 945/1000] [D Loss: 0.68381] [G Loss: 0.79287]
      [Parity: 0.10905] [DTE-D: 0.00919] [DTE-G: 0.09987]
[Epoch 946/1000] [D Loss: 0.68396] [G Loss: 0.79211]
      [Parity: 0.10815] [DTE-D: 0.00904] [DTE-G: 0.09911]
[Epoch 947/1000] [D Loss: 0.68399] [G Loss: 0.79245]
      [Parity: 0.10846] [DTE-D: 0.00901] [DTE-G: 0.09945]
[Epoch 948/1000] [D Loss: 0.68381] [G Loss: 0.79260]
      [Parity: 0.10879] [DTE-D: 0.00919] [DTE-G: 0.09960]
[Epoch 950/1000] D_Loss: 0.6838 G_Loss: 0.7934
[Epoch 949/1000] [D Loss: 0.68377] [G Loss: 0.79335]
      [Parity: 0.10958] [DTE-D: 0.00923] [DTE-G: 0.10035]
[Epoch 950/1000] [D Loss: 0.68393] [G Loss: 0.79241]
      [Parity: 0.10849] [DTE-D: 0.00907] [DTE-G: 0.09941]
[Epoch 951/1000] [D Loss: 0.68297] [G Loss: 0.79472]
      [Parity: 0.11175] [DTE-D: 0.01003] [DTE-G: 0.10172]
[Epoch 952/1000] [D Loss: 0.68414] [G Loss: 0.79222]
      [Parity: 0.10808] [DTE-D: 0.00886] [DTE-G: 0.09922]
[Epoch 953/1000] [D Loss: 0.68388] [G Loss: 0.79213]
      [Parity: 0.10825] [DTE-D: 0.00912] [DTE-G: 0.09913]
[Epoch 954/1000] [D Loss: 0.68400] [G Loss: 0.79246]
      [Parity: 0.10846] [DTE-D: 0.00900] [DTE-G: 0.09946]
[Epoch 955/1000] [D Loss: 0.68411] [G Loss: 0.79213]
      [Parity: 0.10802] [DTE-D: 0.00889] [DTE-G: 0.09913]
[Epoch 956/1000] [D Loss: 0.68401] [G Loss: 0.79183]
      [Parity: 0.10782] [DTE-D: 0.00899] [DTE-G: 0.09883]
[Epoch 957/1000] [D Loss: 0.68363] [G Loss: 0.79325]
      [Parity: 0.10962] [DTE-D: 0.00937] [DTE-G: 0.10025]
[Epoch 958/1000] [D Loss: 0.68393] [G Loss: 0.79227]
      [Parity: 0.10834] [DTE-D: 0.00907] [DTE-G: 0.09927]
[Epoch 960/1000] D_Loss: 0.6842 G_Loss: 0.7917
[Epoch 959/1000] [D Loss: 0.68422] [G Loss: 0.79170]
      [Parity: 0.10748] [DTE-D: 0.00878] [DTE-G: 0.09870]
[Epoch 960/1000] [D Loss: 0.68404] [G Loss: 0.79184]
      [Parity: 0.10780] [DTE-D: 0.00896] [DTE-G: 0.09884]
[Epoch 961/1000] [D Loss: 0.68405] [G Loss: 0.79205]
      [Parity: 0.10800] [DTE-D: 0.00895] [DTE-G: 0.09905]
[Epoch 962/1000] [D Loss: 0.68421] [G Loss: 0.79160]
      [Parity: 0.10739] [DTE-D: 0.00879] [DTE-G: 0.09860]
[Epoch 963/1000] [D Loss: 0.68415] [G Loss: 0.79148]
      [Parity: 0.10733] [DTE-D: 0.00885] [DTE-G: 0.09848]
[Epoch 964/1000] [D Loss: 0.68407] [G Loss: 0.79189]
      [Parity: 0.10782] [DTE-D: 0.00893] [DTE-G: 0.09889]
[Epoch 965/1000] [D Loss: 0.68418] [G Loss: 0.79199]
      [Parity: 0.10781] [DTE-D: 0.00882] [DTE-G: 0.09899]
[Epoch 966/1000] [D Loss: 0.68398] [G Loss: 0.79231]
      [Parity: 0.10833] [DTE-D: 0.00902] [DTE-G: 0.09931]
[Epoch 967/1000] [D Loss: 0.68405] [G Loss: 0.79162]
      [Parity: 0.10758] [DTE-D: 0.00895] [DTE-G: 0.09862]
[Epoch 968/1000] [D Loss: 0.68399] [G Loss: 0.79259]
      [Parity: 0.10859] [DTE-D: 0.00901] [DTE-G: 0.09959]
[Epoch 970/1000] D_Loss: 0.6838 G_Loss: 0.7924
[Epoch 969/1000] [D Loss: 0.68378] [G Loss: 0.79244]
      [Parity: 0.10866] [DTE-D: 0.00922] [DTE-G: 0.09944]
[Epoch 970/1000] [D Loss: 0.68419] [G Loss: 0.79211]
      [Parity: 0.10791] [DTE-D: 0.00881] [DTE-G: 0.09911]
[Epoch 971/1000] [D Loss: 0.68418] [G Loss: 0.79175]
      [Parity: 0.10758] [DTE-D: 0.00882] [DTE-G: 0.09875]
[Epoch 972/1000] [D Loss: 0.68440] [G Loss: 0.79110]
      [Parity: 0.10669] [DTE-D: 0.00860] [DTE-G: 0.09810]
[Epoch 973/1000] [D Loss: 0.68434] [G Loss: 0.79099]
      [Parity: 0.10665] [DTE-D: 0.00866] [DTE-G: 0.09799]
[Epoch 974/1000] [D Loss: 0.68424] [G Loss: 0.79126]
      [Parity: 0.10703] [DTE-D: 0.00876] [DTE-G: 0.09826]
[Epoch 975/1000] [D Loss: 0.68387] [G Loss: 0.79242]
      [Parity: 0.10855] [DTE-D: 0.00913] [DTE-G: 0.09942]
[Epoch 976/1000] [D Loss: 0.68436] [G Loss: 0.79130]
      [Parity: 0.10694] [DTE-D: 0.00864] [DTE-G: 0.09830]
[Epoch 977/1000] [D Loss: 0.68456] [G Loss: 0.79054]
      [Parity: 0.10599] [DTE-D: 0.00844] [DTE-G: 0.09754]
[Epoch 978/1000] [D Loss: 0.68452] [G Loss: 0.79062]
      [Parity: 0.10610] [DTE-D: 0.00848] [DTE-G: 0.09762]
[Epoch 980/1000] D_Loss: 0.6839 G_Loss: 0.7918
[Epoch 979/1000] [D Loss: 0.68387] [G Loss: 0.79178]
      [Parity: 0.10791] [DTE-D: 0.00913] [DTE-G: 0.09878]
[Epoch 980/1000] [D Loss: 0.68429] [G Loss: 0.79169]
      [Parity: 0.10740] [DTE-D: 0.00871] [DTE-G: 0.09869]
[Epoch 981/1000] [D Loss: 0.68373] [G Loss: 0.79267]
      [Parity: 0.10894] [DTE-D: 0.00927] [DTE-G: 0.09967]
[Epoch 982/1000] [D Loss: 0.68409] [G Loss: 0.79212]
      [Parity: 0.10803] [DTE-D: 0.00891] [DTE-G: 0.09912]
[Epoch 983/1000] [D Loss: 0.68415] [G Loss: 0.79157]
      [Parity: 0.10742] [DTE-D: 0.00885] [DTE-G: 0.09857]
[Epoch 984/1000] [D Loss: 0.68439] [G Loss: 0.79075]
      [Parity: 0.10636] [DTE-D: 0.00861] [DTE-G: 0.09775]
[Epoch 985/1000] [D Loss: 0.68397] [G Loss: 0.79226]
      [Parity: 0.10829] [DTE-D: 0.00903] [DTE-G: 0.09926]
[Epoch 986/1000] [D Loss: 0.68427] [G Loss: 0.79165]
      [Parity: 0.10738] [DTE-D: 0.00873] [DTE-G: 0.09865]
[Epoch 987/1000] [D Loss: 0.68394] [G Loss: 0.79188]
      [Parity: 0.10794] [DTE-D: 0.00906] [DTE-G: 0.09888]
[Epoch 988/1000] [D Loss: 0.68418] [G Loss: 0.79132]
      [Parity: 0.10715] [DTE-D: 0.00882] [DTE-G: 0.09832]
[Epoch 990/1000] D_Loss: 0.6839 G_Loss: 0.7922
[Epoch 989/1000] [D Loss: 0.68393] [G Loss: 0.79219]
      [Parity: 0.10826] [DTE-D: 0.00907] [DTE-G: 0.09919]
[Epoch 990/1000] [D Loss: 0.68434] [G Loss: 0.79137]
      [Parity: 0.10703] [DTE-D: 0.00866] [DTE-G: 0.09837]
[Epoch 991/1000] [D Loss: 0.68425] [G Loss: 0.79137]
      [Parity: 0.10712] [DTE-D: 0.00875] [DTE-G: 0.09837]
[Epoch 992/1000] [D Loss: 0.68410] [G Loss: 0.79145]
      [Parity: 0.10736] [DTE-D: 0.00890] [DTE-G: 0.09845]
[Epoch 993/1000] [D Loss: 0.68399] [G Loss: 0.79200]
      [Parity: 0.10801] [DTE-D: 0.00901] [DTE-G: 0.09900]
[Epoch 994/1000] [D Loss: 0.68432] [G Loss: 0.79131]
      [Parity: 0.10700] [DTE-D: 0.00868] [DTE-G: 0.09831]
[Epoch 995/1000] [D Loss: 0.68429] [G Loss: 0.79116]
      [Parity: 0.10687] [DTE-D: 0.00871] [DTE-G: 0.09816]
[Epoch 996/1000] [D Loss: 0.68428] [G Loss: 0.79132]
      [Parity: 0.10704] [DTE-D: 0.00872] [DTE-G: 0.09832]
[Epoch 997/1000] [D Loss: 0.68427] [G Loss: 0.79147]
      [Parity: 0.10720] [DTE-D: 0.00873] [DTE-G: 0.09847]
[Epoch 998/1000] [D Loss: 0.68422] [G Loss: 0.79135]
      [Parity: 0.10713] [DTE-D: 0.00878] [DTE-G: 0.09835]
[Epoch 1000/1000] D_Loss: 0.6845 G_Loss: 0.7910
[Epoch 999/1000] [D Loss: 0.68447] [G Loss: 0.79095]
      [Parity: 0.10648] [DTE-D: 0.00853] [DTE-G: 0.09795]
Training finished in 11727.03 seconds.
Final Parity: 0.106483
Model saved. Loss history saved to C:\Users\jebzw\OneDrive\Documents\Github\Training-Bin-Packing\gan\loss_history.json
